-- phpMyAdmin SQL Dump
-- version 5.2.2
-- https://www.phpmyadmin.net/
--
-- Hôte : 127.0.0.1:3306
-- Généré le : lun. 29 juin 2026 à 14:04
-- Version du serveur : 11.8.8-MariaDB-log
-- Version de PHP : 7.2.34

SET SQL_MODE = "NO_AUTO_VALUE_ON_ZERO";
START TRANSACTION;
SET time_zone = "+00:00";


/*!40101 SET @OLD_CHARACTER_SET_CLIENT=@@CHARACTER_SET_CLIENT */;
/*!40101 SET @OLD_CHARACTER_SET_RESULTS=@@CHARACTER_SET_RESULTS */;
/*!40101 SET @OLD_COLLATION_CONNECTION=@@COLLATION_CONNECTION */;
/*!40101 SET NAMES utf8mb4 */;

--
-- Base de données : `u707543112_evictoire`
--

-- --------------------------------------------------------

--
-- Structure de la table `addons`
--

CREATE TABLE `addons` (
  `id` int(11) NOT NULL,
  `product_id` int(11) NOT NULL,
  `image` text NOT NULL,
  `name` varchar(500) DEFAULT NULL,
  `config_name` varchar(200) NOT NULL DEFAULT '',
  `short_name` varchar(100) NOT NULL,
  `directory` varchar(500) NOT NULL,
  `description` text DEFAULT NULL,
  `price` decimal(10,2) NOT NULL DEFAULT 0.00,
  `current_version` varchar(50) DEFAULT NULL,
  `article_link` text NOT NULL,
  `installation_by` int(11) DEFAULT NULL,
  `uninstall_version` varchar(50) DEFAULT NULL,
  `unistall_by` int(11) DEFAULT NULL,
  `addon_prod` text DEFAULT NULL,
  `addon_ver` text DEFAULT NULL,
  `last_update` datetime DEFAULT NULL,
  `current_stage` int(11) NOT NULL DEFAULT 0 COMMENT '0 for buy addon,1 for folder available ready to install,2 for folder addon installed',
  `product_order` int(11) DEFAULT NULL,
  `created_at` timestamp NOT NULL DEFAULT current_timestamp(),
  `updated_at` timestamp NOT NULL DEFAULT current_timestamp() ON UPDATE current_timestamp()
) ENGINE=InnoDB DEFAULT CHARSET=utf8mb3 COLLATE=utf8mb3_uca1400_ai_ci;

--
-- Déchargement des données de la table `addons`
--

INSERT INTO `addons` (`id`, `product_id`, `image`, `name`, `config_name`, `short_name`, `directory`, `description`, `price`, `current_version`, `article_link`, `installation_by`, `uninstall_version`, `unistall_by`, `addon_prod`, `addon_ver`, `last_update`, `current_stage`, `product_order`, `created_at`, `updated_at`) VALUES
(1, 47443722, 'uploads/addon_images/sscbse_images.jpg', 'Smart School CBSE Examination', 'cbse-config', 'sscbse', 'cbse_examination', 'CBSE Examination addon adds CBSE Examination module in Smart School. Using this module teacher/staff can create and print marksheets with advance features.', 0.00, '4.0', 'https://go.smart-school.in/cbse-exam', 1, NULL, NULL, 'P632Q-GKWWW-W2LDL-N6P27', 'TkZMUER1dWdLNmtab1hoVFgrbmJkZkVmdzhOdERGcEtaRmtYWWw1eEl3eDlMMDdwTXpxU2pONnJYR01lQWM0YWg0ck9BVjdRQW5XcUVROUVuZkpTd2c9PTo6WziBR/O6twg2EzkrIk34+w==', '2026-04-29 12:35:43', 0, 4, '2024-09-03 16:04:58', '2026-04-29 12:36:06'),
(2, 44278049, 'uploads/addon_images/sstfa_images.jpg', 'Smart School Two Factor Authentication', 'google-authenticate-config', 'sstfa', 'two_factor_authentication', 'Two Factor Authentication addon adds Two Factor Authentication module in Smart School. Using this module you can enhance login security of your Smart School users.', 0.00, '4.0', 'https://go.smart-school.in/2fa', 1, NULL, NULL, 'RECVW-WU6MW-E95MT-FDLNU', 'YUJpUFU5b2RyOXJwRWVzbW1VNXlhcUFMNnRRdDFrQUY2aWM4TzJlblhweWJZMHR2VUM2QjErYkpka0M3dmlibzo6Wz5mJ2XheKcca/LsAH7pVA==', '2026-04-29 12:40:36', 0, 5, '2024-09-07 10:45:18', '2026-04-29 12:40:48'),
(3, 44277916, 'uploads/addon_images/ssmb_images.jpg', 'Smart School Multi Branch', 'multibranch-config', 'ssmb', 'multi_branch', 'Multi Branch addon adds Multi Branch module in Smart School. Using this module Superadmin user can add other any number of schools/branches.', 0.00, NULL, 'https://go.smart-school.in/multi-branch', NULL, NULL, NULL, NULL, NULL, '2025-01-29 11:16:15', 0, 6, '2024-09-07 10:45:18', '2025-03-03 05:32:20'),
(4, 44247532, 'uploads/addon_images/ssbr_images.jpg', 'Smart School Behaviour Records', 'behaviour-report-config', 'ssbr', 'behavior_records', 'Behaviour Records addon adds Behaviour Records module in Smart School. Using this module teacher/staff can create different incidents with positive/negative marks and then assign these incidents on students.', 0.00, '4.0', 'https://go.smart-school.in/behaviour-records', 1, NULL, NULL, 'NSFM2-C3Q5J-B2A9Q-GW7H6', 'a0lub0Z2NUY5K2IySmpsZnFzbE9USThUT3l0c3pNcGFnVFo1ZTZhaEJJa3ZsVGZEYVZNdTNzcVJ3VER0VHZ6Mzo6o8TnUyZ1yrwBTXRLWQ9HIQ==', '2026-04-29 12:35:03', 0, 7, '2024-09-07 10:45:42', '2026-04-29 12:35:19'),
(5, 33101540, 'uploads/addon_images/ssoclc_images.jpg', 'Smart School Online Course', 'onlinecourse-config', 'ssoclc', 'online_course', 'Online Course addon adds Online Course module in Smart School. Using this module teacher/staff can create free or paid online course with their study material based on video, audio or in document content format.', 0.00, '5.0', 'https://go.smart-school.in/online-course', 1, NULL, NULL, 'BQA9A-9EGB6-V7S84-D4S5A', 'VnZUaUUwK3VTRGxLUzR5bnRXYTBxL0dIQ2s2RGJPMnhaR2M3cHZZbnpPS3E1c2RMbWt4Sys0b1hXb1NPZFlhZldjVFV6M2IvOGhzZXZOdjJkUUhMM2c9PTo63ydxrPQbmA7XATDBg+kMLA==', '2026-04-29 12:37:42', 0, 8, '2024-09-07 10:45:42', '2026-04-29 12:38:23'),
(6, 27492043, 'uploads/addon_images/sszlc_images.jpg', 'Smart School Zoom Live Classes', 'zoom-config', 'sszlc', 'zoom_live_class', 'Zoom Live Class addon adds Zoom Live Class module in Smart School. Using this module teacher/staff can create live online classes using Zoom.us service. Further students can join these classes.', 0.00, '8.0', 'https://go.smart-school.in/zoom', 1, NULL, NULL, '7CGES-GPWFS-7P7CC-7V9JK', 'V1JPTEN4MVAvYlo5NDBOU09uUG9NL0tPdTRZaUhQOFNwcXoyRHoyNHh1VXU4eHZrYTFkeXNsL1NTOFgzZlhrZjo6iKJCf5WjOIllSNuplj224A==', '2026-04-29 12:42:24', 0, 10, '2024-09-07 10:46:10', '2026-04-29 12:42:41'),
(7, 28941973, 'uploads/addon_images/ssglc_images.jpg', 'Smart School Gmeet Live Class', 'gmeet-config', 'ssglc', 'gmeet_live_class', 'Gmeet Live Class addon adds Gmeet Live Class module in Smart School. Using this module teacher/staff can create live online classes using http://meet.google.com service. Further students can join these classes.', 0.00, '7.0', 'https://go.smart-school.in/gmeet', 1, NULL, NULL, 'VMK7M-VPJW8-HLWAW-LWG24', 'bFd2d2sycFVocjJTbnNmRFVEZFU5YWZGalhzRVlnbko3NVk5YWZwYlhtTFJwai82Nmx6UW15UlAzZTlFT3hlUjo6dcSm3ADJ6y6n9ZfC2vqpyw==', '2026-04-29 12:37:26', 0, 9, '2024-09-07 10:46:10', '2026-04-29 12:37:37'),
(8, 50336584, 'uploads/addon_images/ssqra_images.jpg', 'Smart School QR Code Attendance', 'qrattendance-config', 'ssqra', 'qr_code_attendance', 'QR Code Attendance addon adds automated Student/Staff attendance using QR/Barcode module in Smart School. Using this module Student/Staff can submit their attendance by just scanning their ID Card.', 0.00, '3.0', 'https://go.smart-school.in/qr-attendance', 1, NULL, NULL, 'WBFGR-FAYQS-N4MSV-E5TRW', 'djkrcnpmelZ4NjgrN2d0QW5IbmpKVDhiZ2xNRzdMUzF0Q0FKRDJYTlZQSG96NTRkZGx0NUxCT3p3SnVNL3JxcTo64D4USk7FcqIWF+dyMBhPbw==', '2026-04-29 12:32:39', 0, 3, '2025-01-13 13:10:06', '2026-04-29 12:33:29'),
(9, 57220011, 'uploads/addon_images/ssqfc_images.jpg', 'Smart School Quick Fees Create', 'quickfees-config', 'ssqfc', 'quick_fees_create', 'Quick Fees Create addon adds one click fees create feature in Smart School Fees Collection module. Using this you can create and assign fees on students in just few seconds and all Fees Category, Fees Groups, Fees Masters will be create automatically in your Smart School.', 0.00, '2.0', 'https://go.smart-school.in/quick-fees', 1, NULL, NULL, 'AHUCF-KQ6SR-8X2WG-QQ8VM', 'eUREbHBXQ0YvMkFKRnpQQVhVYjdrS1BJRVpuSytSTlN1ckFHOTAvTHAwSlREMVR2TEVvTHExOTdRTmRwc3hCcjo6B/VoB5Rdw9ALD0WhrKPvaQ==', '2026-04-29 12:34:20', 0, 2, '2025-01-13 13:10:06', '2026-04-29 12:34:37'),
(10, 57219905, 'uploads/addon_images/sstpa_images.jpg', 'Smart School Thermal Print', 'thermalprint-config', 'sstpa', 'thermal_print', 'Thermal Print addon adds Thermal Printer compatible small size fees receipt print capability in Smart School. Using this module you can utilize modern cost effective fees receipt printing in Smart School.', 0.00, '2.0', 'https://go.smart-school.in/thermal-print', 1, NULL, NULL, 'VY35P-FLUTY-V6XD3-84HXP', 'SzZraTZKZVcwZldPd0JPRG5oaEJxYm9VUjlNZGVlQ29DN2I4Q0YweU1uWEE0Kzhsd3hqcmxHNU4zYVV6RDd0Nzo6NSYgTYA/Ja30zZhqO97D3g==', '2026-04-29 12:38:41', 0, 1, '2025-01-13 13:10:06', '2026-04-29 12:38:53'),
(11, 61574315, 'uploads/addon_images/sswm_images.jpg', 'Smart School Whatsapp Messaging', 'whatsapp-messaging-config', 'sswm', 'whatsapp_messaging', 'Smart School WhatsApp Messaging addon adds WhatsApp messaging module in Smart School. Using this module you can send notification or direct messages to student/parent/staff WhatsApp number on their mobile.', 0.00, '1.0', 'https://go.smart-school.in/whatsapp-messaging', 1, NULL, NULL, 'ZPNHB-D4KJ8-XY2P3-KN7CD', 'ZU5xQWNUbU9MU0RBT1ZyOTJUT2NtVmJTVzJnejNPbXFHWnJzZ2FJWFNwUS83Q0ZzM1lBYjNSRnNVM0dwYk1DUTo6OBZIjxq8BEbMpkAgqPtpoQ==', '2026-04-29 12:39:41', 0, 0, '2025-01-13 12:10:06', '2026-04-29 12:39:51');

-- --------------------------------------------------------

--
-- Structure de la table `addon_versions`
--

CREATE TABLE `addon_versions` (
  `id` int(11) NOT NULL,
  `addon_id` int(11) DEFAULT NULL,
  `version` varchar(10) DEFAULT NULL,
  `version_order` int(11) DEFAULT NULL,
  `folder_path` text DEFAULT NULL,
  `sort_description` text DEFAULT NULL,
  `created_at` timestamp NOT NULL DEFAULT current_timestamp(),
  `updated_at` timestamp NOT NULL DEFAULT current_timestamp() ON UPDATE current_timestamp()
) ENGINE=InnoDB DEFAULT CHARSET=utf8mb3 COLLATE=utf8mb3_uca1400_ai_ci;

-- --------------------------------------------------------

--
-- Structure de la table `alumni_events`
--

CREATE TABLE `alumni_events` (
  `id` int(11) NOT NULL,
  `title` text NOT NULL,
  `event_for` varchar(100) NOT NULL,
  `session_id` int(11) DEFAULT NULL,
  `class_id` int(11) DEFAULT NULL,
  `section` varchar(255) NOT NULL,
  `from_date` datetime NOT NULL,
  `to_date` datetime NOT NULL,
  `note` text NOT NULL,
  `photo` text CHARACTER SET utf8mb3 COLLATE utf8mb3_general_ci DEFAULT NULL,
  `is_active` int(11) NOT NULL,
  `event_notification_message` text NOT NULL,
  `show_onwebsite` int(11) NOT NULL,
  `created_at` timestamp NOT NULL DEFAULT current_timestamp(),
  `updated_at` timestamp NOT NULL DEFAULT current_timestamp() ON UPDATE current_timestamp()
) ENGINE=InnoDB DEFAULT CHARSET=utf8mb3 COLLATE=utf8mb3_uca1400_ai_ci;

-- --------------------------------------------------------

--
-- Structure de la table `alumni_students`
--

CREATE TABLE `alumni_students` (
  `id` int(11) NOT NULL,
  `student_id` int(11) NOT NULL,
  `current_email` varchar(255) NOT NULL,
  `current_phone` varchar(255) NOT NULL,
  `occupation` text NOT NULL,
  `address` text NOT NULL,
  `photo` text CHARACTER SET utf8mb3 COLLATE utf8mb3_general_ci DEFAULT NULL,
  `created_at` timestamp NOT NULL DEFAULT current_timestamp(),
  `updated_at` timestamp NOT NULL DEFAULT current_timestamp() ON UPDATE current_timestamp()
) ENGINE=InnoDB DEFAULT CHARSET=utf8mb3 COLLATE=utf8mb3_uca1400_ai_ci;

-- --------------------------------------------------------

--
-- Structure de la table `annual_calendar`
--

CREATE TABLE `annual_calendar` (
  `id` int(11) NOT NULL,
  `session_id` int(11) DEFAULT NULL,
  `holiday_type` int(11) NOT NULL,
  `from_date` datetime DEFAULT NULL,
  `to_date` datetime DEFAULT NULL,
  `description` text NOT NULL,
  `is_active` int(11) NOT NULL DEFAULT 1,
  `holiday_color` varchar(200) NOT NULL,
  `front_site` int(11) NOT NULL DEFAULT 0,
  `created_by` int(11) NOT NULL,
  `created_at` timestamp NOT NULL DEFAULT current_timestamp(),
  `updated_at` timestamp NOT NULL DEFAULT current_timestamp() ON UPDATE current_timestamp()
) ENGINE=InnoDB DEFAULT CHARSET=utf8mb3 COLLATE=utf8mb3_uca1400_ai_ci;

-- --------------------------------------------------------

--
-- Structure de la table `api_session`
--

CREATE TABLE `api_session` (
  `id` int(11) NOT NULL,
  `params` text NOT NULL,
  `createdat` timestamp NULL DEFAULT NULL
) ENGINE=InnoDB DEFAULT CHARSET=utf8mb3 COLLATE=utf8mb3_uca1400_ai_ci;

-- --------------------------------------------------------

--
-- Structure de la table `attendence_type`
--

CREATE TABLE `attendence_type` (
  `id` int(11) NOT NULL,
  `type` varchar(50) DEFAULT NULL,
  `key_value` varchar(50) NOT NULL,
  `long_lang_name` varchar(250) DEFAULT NULL,
  `long_name_style` varchar(250) DEFAULT NULL,
  `is_active` varchar(255) DEFAULT 'no',
  `for_qr_attendance` int(11) NOT NULL DEFAULT 1,
  `for_schedule` int(11) NOT NULL DEFAULT 0,
  `created_at` timestamp NOT NULL DEFAULT current_timestamp(),
  `updated_at` timestamp NOT NULL DEFAULT current_timestamp() ON UPDATE current_timestamp()
) ENGINE=InnoDB DEFAULT CHARSET=utf8mb3 COLLATE=utf8mb3_uca1400_ai_ci;

--
-- Déchargement des données de la table `attendence_type`
--

INSERT INTO `attendence_type` (`id`, `type`, `key_value`, `long_lang_name`, `long_name_style`, `is_active`, `for_qr_attendance`, `for_schedule`, `created_at`, `updated_at`) VALUES
(1, 'Present', '<b class=\"text text-success\">P</b>', 'present', 'label label-success', 'yes', 1, 1, '2023-12-13 07:53:10', '0000-00-00 00:00:00'),
(2, 'Late With Excuse', '<b class=\"text text-warning\">E</b>', 'late_with_excuse', 'label label-warning text-dark', 'no', 0, 0, '2023-12-13 07:51:03', '0000-00-00 00:00:00'),
(3, 'Late', '<b class=\"text text-warning\">L</b>', 'late', 'label label-warning text-dark', 'yes', 1, 1, '2023-12-13 07:51:09', '0000-00-00 00:00:00'),
(4, 'Absent', '<b class=\"text text-danger\">A</b>', 'absent', 'label label-danger', 'yes', 0, 0, '2023-12-15 06:18:05', '0000-00-00 00:00:00'),
(5, 'Holiday', 'H', 'holiday', 'label label-info', 'yes', 0, 0, '2023-12-14 12:57:13', '0000-00-00 00:00:00'),
(6, 'Half Day', '<b class=\"text text-warning\">F</b>', 'half_day', 'label label-warning text-dark', 'yes', 1, 1, '2023-12-15 06:18:37', '0000-00-00 00:00:00');

-- --------------------------------------------------------

--
-- Structure de la table `aws_s3_settings`
--

CREATE TABLE `aws_s3_settings` (
  `id` int(11) NOT NULL,
  `api_key` varchar(250) DEFAULT NULL,
  `api_secret` varchar(250) DEFAULT NULL,
  `bucket_name` varchar(250) DEFAULT NULL,
  `region` varchar(250) DEFAULT NULL
) ENGINE=InnoDB DEFAULT CHARSET=utf8mb3 COLLATE=utf8mb3_uca1400_ai_ci;

-- --------------------------------------------------------

--
-- Structure de la table `behaviour_settings`
--

CREATE TABLE `behaviour_settings` (
  `id` int(11) NOT NULL,
  `comment_option` varchar(100) NOT NULL,
  `created_at` timestamp NOT NULL DEFAULT current_timestamp() ON UPDATE current_timestamp()
) ENGINE=InnoDB DEFAULT CHARSET=utf8mb3 COLLATE=utf8mb3_uca1400_ai_ci;

--
-- Déchargement des données de la table `behaviour_settings`
--

INSERT INTO `behaviour_settings` (`id`, `comment_option`, `created_at`) VALUES
(1, '[\"student\",\"parent\"]', '2022-12-31 11:49:38');

-- --------------------------------------------------------

--
-- Structure de la table `books`
--

CREATE TABLE `books` (
  `id` int(11) NOT NULL,
  `book_title` varchar(100) NOT NULL,
  `book_no` varchar(50) NOT NULL,
  `isbn_no` varchar(100) NOT NULL,
  `subject` varchar(100) DEFAULT NULL,
  `rack_no` varchar(100) NOT NULL,
  `publish` varchar(100) DEFAULT NULL,
  `author` varchar(100) DEFAULT NULL,
  `qty` int(11) DEFAULT NULL,
  `perunitcost` decimal(10,2) DEFAULT NULL,
  `postdate` date DEFAULT NULL,
  `description` text DEFAULT NULL,
  `available` varchar(10) DEFAULT 'yes',
  `is_active` varchar(255) DEFAULT 'no',
  `created_at` timestamp NOT NULL DEFAULT current_timestamp(),
  `updated_at` timestamp NOT NULL DEFAULT current_timestamp() ON UPDATE current_timestamp()
) ENGINE=InnoDB DEFAULT CHARSET=utf8mb3 COLLATE=utf8mb3_uca1400_ai_ci;

-- --------------------------------------------------------

--
-- Structure de la table `book_issues`
--

CREATE TABLE `book_issues` (
  `id` int(11) NOT NULL,
  `book_id` int(11) NOT NULL,
  `member_id` int(11) DEFAULT NULL,
  `duereturn_date` date DEFAULT NULL,
  `return_date` date DEFAULT NULL,
  `issue_date` date DEFAULT NULL,
  `is_returned` int(11) DEFAULT 0,
  `is_active` varchar(10) NOT NULL DEFAULT 'no',
  `created_at` timestamp NOT NULL DEFAULT current_timestamp(),
  `updated_at` timestamp NOT NULL DEFAULT current_timestamp() ON UPDATE current_timestamp()
) ENGINE=InnoDB DEFAULT CHARSET=utf8mb3 COLLATE=utf8mb3_uca1400_ai_ci;

-- --------------------------------------------------------

--
-- Structure de la table `captcha`
--

CREATE TABLE `captcha` (
  `id` int(11) NOT NULL,
  `name` varchar(250) NOT NULL,
  `status` int(11) NOT NULL,
  `created_at` timestamp NOT NULL DEFAULT current_timestamp(),
  `updated_at` timestamp NOT NULL DEFAULT current_timestamp() ON UPDATE current_timestamp()
) ENGINE=InnoDB DEFAULT CHARSET=utf8mb3 COLLATE=utf8mb3_uca1400_ai_ci;

--
-- Déchargement des données de la table `captcha`
--

INSERT INTO `captcha` (`id`, `name`, `status`, `created_at`, `updated_at`) VALUES
(1, 'userlogin', 0, '2021-01-19 08:10:29', '2025-12-27 07:45:37'),
(2, 'login', 0, '2021-01-19 08:10:31', '2025-12-27 07:45:37'),
(3, 'admission', 0, '2021-01-19 04:48:11', '2025-12-27 07:45:37'),
(4, 'complain', 0, '2021-01-19 04:48:13', '2025-12-27 07:45:37'),
(5, 'contact_us', 0, '2021-01-19 04:48:15', '2025-12-27 07:45:37'),
(6, 'guest_login_signup', 0, '2022-12-07 07:11:31', '2026-04-29 12:37:41');

-- --------------------------------------------------------

--
-- Structure de la table `categories`
--

CREATE TABLE `categories` (
  `id` int(11) NOT NULL,
  `category` varchar(100) DEFAULT NULL,
  `is_active` varchar(255) DEFAULT 'no',
  `created_at` timestamp NOT NULL DEFAULT current_timestamp(),
  `updated_at` timestamp NOT NULL DEFAULT current_timestamp() ON UPDATE current_timestamp()
) ENGINE=InnoDB DEFAULT CHARSET=utf8mb3 COLLATE=utf8mb3_uca1400_ai_ci;

--
-- Déchargement des données de la table `categories`
--

INSERT INTO `categories` (`id`, `category`, `is_active`, `created_at`, `updated_at`) VALUES
(1, 'Générale', 'no', '2026-04-29 14:29:19', '2026-04-29 14:29:19'),
(2, 'Enfants du personnel', 'no', '2026-04-29 14:29:31', '2026-04-29 14:29:31'),
(3, 'Cas Sociaux', 'no', '2026-04-29 14:29:46', '2026-04-29 14:29:46');

-- --------------------------------------------------------

--
-- Structure de la table `cbse_category`
--

CREATE TABLE `cbse_category` (
  `id` int(11) NOT NULL,
  `name` varchar(255) NOT NULL,
  `created_at` timestamp NOT NULL DEFAULT current_timestamp()
) ENGINE=InnoDB DEFAULT CHARSET=utf8mb3 COLLATE=utf8mb3_uca1400_ai_ci;

-- --------------------------------------------------------

--
-- Structure de la table `cbse_exams`
--

CREATE TABLE `cbse_exams` (
  `id` int(11) NOT NULL,
  `total_working_days` int(11) DEFAULT 0,
  `cbse_term_id` int(11) DEFAULT NULL,
  `cbse_exam_assessment_id` int(11) DEFAULT NULL,
  `cbse_exam_grade_id` int(11) DEFAULT NULL,
  `name` varchar(255) NOT NULL,
  `exam_code` varchar(200) DEFAULT NULL,
  `session_id` int(11) NOT NULL,
  `description` mediumtext NOT NULL,
  `is_publish` int(1) NOT NULL,
  `is_active` int(1) NOT NULL,
  `created_by` int(11) DEFAULT NULL,
  `use_exam_roll_no` int(1) NOT NULL DEFAULT 0,
  `cbse_category_id` int(11) NOT NULL DEFAULT 0,
  `created_at` timestamp NOT NULL DEFAULT current_timestamp()
) ENGINE=InnoDB DEFAULT CHARSET=utf8mb3 COLLATE=utf8mb3_uca1400_ai_ci;

-- --------------------------------------------------------

--
-- Structure de la table `cbse_exam_assessments`
--

CREATE TABLE `cbse_exam_assessments` (
  `id` int(11) NOT NULL,
  `name` varchar(255) NOT NULL,
  `description` mediumtext NOT NULL
) ENGINE=InnoDB DEFAULT CHARSET=utf8mb3 COLLATE=utf8mb3_uca1400_ai_ci;

-- --------------------------------------------------------

--
-- Structure de la table `cbse_exam_assessment_types`
--

CREATE TABLE `cbse_exam_assessment_types` (
  `id` int(11) NOT NULL,
  `cbse_exam_assessment_id` int(11) NOT NULL,
  `name` varchar(255) NOT NULL,
  `code` varchar(100) NOT NULL,
  `maximum_marks` float NOT NULL,
  `pass_percentage` float NOT NULL,
  `description` mediumtext NOT NULL,
  `created_by` int(11) DEFAULT NULL,
  `created_at` timestamp NOT NULL DEFAULT current_timestamp() ON UPDATE current_timestamp()
) ENGINE=InnoDB DEFAULT CHARSET=utf8mb3 COLLATE=utf8mb3_uca1400_ai_ci;

-- --------------------------------------------------------

--
-- Structure de la table `cbse_exam_class_sections`
--

CREATE TABLE `cbse_exam_class_sections` (
  `id` int(11) NOT NULL,
  `cbse_exam_id` int(11) NOT NULL,
  `class_section_id` int(11) NOT NULL,
  `created_at` timestamp NOT NULL DEFAULT current_timestamp() ON UPDATE current_timestamp()
) ENGINE=InnoDB DEFAULT CHARSET=utf8mb3 COLLATE=utf8mb3_uca1400_ai_ci;

-- --------------------------------------------------------

--
-- Structure de la table `cbse_exam_grades`
--

CREATE TABLE `cbse_exam_grades` (
  `id` int(11) NOT NULL,
  `name` varchar(255) NOT NULL,
  `description` mediumtext NOT NULL,
  `created_at` timestamp NOT NULL DEFAULT current_timestamp() ON UPDATE current_timestamp()
) ENGINE=InnoDB DEFAULT CHARSET=utf8mb3 COLLATE=utf8mb3_uca1400_ai_ci;

-- --------------------------------------------------------

--
-- Structure de la table `cbse_exam_grades_range`
--

CREATE TABLE `cbse_exam_grades_range` (
  `id` int(11) NOT NULL,
  `cbse_exam_grade_id` int(11) DEFAULT NULL,
  `name` varchar(255) NOT NULL,
  `minimum_percentage` float NOT NULL,
  `maximum_percentage` float NOT NULL,
  `description` mediumtext NOT NULL,
  `created_by` int(11) DEFAULT NULL,
  `created_at` timestamp NOT NULL DEFAULT current_timestamp() ON UPDATE current_timestamp()
) ENGINE=InnoDB DEFAULT CHARSET=utf8mb3 COLLATE=utf8mb3_uca1400_ai_ci;

-- --------------------------------------------------------

--
-- Structure de la table `cbse_exam_observations`
--

CREATE TABLE `cbse_exam_observations` (
  `id` int(11) NOT NULL,
  `name` varchar(200) DEFAULT NULL,
  `description` text DEFAULT NULL,
  `created_at` timestamp NOT NULL DEFAULT current_timestamp() ON UPDATE current_timestamp()
) ENGINE=InnoDB DEFAULT CHARSET=utf8mb3 COLLATE=utf8mb3_uca1400_ai_ci;

-- --------------------------------------------------------

--
-- Structure de la table `cbse_exam_students`
--

CREATE TABLE `cbse_exam_students` (
  `id` int(11) NOT NULL,
  `cbse_exam_id` int(11) NOT NULL,
  `student_session_id` int(11) NOT NULL,
  `staff_id` int(11) DEFAULT NULL,
  `roll_no` varchar(20) DEFAULT NULL,
  `remark` text DEFAULT NULL,
  `total_present_days` int(11) DEFAULT NULL,
  `delete_student_id` int(11) NOT NULL,
  `created_at` timestamp NOT NULL DEFAULT current_timestamp()
) ENGINE=InnoDB DEFAULT CHARSET=utf8mb3 COLLATE=utf8mb3_uca1400_ai_ci;

-- --------------------------------------------------------

--
-- Structure de la table `cbse_exam_student_subject_rank`
--

CREATE TABLE `cbse_exam_student_subject_rank` (
  `id` int(11) NOT NULL,
  `cbse_template_id` int(11) DEFAULT NULL,
  `student_session_id` int(11) DEFAULT NULL,
  `subject_id` int(11) DEFAULT NULL,
  `rank` int(11) DEFAULT NULL,
  `rank_percentage` float(10,2) DEFAULT NULL,
  `created_at` timestamp NOT NULL DEFAULT current_timestamp() ON UPDATE current_timestamp()
) ENGINE=InnoDB DEFAULT CHARSET=utf8mb3 COLLATE=utf8mb3_uca1400_ai_ci;

-- --------------------------------------------------------

--
-- Structure de la table `cbse_exam_timetable`
--

CREATE TABLE `cbse_exam_timetable` (
  `id` int(11) NOT NULL,
  `cbse_exam_id` int(11) DEFAULT NULL,
  `subject_id` int(11) DEFAULT NULL,
  `date` date NOT NULL,
  `time_from` time NOT NULL,
  `time_to` time NOT NULL,
  `duration` int(11) NOT NULL,
  `room_no` varchar(255) NOT NULL,
  `is_written` int(1) NOT NULL DEFAULT 1,
  `written_maximum_marks` float NOT NULL,
  `is_practical` int(1) NOT NULL,
  `practical_maximum_mark` float DEFAULT NULL,
  `created_by` int(11) DEFAULT NULL,
  `created_at` timestamp NOT NULL DEFAULT current_timestamp() ON UPDATE current_timestamp()
) ENGINE=InnoDB DEFAULT CHARSET=utf8mb3 COLLATE=utf8mb3_uca1400_ai_ci;

-- --------------------------------------------------------

--
-- Structure de la table `cbse_exam_timetable_assessment_types`
--

CREATE TABLE `cbse_exam_timetable_assessment_types` (
  `id` int(11) NOT NULL,
  `cbse_exam_timetable_id` int(11) DEFAULT NULL,
  `cbse_exam_assessment_type_id` int(11) DEFAULT NULL,
  `created_at` timestamp NOT NULL DEFAULT current_timestamp() ON UPDATE current_timestamp()
) ENGINE=InnoDB DEFAULT CHARSET=utf8mb3 COLLATE=utf8mb3_uca1400_ai_ci;

-- --------------------------------------------------------

--
-- Structure de la table `cbse_marksheet_type`
--

CREATE TABLE `cbse_marksheet_type` (
  `id` int(11) NOT NULL,
  `name` varchar(255) NOT NULL,
  `short_code` varchar(255) NOT NULL
) ENGINE=InnoDB DEFAULT CHARSET=utf8mb3 COLLATE=utf8mb3_uca1400_ai_ci;

--
-- Déchargement des données de la table `cbse_marksheet_type`
--

INSERT INTO `cbse_marksheet_type` (`id`, `name`, `short_code`) VALUES
(1, 'All Terms', 'all_term'),
(2, 'Term Wise', 'term_wise'),
(3, 'Single Exam Without Term', 'exam_wise'),
(4, 'Multiple Exams Without Term', 'without_term');

-- --------------------------------------------------------

--
-- Structure de la table `cbse_observation_class_section`
--

CREATE TABLE `cbse_observation_class_section` (
  `id` int(11) NOT NULL,
  `cbse_observation_parameter_id` int(11) NOT NULL,
  `class_section_id` int(11) NOT NULL,
  `created_at` timestamp NOT NULL DEFAULT current_timestamp() ON UPDATE current_timestamp()
) ENGINE=InnoDB DEFAULT CHARSET=utf8mb3 COLLATE=utf8mb3_uca1400_ai_ci;

-- --------------------------------------------------------

--
-- Structure de la table `cbse_observation_parameters`
--

CREATE TABLE `cbse_observation_parameters` (
  `id` int(11) NOT NULL,
  `name` varchar(255) NOT NULL,
  `description` mediumtext NOT NULL,
  `created_at` timestamp NOT NULL DEFAULT current_timestamp() ON UPDATE current_timestamp()
) ENGINE=InnoDB DEFAULT CHARSET=utf8mb3 COLLATE=utf8mb3_uca1400_ai_ci;

-- --------------------------------------------------------

--
-- Structure de la table `cbse_observation_subparameter`
--

CREATE TABLE `cbse_observation_subparameter` (
  `id` int(11) NOT NULL,
  `cbse_exam_observation_id` int(11) NOT NULL,
  `cbse_observation_parameter_id` int(11) NOT NULL,
  `maximum_marks` float NOT NULL,
  `description` mediumtext DEFAULT NULL,
  `created_by` int(11) DEFAULT NULL,
  `created_at` timestamp NOT NULL DEFAULT current_timestamp() ON UPDATE current_timestamp()
) ENGINE=InnoDB DEFAULT CHARSET=utf8mb3 COLLATE=utf8mb3_uca1400_ai_ci;

-- --------------------------------------------------------

--
-- Structure de la table `cbse_observation_terms`
--

CREATE TABLE `cbse_observation_terms` (
  `id` int(11) NOT NULL,
  `cbse_exam_observation_id` int(11) NOT NULL,
  `cbse_term_id` int(11) NOT NULL,
  `session_id` int(11) NOT NULL,
  `description` text DEFAULT NULL
) ENGINE=InnoDB DEFAULT CHARSET=utf8mb3 COLLATE=utf8mb3_uca1400_ai_ci;

-- --------------------------------------------------------

--
-- Structure de la table `cbse_observation_term_student_subparameter`
--

CREATE TABLE `cbse_observation_term_student_subparameter` (
  `id` int(11) NOT NULL,
  `cbse_ovservation_term_id` int(11) DEFAULT NULL,
  `cbse_observation_subparameter_id` int(11) DEFAULT NULL,
  `student_session_id` int(11) DEFAULT NULL,
  `obtain_marks` float(10,2) NOT NULL,
  `created_at` timestamp NOT NULL DEFAULT current_timestamp()
) ENGINE=InnoDB DEFAULT CHARSET=utf8mb3 COLLATE=utf8mb3_uca1400_ai_ci;

-- --------------------------------------------------------

--
-- Structure de la table `cbse_student_exam_ranks`
--

CREATE TABLE `cbse_student_exam_ranks` (
  `id` int(11) NOT NULL,
  `cbse_exam_id` int(11) NOT NULL,
  `student_session_id` int(11) DEFAULT NULL,
  `rank` int(11) DEFAULT NULL,
  `rank_percentage` int(11) DEFAULT NULL,
  `created_at` timestamp NOT NULL DEFAULT current_timestamp() ON UPDATE current_timestamp()
) ENGINE=InnoDB DEFAULT CHARSET=utf8mb3 COLLATE=utf8mb3_uca1400_ai_ci;

-- --------------------------------------------------------

--
-- Structure de la table `cbse_student_subject_marks`
--

CREATE TABLE `cbse_student_subject_marks` (
  `id` int(11) NOT NULL,
  `cbse_exam_timetable_assessment_type_id` int(11) NOT NULL,
  `cbse_exam_timetable_id` int(11) DEFAULT NULL,
  `cbse_exam_student_id` int(11) DEFAULT NULL,
  `cbse_exam_assessment_type_id` int(11) DEFAULT NULL,
  `is_absent` int(1) NOT NULL DEFAULT 0,
  `marks` float(10,2) DEFAULT 0.00,
  `note` text DEFAULT NULL,
  `created_at` timestamp NOT NULL DEFAULT current_timestamp() ON UPDATE current_timestamp()
) ENGINE=InnoDB DEFAULT CHARSET=utf8mb3 COLLATE=utf8mb3_uca1400_ai_ci;

-- --------------------------------------------------------

--
-- Structure de la table `cbse_student_subject_result`
--

CREATE TABLE `cbse_student_subject_result` (
  `id` int(11) NOT NULL,
  `cbse_exam_timetable_id` int(11) DEFAULT NULL,
  `cbse_exam_student_id` int(11) DEFAULT NULL,
  `note` text NOT NULL
) ENGINE=InnoDB DEFAULT CHARSET=utf8mb3 COLLATE=utf8mb3_uca1400_ai_ci;

-- --------------------------------------------------------

--
-- Structure de la table `cbse_student_template_rank`
--

CREATE TABLE `cbse_student_template_rank` (
  `id` int(11) NOT NULL,
  `cbse_template_id` int(11) DEFAULT NULL,
  `student_session_id` int(11) DEFAULT NULL,
  `rank` int(20) DEFAULT NULL,
  `rank_percentage` float(10,2) DEFAULT NULL,
  `created_at` timestamp NOT NULL DEFAULT current_timestamp() ON UPDATE current_timestamp()
) ENGINE=InnoDB DEFAULT CHARSET=utf8mb3 COLLATE=utf8mb3_uca1400_ai_ci;

-- --------------------------------------------------------

--
-- Structure de la table `cbse_template`
--

CREATE TABLE `cbse_template` (
  `id` int(11) NOT NULL,
  `name` varchar(200) DEFAULT NULL,
  `orientation` varchar(1) NOT NULL DEFAULT 'P',
  `description` varchar(255) NOT NULL,
  `gradeexam_id` int(11) DEFAULT NULL,
  `remarkexam_id` int(11) DEFAULT NULL,
  `subjectnoteexam_id` int(11) NOT NULL,
  `is_weightage` varchar(10) NOT NULL,
  `marksheet_type` varchar(50) NOT NULL,
  `created_by` int(11) NOT NULL,
  `header_image` varbinary(500) DEFAULT NULL,
  `title` text DEFAULT NULL,
  `left_logo` varchar(200) DEFAULT NULL,
  `right_logo` varchar(200) DEFAULT NULL,
  `exam_name` varchar(200) DEFAULT NULL,
  `school_name` varchar(200) DEFAULT NULL,
  `exam_center` varchar(200) DEFAULT NULL,
  `session_id` int(11) NOT NULL,
  `left_sign` varchar(200) DEFAULT NULL,
  `middle_sign` varchar(200) DEFAULT NULL,
  `right_sign` varchar(200) DEFAULT NULL,
  `background_img` varchar(200) DEFAULT NULL,
  `content` text DEFAULT NULL,
  `content_footer` text DEFAULT NULL,
  `date` date DEFAULT NULL,
  `is_name` int(1) DEFAULT 1,
  `is_father_name` int(1) DEFAULT 1,
  `is_mother_name` int(1) DEFAULT 1,
  `exam_session` int(1) DEFAULT 1,
  `is_admission_no` int(1) DEFAULT 1,
  `is_division` int(1) NOT NULL DEFAULT 1,
  `is_roll_no` int(1) DEFAULT 1,
  `is_photo` int(1) DEFAULT 1,
  `is_class` int(1) NOT NULL DEFAULT 0,
  `is_section` int(1) NOT NULL DEFAULT 0,
  `is_dob` int(1) DEFAULT 1,
  `is_remark` int(1) NOT NULL DEFAULT 1,
  `is_subject_note` int(11) NOT NULL DEFAULT 1
) ENGINE=InnoDB DEFAULT CHARSET=utf8mb3 COLLATE=utf8mb3_uca1400_ai_ci;

-- --------------------------------------------------------

--
-- Structure de la table `cbse_template_admitcards`
--

CREATE TABLE `cbse_template_admitcards` (
  `id` int(11) NOT NULL,
  `template` varchar(250) DEFAULT NULL,
  `heading` text DEFAULT NULL,
  `title` text DEFAULT NULL,
  `left_logo` varchar(200) DEFAULT NULL,
  `right_logo` varchar(200) DEFAULT NULL,
  `exam_name` varchar(200) DEFAULT NULL,
  `school_name` varchar(200) DEFAULT NULL,
  `exam_center` varchar(200) DEFAULT NULL,
  `sign` varchar(200) DEFAULT NULL,
  `background_img` varchar(200) DEFAULT NULL,
  `is_name` int(11) NOT NULL DEFAULT 1,
  `is_father_name` int(11) NOT NULL DEFAULT 1,
  `is_mother_name` int(11) NOT NULL DEFAULT 1,
  `is_dob` int(11) NOT NULL DEFAULT 1,
  `is_admission_no` int(11) NOT NULL DEFAULT 1,
  `is_roll_no` int(11) NOT NULL DEFAULT 1,
  `is_address` int(11) NOT NULL DEFAULT 1,
  `is_gender` int(11) NOT NULL DEFAULT 1,
  `is_photo` int(11) NOT NULL,
  `is_class` int(11) NOT NULL DEFAULT 0,
  `is_section` int(11) NOT NULL DEFAULT 0,
  `is_active` int(11) DEFAULT 0,
  `content_footer` text DEFAULT NULL,
  `created_at` timestamp NOT NULL DEFAULT current_timestamp(),
  `updated_at` timestamp NOT NULL DEFAULT current_timestamp() ON UPDATE current_timestamp()
) ENGINE=InnoDB DEFAULT CHARSET=utf8mb3 COLLATE=utf8mb3_uca1400_ai_ci;

-- --------------------------------------------------------

--
-- Structure de la table `cbse_template_class_sections`
--

CREATE TABLE `cbse_template_class_sections` (
  `id` int(11) NOT NULL,
  `cbse_template_id` int(11) NOT NULL,
  `class_section_id` int(11) NOT NULL,
  `created_at` timestamp NOT NULL DEFAULT current_timestamp()
) ENGINE=InnoDB DEFAULT CHARSET=utf8mb3 COLLATE=utf8mb3_uca1400_ai_ci;

-- --------------------------------------------------------

--
-- Structure de la table `cbse_template_terms`
--

CREATE TABLE `cbse_template_terms` (
  `id` int(11) NOT NULL,
  `cbse_template_id` int(11) NOT NULL,
  `cbse_term_id` int(11) NOT NULL,
  `weightage` float NOT NULL,
  `created_at` timestamp NOT NULL DEFAULT current_timestamp()
) ENGINE=InnoDB DEFAULT CHARSET=utf8mb3 COLLATE=utf8mb3_uca1400_ai_ci;

-- --------------------------------------------------------

--
-- Structure de la table `cbse_template_term_exams`
--

CREATE TABLE `cbse_template_term_exams` (
  `id` int(11) NOT NULL,
  `cbse_template_term_id` int(11) DEFAULT NULL,
  `cbse_exam_id` int(11) NOT NULL,
  `cbse_template_id` int(11) NOT NULL,
  `weightage` float NOT NULL DEFAULT 100,
  `created_at` timestamp NOT NULL DEFAULT current_timestamp()
) ENGINE=InnoDB DEFAULT CHARSET=utf8mb3 COLLATE=utf8mb3_uca1400_ai_ci;

-- --------------------------------------------------------

--
-- Structure de la table `cbse_terms`
--

CREATE TABLE `cbse_terms` (
  `id` int(11) NOT NULL,
  `name` varchar(255) NOT NULL,
  `term_code` varchar(100) NOT NULL,
  `description` mediumtext NOT NULL,
  `created_by` int(11) DEFAULT NULL,
  `created_at` timestamp NOT NULL DEFAULT current_timestamp() ON UPDATE current_timestamp()
) ENGINE=InnoDB DEFAULT CHARSET=utf8mb3 COLLATE=utf8mb3_uca1400_ai_ci;

-- --------------------------------------------------------

--
-- Structure de la table `certificates`
--

CREATE TABLE `certificates` (
  `id` int(11) NOT NULL,
  `certificate_name` varchar(100) NOT NULL,
  `certificate_text` text NOT NULL,
  `left_header` varchar(100) NOT NULL,
  `center_header` varchar(100) NOT NULL,
  `right_header` varchar(100) NOT NULL,
  `left_footer` varchar(100) NOT NULL,
  `right_footer` varchar(100) NOT NULL,
  `center_footer` varchar(100) NOT NULL,
  `background_image` text CHARACTER SET utf8mb3 COLLATE utf8mb3_general_ci DEFAULT NULL,
  `created_for` tinyint(1) NOT NULL COMMENT '1 = staff, 2 = students',
  `status` tinyint(1) NOT NULL,
  `header_height` int(11) NOT NULL,
  `content_height` int(11) NOT NULL,
  `footer_height` int(11) NOT NULL,
  `content_width` int(11) NOT NULL,
  `enable_student_image` tinyint(1) NOT NULL COMMENT '0=no,1=yes',
  `enable_image_height` int(11) NOT NULL,
  `created_at` timestamp NOT NULL DEFAULT current_timestamp(),
  `updated_at` timestamp NOT NULL DEFAULT current_timestamp() ON UPDATE current_timestamp()
) ENGINE=InnoDB DEFAULT CHARSET=utf8mb3 COLLATE=utf8mb3_uca1400_ai_ci;

--
-- Déchargement des données de la table `certificates`
--

INSERT INTO `certificates` (`id`, `certificate_name`, `certificate_text`, `left_header`, `center_header`, `right_header`, `left_footer`, `right_footer`, `center_footer`, `background_image`, `created_for`, `status`, `header_height`, `content_height`, `footer_height`, `content_width`, `enable_student_image`, `enable_image_height`, `created_at`, `updated_at`) VALUES
(1, 'Sample Transfer Certificate', 'This is certify that <b>[name]</b> has born on [dob]  <br> and have following details [present_address] [guardian] [created_at] [admission_no] [roll_no] [class] [section] [gender] [admission_date] [category] [cast] [father_name] [mother_name] [religion] [email] [phone] .<br>We wish best of luck for future endeavors.', 'Reff. No.....1111111.........', 'To Whomever It May Concern', 'Date: _10__/_10__/__2019__', '.................................<br>admin', '.................................<br>principal', '.................................<br>admin', 'sampletc121.png', 2, 1, 360, 400, 480, 810, 1, 230, '2019-12-21 15:14:34', '0000-00-00 00:00:00');

-- --------------------------------------------------------

--
-- Structure de la table `chat_connections`
--

CREATE TABLE `chat_connections` (
  `id` int(11) NOT NULL,
  `chat_user_one` int(11) NOT NULL,
  `chat_user_two` int(11) NOT NULL,
  `ip` varchar(30) DEFAULT NULL,
  `time` int(11) DEFAULT NULL,
  `created_at` timestamp NOT NULL DEFAULT current_timestamp(),
  `updated_at` timestamp NOT NULL DEFAULT current_timestamp() ON UPDATE current_timestamp()
) ENGINE=InnoDB DEFAULT CHARSET=utf8mb3 COLLATE=utf8mb3_uca1400_ai_ci;

-- --------------------------------------------------------

--
-- Structure de la table `chat_messages`
--

CREATE TABLE `chat_messages` (
  `id` int(11) NOT NULL,
  `message` text DEFAULT NULL,
  `chat_user_id` int(11) NOT NULL,
  `ip` varchar(30) NOT NULL,
  `time` int(11) NOT NULL,
  `is_first` int(11) DEFAULT 0,
  `is_read` int(11) NOT NULL DEFAULT 0,
  `chat_connection_id` int(11) NOT NULL,
  `created_at` datetime DEFAULT NULL,
  `updated_at` timestamp NOT NULL DEFAULT current_timestamp() ON UPDATE current_timestamp()
) ENGINE=InnoDB DEFAULT CHARSET=utf8mb3 COLLATE=utf8mb3_uca1400_ai_ci;

-- --------------------------------------------------------

--
-- Structure de la table `chat_users`
--

CREATE TABLE `chat_users` (
  `id` int(11) NOT NULL,
  `user_type` varchar(20) DEFAULT NULL,
  `staff_id` int(11) DEFAULT NULL,
  `student_id` int(11) DEFAULT NULL,
  `create_staff_id` int(11) DEFAULT NULL,
  `create_student_id` int(11) DEFAULT NULL,
  `is_active` int(11) DEFAULT 0,
  `created_at` timestamp NOT NULL DEFAULT current_timestamp(),
  `updated_at` timestamp NOT NULL DEFAULT current_timestamp() ON UPDATE current_timestamp()
) ENGINE=InnoDB DEFAULT CHARSET=utf8mb3 COLLATE=utf8mb3_uca1400_ai_ci;

--
-- Déchargement des données de la table `chat_users`
--

INSERT INTO `chat_users` (`id`, `user_type`, `staff_id`, `student_id`, `create_staff_id`, `create_student_id`, `is_active`, `created_at`, `updated_at`) VALUES
(1, 'staff', 1, NULL, NULL, NULL, 1, '2026-05-01 18:03:54', '2026-05-01 18:03:54'),
(2, 'student', NULL, 71, NULL, NULL, 1, '2026-05-01 18:03:54', '2026-05-01 18:03:54'),
(3, 'parent', NULL, 71, NULL, NULL, 1, '2026-05-01 18:03:54', '2026-05-01 18:03:54'),
(4, 'student', NULL, 56, NULL, NULL, 1, '2026-05-01 18:03:54', '2026-05-01 18:03:54'),
(5, 'parent', NULL, 56, NULL, NULL, 1, '2026-05-01 18:03:54', '2026-05-01 18:03:54'),
(6, 'student', NULL, 57, NULL, NULL, 1, '2026-05-01 18:03:54', '2026-05-01 18:03:54'),
(7, 'parent', NULL, 57, NULL, NULL, 1, '2026-05-01 18:03:54', '2026-05-01 18:03:54'),
(8, 'student', NULL, 58, NULL, NULL, 1, '2026-05-01 18:03:54', '2026-05-01 18:03:54'),
(9, 'parent', NULL, 58, NULL, NULL, 1, '2026-05-01 18:03:54', '2026-05-01 18:03:54'),
(10, 'student', NULL, 59, NULL, NULL, 1, '2026-05-01 18:03:54', '2026-05-01 18:03:54'),
(11, 'parent', NULL, 59, NULL, NULL, 1, '2026-05-01 18:03:54', '2026-05-01 18:03:54'),
(12, 'student', NULL, 72, NULL, NULL, 1, '2026-05-01 18:03:54', '2026-05-01 18:03:54'),
(13, 'parent', NULL, 72, NULL, NULL, 1, '2026-05-01 18:03:54', '2026-05-01 18:03:54'),
(14, 'student', NULL, 73, NULL, NULL, 1, '2026-05-01 18:03:54', '2026-05-01 18:03:54'),
(15, 'parent', NULL, 73, NULL, NULL, 1, '2026-05-01 18:03:54', '2026-05-01 18:03:54'),
(16, 'student', NULL, 60, NULL, NULL, 1, '2026-05-01 18:03:54', '2026-05-01 18:03:54'),
(17, 'parent', NULL, 60, NULL, NULL, 1, '2026-05-01 18:03:54', '2026-05-01 18:03:54'),
(18, 'student', NULL, 61, NULL, NULL, 1, '2026-05-01 18:03:54', '2026-05-01 18:03:54'),
(19, 'parent', NULL, 61, NULL, NULL, 1, '2026-05-01 18:03:54', '2026-05-01 18:03:54'),
(20, 'student', NULL, 74, NULL, NULL, 1, '2026-05-01 18:03:54', '2026-05-01 18:03:54'),
(21, 'parent', NULL, 74, NULL, NULL, 1, '2026-05-01 18:03:54', '2026-05-01 18:03:54'),
(22, 'student', NULL, 62, NULL, NULL, 1, '2026-05-01 18:03:54', '2026-05-01 18:03:54'),
(23, 'parent', NULL, 62, NULL, NULL, 1, '2026-05-01 18:03:54', '2026-05-01 18:03:54'),
(24, 'student', NULL, 63, NULL, NULL, 1, '2026-05-01 18:03:54', '2026-05-01 18:03:54'),
(25, 'parent', NULL, 63, NULL, NULL, 1, '2026-05-01 18:03:54', '2026-05-01 18:03:54'),
(26, 'student', NULL, 64, NULL, NULL, 1, '2026-05-01 18:03:54', '2026-05-01 18:03:54'),
(27, 'parent', NULL, 64, NULL, NULL, 1, '2026-05-01 18:03:54', '2026-05-01 18:03:54'),
(28, 'student', NULL, 75, NULL, NULL, 1, '2026-05-01 18:03:54', '2026-05-01 18:03:54'),
(29, 'parent', NULL, 75, NULL, NULL, 1, '2026-05-01 18:03:54', '2026-05-01 18:03:54'),
(30, 'student', NULL, 65, NULL, NULL, 1, '2026-05-01 18:03:54', '2026-05-01 18:03:54'),
(31, 'parent', NULL, 65, NULL, NULL, 1, '2026-05-01 18:03:54', '2026-05-01 18:03:54'),
(32, 'student', NULL, 76, NULL, NULL, 1, '2026-05-01 18:03:54', '2026-05-01 18:03:54'),
(33, 'parent', NULL, 76, NULL, NULL, 1, '2026-05-01 18:03:54', '2026-05-01 18:03:54'),
(34, 'student', NULL, 77, NULL, NULL, 1, '2026-05-01 18:03:54', '2026-05-01 18:03:54'),
(35, 'parent', NULL, 77, NULL, NULL, 1, '2026-05-01 18:03:54', '2026-05-01 18:03:54'),
(36, 'student', NULL, 66, NULL, NULL, 1, '2026-05-01 18:03:54', '2026-05-01 18:03:54'),
(37, 'parent', NULL, 66, NULL, NULL, 1, '2026-05-01 18:03:54', '2026-05-01 18:03:54'),
(38, 'student', NULL, 78, NULL, NULL, 1, '2026-05-01 18:03:54', '2026-05-01 18:03:54'),
(39, 'parent', NULL, 78, NULL, NULL, 1, '2026-05-01 18:03:54', '2026-05-01 18:03:54'),
(40, 'student', NULL, 67, NULL, NULL, 1, '2026-05-01 18:03:54', '2026-05-01 18:03:54'),
(41, 'parent', NULL, 67, NULL, NULL, 1, '2026-05-01 18:03:54', '2026-05-01 18:03:54'),
(42, 'student', NULL, 68, NULL, NULL, 1, '2026-05-01 18:03:54', '2026-05-01 18:03:54'),
(43, 'parent', NULL, 68, NULL, NULL, 1, '2026-05-01 18:03:54', '2026-05-01 18:03:54'),
(44, 'student', NULL, 79, NULL, NULL, 1, '2026-05-01 18:03:54', '2026-05-01 18:03:54'),
(45, 'parent', NULL, 79, NULL, NULL, 1, '2026-05-01 18:03:54', '2026-05-01 18:03:54'),
(46, 'student', NULL, 69, NULL, NULL, 1, '2026-05-01 18:03:54', '2026-05-01 18:03:54'),
(47, 'parent', NULL, 69, NULL, NULL, 1, '2026-05-01 18:03:54', '2026-05-01 18:03:54'),
(48, 'student', NULL, 80, NULL, NULL, 1, '2026-05-01 18:03:54', '2026-05-01 18:03:54'),
(49, 'parent', NULL, 80, NULL, NULL, 1, '2026-05-01 18:03:54', '2026-05-01 18:03:54'),
(50, 'student', NULL, 81, NULL, NULL, 1, '2026-05-01 18:03:54', '2026-05-01 18:03:54'),
(51, 'parent', NULL, 81, NULL, NULL, 1, '2026-05-01 18:03:54', '2026-05-01 18:03:54'),
(52, 'student', NULL, 70, NULL, NULL, 1, '2026-05-01 18:03:54', '2026-05-01 18:03:54'),
(53, 'parent', NULL, 70, NULL, NULL, 1, '2026-05-01 18:03:54', '2026-05-01 18:03:54'),
(54, 'student', NULL, 82, NULL, NULL, 1, '2026-05-01 18:03:54', '2026-05-01 18:03:54'),
(55, 'parent', NULL, 82, NULL, NULL, 1, '2026-05-01 18:03:54', '2026-05-01 18:03:54'),
(56, 'student', NULL, 83, NULL, NULL, 1, '2026-05-01 18:03:54', '2026-05-01 18:03:54'),
(57, 'parent', NULL, 83, NULL, NULL, 1, '2026-05-01 18:03:54', '2026-05-01 18:03:54'),
(58, 'student', NULL, 84, NULL, NULL, 1, '2026-05-01 18:03:54', '2026-05-01 18:03:54'),
(59, 'parent', NULL, 84, NULL, NULL, 1, '2026-05-01 18:03:54', '2026-05-01 18:03:54'),
(60, 'student', NULL, 85, NULL, NULL, 1, '2026-05-01 18:03:54', '2026-05-01 18:03:54'),
(61, 'parent', NULL, 85, NULL, NULL, 1, '2026-05-01 18:03:54', '2026-05-01 18:03:54'),
(62, 'student', NULL, 86, NULL, NULL, 1, '2026-05-01 18:03:54', '2026-05-01 18:03:54'),
(63, 'parent', NULL, 86, NULL, NULL, 1, '2026-05-01 18:03:54', '2026-05-01 18:03:54'),
(64, 'student', NULL, 27, NULL, NULL, 1, '2026-05-01 18:03:54', '2026-05-01 18:03:54'),
(65, 'parent', NULL, 27, NULL, NULL, 1, '2026-05-01 18:03:54', '2026-05-01 18:03:54'),
(66, 'student', NULL, 36, NULL, NULL, 1, '2026-05-01 18:03:54', '2026-05-01 18:03:54'),
(67, 'parent', NULL, 36, NULL, NULL, 1, '2026-05-01 18:03:54', '2026-05-01 18:03:54'),
(68, 'student', NULL, 37, NULL, NULL, 1, '2026-05-01 18:03:54', '2026-05-01 18:03:54'),
(69, 'parent', NULL, 37, NULL, NULL, 1, '2026-05-01 18:03:54', '2026-05-01 18:03:54'),
(70, 'student', NULL, 28, NULL, NULL, 1, '2026-05-01 18:03:54', '2026-05-01 18:03:54'),
(71, 'parent', NULL, 28, NULL, NULL, 1, '2026-05-01 18:03:54', '2026-05-01 18:03:54'),
(72, 'student', NULL, 38, NULL, NULL, 1, '2026-05-01 18:03:54', '2026-05-01 18:03:54'),
(73, 'parent', NULL, 38, NULL, NULL, 1, '2026-05-01 18:03:54', '2026-05-01 18:03:54'),
(74, 'student', NULL, 29, NULL, NULL, 1, '2026-05-01 18:03:54', '2026-05-01 18:03:54'),
(75, 'parent', NULL, 29, NULL, NULL, 1, '2026-05-01 18:03:54', '2026-05-01 18:03:54'),
(76, 'student', NULL, 39, NULL, NULL, 1, '2026-05-01 18:03:54', '2026-05-01 18:03:54'),
(77, 'parent', NULL, 39, NULL, NULL, 1, '2026-05-01 18:03:54', '2026-05-01 18:03:54'),
(78, 'student', NULL, 30, NULL, NULL, 1, '2026-05-01 18:03:54', '2026-05-01 18:03:54'),
(79, 'parent', NULL, 30, NULL, NULL, 1, '2026-05-01 18:03:54', '2026-05-01 18:03:54'),
(80, 'student', NULL, 40, NULL, NULL, 1, '2026-05-01 18:03:54', '2026-05-01 18:03:54'),
(81, 'parent', NULL, 40, NULL, NULL, 1, '2026-05-01 18:03:54', '2026-05-01 18:03:54'),
(82, 'student', NULL, 31, NULL, NULL, 1, '2026-05-01 18:03:54', '2026-05-01 18:03:54'),
(83, 'parent', NULL, 31, NULL, NULL, 1, '2026-05-01 18:03:54', '2026-05-01 18:03:54'),
(84, 'student', NULL, 32, NULL, NULL, 1, '2026-05-01 18:03:54', '2026-05-01 18:03:54'),
(85, 'parent', NULL, 32, NULL, NULL, 1, '2026-05-01 18:03:54', '2026-05-01 18:03:54'),
(86, 'student', NULL, 41, NULL, NULL, 1, '2026-05-01 18:03:54', '2026-05-01 18:03:54'),
(87, 'parent', NULL, 41, NULL, NULL, 1, '2026-05-01 18:03:54', '2026-05-01 18:03:54'),
(88, 'student', NULL, 33, NULL, NULL, 1, '2026-05-01 18:03:54', '2026-05-01 18:03:54'),
(89, 'parent', NULL, 33, NULL, NULL, 1, '2026-05-01 18:03:54', '2026-05-01 18:03:54'),
(90, 'student', NULL, 42, NULL, NULL, 1, '2026-05-01 18:03:54', '2026-05-01 18:03:54'),
(91, 'parent', NULL, 42, NULL, NULL, 1, '2026-05-01 18:03:54', '2026-05-01 18:03:54'),
(92, 'student', NULL, 43, NULL, NULL, 1, '2026-05-01 18:03:54', '2026-05-01 18:03:54'),
(93, 'parent', NULL, 43, NULL, NULL, 1, '2026-05-01 18:03:54', '2026-05-01 18:03:54'),
(94, 'student', NULL, 34, NULL, NULL, 1, '2026-05-01 18:03:54', '2026-05-01 18:03:54'),
(95, 'parent', NULL, 34, NULL, NULL, 1, '2026-05-01 18:03:54', '2026-05-01 18:03:54'),
(96, 'student', NULL, 44, NULL, NULL, 1, '2026-05-01 18:03:54', '2026-05-01 18:03:54'),
(97, 'parent', NULL, 44, NULL, NULL, 1, '2026-05-01 18:03:54', '2026-05-01 18:03:54'),
(98, 'student', NULL, 45, NULL, NULL, 1, '2026-05-01 18:03:54', '2026-05-01 18:03:54'),
(99, 'parent', NULL, 45, NULL, NULL, 1, '2026-05-01 18:03:54', '2026-05-01 18:03:54'),
(100, 'student', NULL, 46, NULL, NULL, 1, '2026-05-01 18:03:54', '2026-05-01 18:03:54'),
(101, 'parent', NULL, 46, NULL, NULL, 1, '2026-05-01 18:03:54', '2026-05-01 18:03:54'),
(102, 'student', NULL, 1, NULL, NULL, 1, '2026-05-01 18:03:54', '2026-05-01 18:03:54'),
(103, 'parent', NULL, 1, NULL, NULL, 1, '2026-05-01 18:03:54', '2026-05-01 18:03:54'),
(104, 'student', NULL, 53, NULL, NULL, 1, '2026-05-01 18:03:54', '2026-05-01 18:03:54'),
(105, 'parent', NULL, 53, NULL, NULL, 1, '2026-05-01 18:03:54', '2026-05-01 18:03:54'),
(106, 'student', NULL, 47, NULL, NULL, 1, '2026-05-01 18:03:54', '2026-05-01 18:03:54'),
(107, 'parent', NULL, 47, NULL, NULL, 1, '2026-05-01 18:03:54', '2026-05-01 18:03:54'),
(108, 'student', NULL, 54, NULL, NULL, 1, '2026-05-01 18:03:54', '2026-05-01 18:03:54'),
(109, 'parent', NULL, 54, NULL, NULL, 1, '2026-05-01 18:03:54', '2026-05-01 18:03:54'),
(110, 'student', NULL, 2, NULL, NULL, 1, '2026-05-01 18:03:54', '2026-05-01 18:03:54'),
(111, 'parent', NULL, 2, NULL, NULL, 1, '2026-05-01 18:03:54', '2026-05-01 18:03:54'),
(112, 'student', NULL, 14, NULL, NULL, 1, '2026-05-01 18:03:54', '2026-05-01 18:03:54'),
(113, 'parent', NULL, 14, NULL, NULL, 1, '2026-05-01 18:03:54', '2026-05-01 18:03:54'),
(114, 'student', NULL, 15, NULL, NULL, 1, '2026-05-01 18:03:54', '2026-05-01 18:03:54'),
(115, 'parent', NULL, 15, NULL, NULL, 1, '2026-05-01 18:03:54', '2026-05-01 18:03:54'),
(116, 'student', NULL, 16, NULL, NULL, 1, '2026-05-01 18:03:54', '2026-05-01 18:03:54'),
(117, 'parent', NULL, 16, NULL, NULL, 1, '2026-05-01 18:03:54', '2026-05-01 18:03:54'),
(118, 'student', NULL, 3, NULL, NULL, 1, '2026-05-01 18:03:54', '2026-05-01 18:03:54'),
(119, 'parent', NULL, 3, NULL, NULL, 1, '2026-05-01 18:03:54', '2026-05-01 18:03:54'),
(120, 'student', NULL, 17, NULL, NULL, 1, '2026-05-01 18:03:54', '2026-05-01 18:03:54'),
(121, 'parent', NULL, 17, NULL, NULL, 1, '2026-05-01 18:03:54', '2026-05-01 18:03:54'),
(122, 'student', NULL, 4, NULL, NULL, 1, '2026-05-01 18:03:54', '2026-05-01 18:03:54'),
(123, 'parent', NULL, 4, NULL, NULL, 1, '2026-05-01 18:03:54', '2026-05-01 18:03:54'),
(124, 'student', NULL, 18, NULL, NULL, 1, '2026-05-01 18:03:54', '2026-05-01 18:03:54'),
(125, 'parent', NULL, 18, NULL, NULL, 1, '2026-05-01 18:03:54', '2026-05-01 18:03:54'),
(126, 'student', NULL, 19, NULL, NULL, 1, '2026-05-01 18:03:54', '2026-05-01 18:03:54'),
(127, 'parent', NULL, 19, NULL, NULL, 1, '2026-05-01 18:03:54', '2026-05-01 18:03:54'),
(128, 'student', NULL, 20, NULL, NULL, 1, '2026-05-01 18:03:54', '2026-05-01 18:03:54'),
(129, 'parent', NULL, 20, NULL, NULL, 1, '2026-05-01 18:03:54', '2026-05-01 18:03:54'),
(130, 'student', NULL, 5, NULL, NULL, 1, '2026-05-01 18:03:54', '2026-05-01 18:03:54'),
(131, 'parent', NULL, 5, NULL, NULL, 1, '2026-05-01 18:03:54', '2026-05-01 18:03:54'),
(132, 'student', NULL, 6, NULL, NULL, 1, '2026-05-01 18:03:54', '2026-05-01 18:03:54'),
(133, 'parent', NULL, 6, NULL, NULL, 1, '2026-05-01 18:03:54', '2026-05-01 18:03:54'),
(134, 'student', NULL, 7, NULL, NULL, 1, '2026-05-01 18:03:54', '2026-05-01 18:03:54'),
(135, 'parent', NULL, 7, NULL, NULL, 1, '2026-05-01 18:03:54', '2026-05-01 18:03:54'),
(136, 'student', NULL, 8, NULL, NULL, 1, '2026-05-01 18:03:54', '2026-05-01 18:03:54'),
(137, 'parent', NULL, 8, NULL, NULL, 1, '2026-05-01 18:03:54', '2026-05-01 18:03:54'),
(138, 'student', NULL, 48, NULL, NULL, 1, '2026-05-01 18:03:54', '2026-05-01 18:03:54'),
(139, 'parent', NULL, 48, NULL, NULL, 1, '2026-05-01 18:03:54', '2026-05-01 18:03:54'),
(140, 'student', NULL, 87, NULL, NULL, 1, '2026-05-01 18:03:54', '2026-05-01 18:03:54'),
(141, 'parent', NULL, 87, NULL, NULL, 1, '2026-05-01 18:03:54', '2026-05-01 18:03:54'),
(142, 'student', NULL, 9, NULL, NULL, 1, '2026-05-01 18:03:54', '2026-05-01 18:03:54'),
(143, 'parent', NULL, 9, NULL, NULL, 1, '2026-05-01 18:03:54', '2026-05-01 18:03:54'),
(144, 'student', NULL, 22, NULL, NULL, 1, '2026-05-01 18:03:54', '2026-05-01 18:03:54'),
(145, 'parent', NULL, 22, NULL, NULL, 1, '2026-05-01 18:03:54', '2026-05-01 18:03:54'),
(146, 'student', NULL, 10, NULL, NULL, 1, '2026-05-01 18:03:54', '2026-05-01 18:03:54'),
(147, 'parent', NULL, 10, NULL, NULL, 1, '2026-05-01 18:03:54', '2026-05-01 18:03:54'),
(148, 'student', NULL, 23, NULL, NULL, 1, '2026-05-01 18:03:54', '2026-05-01 18:03:54'),
(149, 'parent', NULL, 23, NULL, NULL, 1, '2026-05-01 18:03:54', '2026-05-01 18:03:54'),
(150, 'student', NULL, 11, NULL, NULL, 1, '2026-05-01 18:03:54', '2026-05-01 18:03:54'),
(151, 'parent', NULL, 11, NULL, NULL, 1, '2026-05-01 18:03:54', '2026-05-01 18:03:54'),
(152, 'student', NULL, 12, NULL, NULL, 1, '2026-05-01 18:03:54', '2026-05-01 18:03:54'),
(153, 'parent', NULL, 12, NULL, NULL, 1, '2026-05-01 18:03:54', '2026-05-01 18:03:54'),
(154, 'student', NULL, 49, NULL, NULL, 1, '2026-05-01 18:03:54', '2026-05-01 18:03:54'),
(155, 'parent', NULL, 49, NULL, NULL, 1, '2026-05-01 18:03:54', '2026-05-01 18:03:54'),
(156, 'student', NULL, 13, NULL, NULL, 1, '2026-05-01 18:03:54', '2026-05-01 18:03:54'),
(157, 'parent', NULL, 13, NULL, NULL, 1, '2026-05-01 18:03:54', '2026-05-01 18:03:54'),
(158, 'student', NULL, 50, NULL, NULL, 1, '2026-05-01 18:03:54', '2026-05-01 18:03:54'),
(159, 'parent', NULL, 50, NULL, NULL, 1, '2026-05-01 18:03:54', '2026-05-01 18:03:54'),
(160, 'student', NULL, 24, NULL, NULL, 1, '2026-05-01 18:03:54', '2026-05-01 18:03:54'),
(161, 'parent', NULL, 24, NULL, NULL, 1, '2026-05-01 18:03:54', '2026-05-01 18:03:54'),
(162, 'student', NULL, 35, NULL, NULL, 1, '2026-05-01 18:03:54', '2026-05-01 18:03:54'),
(163, 'parent', NULL, 35, NULL, NULL, 1, '2026-05-01 18:03:54', '2026-05-01 18:03:54'),
(164, 'student', NULL, 51, NULL, NULL, 1, '2026-05-01 18:03:54', '2026-05-01 18:03:54'),
(165, 'parent', NULL, 51, NULL, NULL, 1, '2026-05-01 18:03:54', '2026-05-01 18:03:54'),
(166, 'student', NULL, 25, NULL, NULL, 1, '2026-05-01 18:03:54', '2026-05-01 18:03:54'),
(167, 'parent', NULL, 25, NULL, NULL, 1, '2026-05-01 18:03:54', '2026-05-01 18:03:54'),
(168, 'student', NULL, 52, NULL, NULL, 1, '2026-05-01 18:03:54', '2026-05-01 18:03:54'),
(169, 'parent', NULL, 52, NULL, NULL, 1, '2026-05-01 18:03:54', '2026-05-01 18:03:54'),
(172, 'student', NULL, 26, NULL, NULL, 1, '2026-05-01 18:03:54', '2026-05-01 18:03:54'),
(173, 'parent', NULL, 26, NULL, NULL, 1, '2026-05-01 18:03:54', '2026-05-01 18:03:54'),
(174, 'student', NULL, 21, NULL, NULL, 1, '2026-05-01 18:03:54', '2026-05-01 18:03:54'),
(175, 'parent', NULL, 21, NULL, NULL, 1, '2026-05-01 18:03:54', '2026-05-01 18:03:54');

-- --------------------------------------------------------

--
-- Structure de la table `classes`
--

CREATE TABLE `classes` (
  `id` int(11) NOT NULL,
  `class` varchar(60) DEFAULT NULL,
  `is_active` varchar(255) DEFAULT 'no',
  `created_at` timestamp NOT NULL DEFAULT current_timestamp(),
  `updated_at` timestamp NOT NULL DEFAULT current_timestamp() ON UPDATE current_timestamp()
) ENGINE=InnoDB DEFAULT CHARSET=utf8mb3 COLLATE=utf8mb3_uca1400_ai_ci;

--
-- Déchargement des données de la table `classes`
--

INSERT INTO `classes` (`id`, `class`, `is_active`, `created_at`, `updated_at`) VALUES
(1, 'Crèche', 'no', '2026-04-29 14:26:58', '2026-04-29 14:26:58'),
(2, 'Petite Section', 'no', '2026-04-29 14:27:09', '2026-04-29 14:27:09'),
(3, 'Moyenne Section', 'no', '2026-04-29 14:27:18', '2026-04-29 14:27:18'),
(4, 'Grande Section', 'no', '2026-04-29 14:27:28', '2026-04-29 14:27:28'),
(14, 'Primaire (CP)', 'no', '2026-04-30 14:29:33', '2026-05-03 17:13:03'),
(16, 'Primaire (CE1)', 'no', '2026-04-30 14:30:44', '2026-05-03 17:13:45'),
(18, 'Primaire (CE2)', 'no', '2026-04-30 14:31:52', '2026-05-03 17:14:34'),
(20, 'Primaire (CM1)', 'no', '2026-04-30 14:32:57', '2026-05-03 17:15:00'),
(22, 'Primaire (CM2)', 'no', '2026-04-30 14:33:34', '2026-05-03 17:15:28'),
(25, '6eme Année Primaire', 'no', '2026-04-30 14:36:25', '2026-05-02 23:02:03'),
(27, '7eme Année (Collège) ', 'no', '2026-04-30 14:37:48', '2026-05-02 23:03:36');

-- --------------------------------------------------------

--
-- Structure de la table `class_sections`
--

CREATE TABLE `class_sections` (
  `id` int(11) NOT NULL,
  `class_id` int(11) DEFAULT NULL,
  `section_id` int(11) DEFAULT NULL,
  `is_active` varchar(255) DEFAULT 'no',
  `created_at` timestamp NOT NULL DEFAULT current_timestamp(),
  `updated_at` timestamp NOT NULL DEFAULT current_timestamp() ON UPDATE current_timestamp()
) ENGINE=InnoDB DEFAULT CHARSET=utf8mb3 COLLATE=utf8mb3_uca1400_ai_ci;

--
-- Déchargement des données de la table `class_sections`
--

INSERT INTO `class_sections` (`id`, `class_id`, `section_id`, `is_active`, `created_at`, `updated_at`) VALUES
(1, 1, 1, 'no', '2026-04-29 14:26:58', '2026-04-29 14:26:58'),
(2, 2, 1, 'no', '2026-04-29 14:27:09', '2026-04-29 14:27:09'),
(3, 3, 1, 'no', '2026-04-29 14:27:18', '2026-04-29 14:27:18'),
(4, 4, 1, 'no', '2026-04-29 14:27:28', '2026-04-29 14:27:28'),
(14, 14, 2, 'no', '2026-04-30 14:29:33', '2026-04-30 14:29:33'),
(16, 16, 2, 'yes', '2026-04-30 14:30:44', '2026-05-01 18:21:10'),
(18, 18, 2, 'yes', '2026-04-30 14:31:52', '2026-05-01 18:21:10'),
(20, 20, 2, 'no', '2026-04-30 14:32:57', '2026-04-30 14:32:57'),
(22, 22, 2, 'no', '2026-04-30 14:33:34', '2026-04-30 14:33:34'),
(25, 25, 2, 'no', '2026-04-30 14:36:25', '2026-04-30 14:36:25'),
(27, 27, 3, 'no', '2026-04-30 14:37:48', '2026-04-30 14:37:48'),
(33, 14, 3, 'no', '2026-05-02 20:29:57', '2026-05-02 20:29:57'),
(34, 16, 3, 'no', '2026-05-02 20:30:25', '2026-05-02 20:30:25'),
(35, 18, 3, 'no', '2026-05-02 22:31:34', '2026-05-02 22:31:34'),
(37, 20, 3, 'no', '2026-05-02 22:48:49', '2026-05-02 22:48:49'),
(39, 22, 3, 'no', '2026-05-02 22:57:29', '2026-05-02 22:57:29'),
(41, 25, 3, 'no', '2026-05-02 23:01:36', '2026-05-02 23:01:36'),
(43, 27, 2, 'no', '2026-05-02 23:03:36', '2026-05-02 23:03:36');

-- --------------------------------------------------------

--
-- Structure de la table `class_section_times`
--

CREATE TABLE `class_section_times` (
  `id` int(11) NOT NULL,
  `class_section_id` int(11) DEFAULT NULL,
  `time` time DEFAULT NULL,
  `created_at` timestamp NOT NULL DEFAULT current_timestamp(),
  `updated_at` timestamp NOT NULL DEFAULT current_timestamp() ON UPDATE current_timestamp()
) ENGINE=InnoDB DEFAULT CHARSET=utf8mb3 COLLATE=utf8mb3_uca1400_ai_ci;

--
-- Déchargement des données de la table `class_section_times`
--

INSERT INTO `class_section_times` (`id`, `class_section_id`, `time`, `created_at`, `updated_at`) VALUES
(1, 1, '20:00:00', '2026-05-01 14:14:20', '2026-05-01 14:14:20'),
(2, 2, '20:00:00', '2026-05-01 14:14:20', '2026-05-01 14:14:20'),
(3, 3, '20:00:00', '2026-05-01 14:14:20', '2026-05-01 14:14:20'),
(4, 4, '20:00:00', '2026-05-01 14:14:20', '2026-05-01 14:14:20'),
(5, 14, '20:00:00', '2026-05-01 14:14:20', '2026-05-01 14:14:20'),
(7, 16, '20:00:00', '2026-05-01 14:14:20', '2026-05-01 14:14:20'),
(9, 18, '20:00:00', '2026-05-01 14:14:20', '2026-05-01 14:14:20'),
(11, 20, '20:00:00', '2026-05-01 14:14:20', '2026-05-01 14:14:20'),
(13, 22, '20:00:00', '2026-05-01 14:14:20', '2026-05-01 14:14:20'),
(15, 25, '20:00:00', '2026-05-01 14:14:20', '2026-05-01 14:14:20'),
(17, 27, '20:00:00', '2026-05-01 14:14:20', '2026-05-01 14:14:20'),
(23, 33, '20:00:00', '2026-05-03 15:15:30', '2026-05-03 15:15:30'),
(24, 34, '20:00:00', '2026-05-03 15:15:30', '2026-05-03 15:15:30'),
(25, 35, '20:00:00', '2026-05-03 15:15:30', '2026-05-03 15:15:30'),
(26, 37, '20:00:00', '2026-05-03 15:15:30', '2026-05-03 15:15:30'),
(27, 39, '20:00:00', '2026-05-03 15:15:30', '2026-05-03 15:15:30'),
(28, 41, '20:00:00', '2026-05-03 15:15:30', '2026-05-03 15:15:30'),
(29, 43, '20:00:00', '2026-05-03 15:15:30', '2026-05-03 15:15:30');

-- --------------------------------------------------------

--
-- Structure de la table `class_teacher`
--

CREATE TABLE `class_teacher` (
  `id` int(11) NOT NULL,
  `session_id` int(11) NOT NULL,
  `class_id` int(11) NOT NULL,
  `section_id` int(11) NOT NULL,
  `staff_id` int(11) NOT NULL
) ENGINE=InnoDB DEFAULT CHARSET=utf8mb3 COLLATE=utf8mb3_uca1400_ai_ci;

-- --------------------------------------------------------

--
-- Structure de la table `complaint`
--

CREATE TABLE `complaint` (
  `id` int(11) NOT NULL,
  `complaint_type` varchar(255) NOT NULL,
  `source` varchar(255) NOT NULL,
  `name` varchar(100) NOT NULL,
  `contact` varchar(15) NOT NULL,
  `email` varchar(200) NOT NULL,
  `date` date NOT NULL,
  `description` text NOT NULL,
  `action_taken` varchar(200) NOT NULL,
  `assigned` varchar(50) NOT NULL,
  `note` text NOT NULL,
  `image` text CHARACTER SET utf8mb3 COLLATE utf8mb3_general_ci DEFAULT NULL,
  `created_at` timestamp NOT NULL DEFAULT current_timestamp(),
  `updated_at` timestamp NOT NULL DEFAULT current_timestamp() ON UPDATE current_timestamp()
) ENGINE=InnoDB DEFAULT CHARSET=utf8mb3 COLLATE=utf8mb3_uca1400_ai_ci;

-- --------------------------------------------------------

--
-- Structure de la table `complaint_type`
--

CREATE TABLE `complaint_type` (
  `id` int(11) NOT NULL,
  `complaint_type` varchar(100) NOT NULL,
  `description` text NOT NULL,
  `created_at` timestamp NOT NULL DEFAULT current_timestamp(),
  `updated_at` timestamp NOT NULL DEFAULT current_timestamp() ON UPDATE current_timestamp()
) ENGINE=InnoDB DEFAULT CHARSET=utf8mb3 COLLATE=utf8mb3_uca1400_ai_ci;

-- --------------------------------------------------------

--
-- Structure de la table `conferences`
--

CREATE TABLE `conferences` (
  `id` int(11) NOT NULL,
  `purpose` varchar(20) NOT NULL DEFAULT 'class',
  `staff_id` int(11) DEFAULT NULL,
  `created_id` int(10) NOT NULL,
  `title` text DEFAULT NULL,
  `date` datetime DEFAULT NULL,
  `duration` int(11) DEFAULT NULL,
  `password` varchar(50) DEFAULT NULL,
  `subject` varchar(50) DEFAULT NULL,
  `class_id` int(10) DEFAULT NULL,
  `section_id` int(10) DEFAULT NULL,
  `session_id` int(10) NOT NULL,
  `host_video` int(1) NOT NULL DEFAULT 1,
  `client_video` int(1) NOT NULL DEFAULT 1,
  `description` text DEFAULT NULL,
  `timezone` varchar(100) DEFAULT NULL,
  `return_response` text DEFAULT NULL,
  `api_type` varchar(30) NOT NULL,
  `status` int(1) NOT NULL DEFAULT 0,
  `created_at` timestamp NOT NULL DEFAULT current_timestamp() ON UPDATE current_timestamp()
) ENGINE=InnoDB DEFAULT CHARSET=utf8mb3 COLLATE=utf8mb3_uca1400_ai_ci;

-- --------------------------------------------------------

--
-- Structure de la table `conferences_history`
--

CREATE TABLE `conferences_history` (
  `id` int(11) NOT NULL,
  `conference_id` int(11) NOT NULL,
  `staff_id` int(11) DEFAULT NULL,
  `student_id` int(11) DEFAULT NULL,
  `total_hit` int(10) NOT NULL DEFAULT 1,
  `created_at` timestamp NOT NULL DEFAULT current_timestamp() ON UPDATE current_timestamp()
) ENGINE=InnoDB DEFAULT CHARSET=utf8mb3 COLLATE=utf8mb3_uca1400_ai_ci;

-- --------------------------------------------------------

--
-- Structure de la table `conference_sections`
--

CREATE TABLE `conference_sections` (
  `id` int(11) NOT NULL,
  `conference_id` int(11) DEFAULT NULL,
  `cls_section_id` int(11) DEFAULT NULL,
  `created_at` timestamp NOT NULL DEFAULT current_timestamp() ON UPDATE current_timestamp()
) ENGINE=InnoDB DEFAULT CHARSET=utf8mb3 COLLATE=utf8mb3_uca1400_ai_ci;

-- --------------------------------------------------------

--
-- Structure de la table `conference_staff`
--

CREATE TABLE `conference_staff` (
  `id` int(11) NOT NULL,
  `conference_id` int(11) NOT NULL,
  `staff_id` int(11) NOT NULL,
  `created_at` timestamp NOT NULL DEFAULT current_timestamp() ON UPDATE current_timestamp()
) ENGINE=InnoDB DEFAULT CHARSET=utf8mb3 COLLATE=utf8mb3_uca1400_ai_ci;

-- --------------------------------------------------------

--
-- Structure de la table `contents`
--

CREATE TABLE `contents` (
  `id` int(11) NOT NULL,
  `title` varchar(100) DEFAULT NULL,
  `type` varchar(50) DEFAULT NULL,
  `is_public` varchar(10) DEFAULT 'No',
  `class_id` int(11) DEFAULT NULL,
  `cls_sec_id` int(11) DEFAULT NULL,
  `file` varchar(250) DEFAULT NULL,
  `date` date NOT NULL,
  `note` text DEFAULT NULL,
  `is_active` varchar(255) DEFAULT 'no',
  `created_by` int(11) NOT NULL,
  `created_at` timestamp NOT NULL DEFAULT current_timestamp(),
  `updated_at` timestamp NOT NULL DEFAULT current_timestamp() ON UPDATE current_timestamp()
) ENGINE=InnoDB DEFAULT CHARSET=utf8mb3 COLLATE=utf8mb3_uca1400_ai_ci;

-- --------------------------------------------------------

--
-- Structure de la table `content_for`
--

CREATE TABLE `content_for` (
  `id` int(11) NOT NULL,
  `role` varchar(50) DEFAULT NULL,
  `content_id` int(11) DEFAULT NULL,
  `user_id` int(11) DEFAULT NULL,
  `created_at` timestamp NOT NULL DEFAULT current_timestamp(),
  `updated_at` timestamp NOT NULL DEFAULT current_timestamp() ON UPDATE current_timestamp()
) ENGINE=InnoDB DEFAULT CHARSET=utf8mb3 COLLATE=utf8mb3_uca1400_ai_ci;

-- --------------------------------------------------------

--
-- Structure de la table `content_types`
--

CREATE TABLE `content_types` (
  `id` int(11) NOT NULL,
  `name` varchar(200) DEFAULT NULL,
  `description` text DEFAULT NULL,
  `is_active` int(11) DEFAULT 1,
  `created_at` timestamp NOT NULL DEFAULT current_timestamp(),
  `updated_at` timestamp NOT NULL DEFAULT current_timestamp() ON UPDATE current_timestamp()
) ENGINE=InnoDB DEFAULT CHARSET=utf8mb3 COLLATE=utf8mb3_uca1400_ai_ci;

-- --------------------------------------------------------

--
-- Structure de la table `course_category`
--

CREATE TABLE `course_category` (
  `id` int(11) NOT NULL,
  `category_name` varchar(255) DEFAULT NULL,
  `slug` varchar(255) DEFAULT NULL,
  `is_active` int(11) DEFAULT NULL
) ENGINE=InnoDB DEFAULT CHARSET=utf8mb3 COLLATE=utf8mb3_uca1400_ai_ci;

-- --------------------------------------------------------

--
-- Structure de la table `course_lesson_quiz_order`
--

CREATE TABLE `course_lesson_quiz_order` (
  `id` int(11) NOT NULL,
  `type` varchar(10) DEFAULT NULL,
  `course_section_id` int(11) DEFAULT NULL,
  `lesson_quiz_id` int(11) DEFAULT NULL,
  `order` int(11) DEFAULT NULL
) ENGINE=InnoDB DEFAULT CHARSET=utf8mb3 COLLATE=utf8mb3_uca1400_ai_ci;

-- --------------------------------------------------------

--
-- Structure de la table `course_progress`
--

CREATE TABLE `course_progress` (
  `id` int(11) NOT NULL,
  `student_id` int(11) DEFAULT NULL,
  `guest_id` int(1) DEFAULT NULL,
  `course_id` int(11) DEFAULT NULL,
  `course_section_id` int(11) DEFAULT NULL,
  `lesson_quiz_id` int(11) DEFAULT NULL,
  `lesson_quiz_type` int(11) DEFAULT NULL COMMENT '1 lesson, 2 quiz, 3 assignment,4 exam',
  `completion_date` date DEFAULT NULL
) ENGINE=InnoDB DEFAULT CHARSET=utf8mb3 COLLATE=utf8mb3_uca1400_ai_ci;

-- --------------------------------------------------------

--
-- Structure de la table `course_quiz_answer`
--

CREATE TABLE `course_quiz_answer` (
  `id` int(11) NOT NULL,
  `student_id` int(11) DEFAULT NULL,
  `guest_id` int(11) DEFAULT NULL,
  `course_quiz_id` int(11) DEFAULT NULL,
  `course_quiz_question_id` int(11) DEFAULT NULL,
  `answer` varchar(255) DEFAULT NULL,
  `created_date` timestamp NULL DEFAULT current_timestamp()
) ENGINE=InnoDB DEFAULT CHARSET=utf8mb3 COLLATE=utf8mb3_uca1400_ai_ci;

-- --------------------------------------------------------

--
-- Structure de la table `course_quiz_question`
--

CREATE TABLE `course_quiz_question` (
  `id` int(11) NOT NULL,
  `course_quiz_id` int(11) DEFAULT NULL,
  `question` text DEFAULT NULL,
  `option_1` varchar(255) DEFAULT NULL,
  `option_2` varchar(255) DEFAULT NULL,
  `option_3` varchar(255) DEFAULT NULL,
  `option_4` varchar(255) DEFAULT NULL,
  `option_5` varchar(255) DEFAULT NULL,
  `correct_answer` varchar(255) DEFAULT NULL,
  `created_date` timestamp NULL DEFAULT current_timestamp()
) ENGINE=InnoDB DEFAULT CHARSET=utf8mb3 COLLATE=utf8mb3_uca1400_ai_ci;

-- --------------------------------------------------------

--
-- Structure de la table `course_rating`
--

CREATE TABLE `course_rating` (
  `id` int(11) NOT NULL,
  `student_id` int(11) DEFAULT NULL,
  `guest_id` int(11) DEFAULT NULL,
  `course_id` int(11) NOT NULL,
  `rating` varchar(200) NOT NULL,
  `review` text NOT NULL,
  `date` date NOT NULL
) ENGINE=InnoDB DEFAULT CHARSET=utf8mb3 COLLATE=utf8mb3_uca1400_ai_ci;

-- --------------------------------------------------------

--
-- Structure de la table `cumulative_fine`
--

CREATE TABLE `cumulative_fine` (
  `id` int(11) NOT NULL,
  `overdue_day` int(11) NOT NULL,
  `fine_amount` decimal(10,2) NOT NULL,
  `fee_groups_feetype_id` int(11) NOT NULL,
  `fee_session_group_id` int(11) NOT NULL,
  `created_at` timestamp NOT NULL DEFAULT current_timestamp(),
  `updated_at` timestamp NOT NULL DEFAULT current_timestamp() ON UPDATE current_timestamp()
) ENGINE=InnoDB DEFAULT CHARSET=utf8mb3 COLLATE=utf8mb3_uca1400_ai_ci;

-- --------------------------------------------------------

--
-- Structure de la table `currencies`
--

CREATE TABLE `currencies` (
  `id` int(11) NOT NULL,
  `name` varchar(100) DEFAULT NULL,
  `short_name` varchar(100) DEFAULT NULL,
  `symbol` varchar(10) DEFAULT NULL,
  `base_price` varchar(10) NOT NULL DEFAULT '1',
  `is_active` int(11) DEFAULT 0,
  `created_at` timestamp NOT NULL DEFAULT current_timestamp(),
  `updated_at` timestamp NOT NULL DEFAULT current_timestamp() ON UPDATE current_timestamp()
) ENGINE=InnoDB DEFAULT CHARSET=utf8mb3 COLLATE=utf8mb3_uca1400_ai_ci;

--
-- Déchargement des données de la table `currencies`
--

INSERT INTO `currencies` (`id`, `name`, `short_name`, `symbol`, `base_price`, `is_active`, `created_at`, `updated_at`) VALUES
(1, 'AED', 'AED', 'AEDf', '1', 0, '2022-12-30 06:19:15', '2025-12-27 07:45:37'),
(2, 'AFN', 'AFN', '؋', '1', 0, '2022-12-30 06:19:19', '2025-12-27 07:45:37'),
(3, 'ALL', 'ALL', 'ALL', '1', 0, '2022-12-30 06:19:22', '2025-12-27 07:45:37'),
(4, 'AMD', 'AMD', 'AMD', '1', 0, '2022-07-22 10:55:15', '2025-12-27 07:45:37'),
(5, 'ANG', 'ANG', 'ANG', '1', 0, '2022-07-22 10:55:15', '2025-12-27 07:45:37'),
(6, 'AOA', 'AOA', 'AOA', '1', 0, '2022-07-22 10:55:15', '2025-12-27 07:45:37'),
(7, 'ARS', 'ARS', 'ARS', '1', 0, '2022-07-22 10:55:15', '2025-12-27 07:45:37'),
(8, 'AUD', 'AUD', 'AUD', '1', 0, '2022-07-22 10:55:15', '2025-12-27 07:45:37'),
(9, 'AWG', 'AWG', 'AWG', '1', 0, '2022-07-22 10:55:15', '2025-12-27 07:45:37'),
(10, 'AZN', 'AZN', 'AZN', '1', 0, '2022-07-22 10:55:15', '2025-12-27 07:45:37'),
(11, 'BAM', 'BAM', 'BAM', '1', 0, '2022-07-22 10:55:15', '2025-12-27 07:45:37'),
(12, 'BAM', 'BAM', 'BAM', '1', 0, '2022-07-22 10:55:15', '2025-12-27 07:45:37'),
(13, 'BDT', 'BDT', 'BDT', '1', 0, '2022-07-22 10:55:15', '2025-12-27 07:45:37'),
(14, 'BGN', 'BGN', 'BGN', '1', 0, '2022-07-22 10:55:15', '2025-12-27 07:45:37'),
(15, 'BHD', 'BHD', 'BHD', '1', 0, '2022-07-22 10:55:15', '2025-12-27 07:45:37'),
(16, 'BIF', 'BIF', 'BIF', '1', 0, '2022-07-22 10:55:15', '2025-12-27 07:45:37'),
(17, 'BMD', 'BMD', 'BMD', '1', 0, '2022-07-22 10:55:15', '2025-12-27 07:45:37'),
(18, 'BND', 'BND', 'BND', '1', 0, '2022-07-22 10:55:15', '2025-12-27 07:45:37'),
(19, 'BOB', 'BOB', 'BOB', '1', 0, '2022-12-30 06:19:29', '2025-12-27 07:45:37'),
(20, 'BOV', 'BOV', 'BOV', '1', 0, '2022-12-30 06:19:38', '2025-12-27 07:45:37'),
(21, 'BRL', 'BRL', 'BRL', '1', 0, '2022-07-22 10:55:15', '2025-12-27 07:45:37'),
(22, 'BSD', 'BSD', 'BSD', '1', 0, '2022-12-30 06:19:40', '2025-12-27 07:45:37'),
(23, 'BTN', 'BTN', 'BTN', '1', 0, '2022-12-30 06:19:42', '2025-12-27 07:45:37'),
(24, 'BWP', 'BWP', 'BWP', '1', 0, '2022-07-22 10:55:15', '2025-12-27 07:45:37'),
(25, 'BYN', 'BYN', 'BYN', '1', 0, '2022-07-22 10:55:15', '2025-12-27 07:45:37'),
(26, 'BYR', 'BYR', 'BYR', '1', 0, '2022-07-22 10:55:15', '2025-12-27 07:45:37'),
(27, 'BZD', 'BZD', 'BZD', '1', 0, '2022-07-22 10:55:15', '2025-12-27 07:45:37'),
(28, 'CAD', 'CAD', 'CAD', '1', 0, '2022-07-22 10:55:15', '2025-12-27 07:45:37'),
(29, 'CDF', 'CDF', 'CDF', '1', 0, '2022-07-22 10:55:15', '2025-12-27 07:45:37'),
(30, 'CHE', 'CHE', 'CHE', '1', 0, '2022-07-22 10:55:15', '2025-12-27 07:45:37'),
(31, 'CHF', 'CHF', 'CHF', '1', 0, '2022-07-22 10:55:15', '2025-12-27 07:45:37'),
(32, 'CHW', 'CHW', 'CHW', '1', 0, '2022-07-22 10:55:15', '2025-12-27 07:45:37'),
(33, 'CLF', 'CLF', 'CLF', '1', 0, '2022-07-22 10:55:15', '2025-12-27 07:45:37'),
(34, 'CLP', 'CLP', 'CLP', '1', 0, '2022-07-22 10:55:15', '2025-12-27 07:45:37'),
(35, 'CNY', 'CNY', 'CNY', '1', 0, '2022-07-22 10:55:15', '2025-12-27 07:45:37'),
(36, 'COP', 'COP', 'COP', '1', 0, '2022-07-22 10:55:15', '2025-12-27 07:45:37'),
(37, 'COU', 'COU', 'COU', '1', 0, '2022-07-22 10:55:15', '2025-12-27 07:45:37'),
(38, 'CRC', 'CRC', 'CRC', '1', 0, '2022-07-22 10:55:15', '2025-12-27 07:45:37'),
(39, 'CUC', 'CUC', 'CUC', '1', 0, '2022-07-22 10:55:15', '2025-12-27 07:45:37'),
(40, 'CUP', 'CUP', 'CUP', '1', 0, '2022-07-22 10:55:15', '2025-12-27 07:45:37'),
(41, 'CVE', 'CVE', 'CVE', '1', 0, '2022-07-22 10:55:15', '2025-12-27 07:45:37'),
(42, 'CZK', 'CZK', 'CZK', '1', 0, '2022-07-22 10:55:15', '2025-12-27 07:45:37'),
(43, 'DJF', 'DJF', 'DJF', '1', 0, '2022-07-22 10:55:15', '2025-12-27 07:45:37'),
(44, 'DKK', 'DKK', 'DKK', '1', 0, '2022-07-22 10:55:15', '2025-12-27 07:45:37'),
(45, 'DOP', 'DOP', 'DOP', '1', 0, '2022-07-22 10:55:15', '2025-12-27 07:45:37'),
(46, 'DZD', 'DZD', 'DZD', '1', 0, '2022-07-22 10:55:15', '2025-12-27 07:45:37'),
(47, 'EGP', 'EGP', 'EGP', '1', 0, '2022-07-22 10:55:15', '2025-12-27 07:45:37'),
(48, 'ERN', 'ERN', 'ERN', '1', 0, '2022-07-22 10:55:15', '2025-12-27 07:45:37'),
(49, 'ETB', 'ETB', 'ETB', '1', 0, '2022-07-22 10:55:15', '2025-12-27 07:45:37'),
(50, 'EUR', 'EUR', '€', '1', 0, '2022-12-30 06:20:25', '2025-12-27 07:45:37'),
(51, 'FJD', 'FJD', 'FJD', '1', 0, '2022-07-22 10:55:15', '2025-12-27 07:45:37'),
(52, 'FKP', 'FKP', 'FKP', '1', 0, '2022-07-22 10:55:15', '2025-12-27 07:45:37'),
(53, 'GBP', 'GBP', '£', '1', 0, '2022-12-30 06:20:29', '2025-12-27 07:45:37'),
(54, 'GEL', 'GEL', 'GEL', '1', 0, '2022-07-22 10:55:15', '2025-12-27 07:45:37'),
(55, 'GHS', 'GHS', 'GHS', '1', 0, '2022-07-22 10:55:15', '2025-12-27 07:45:37'),
(56, 'GIP', 'GIP', 'GIP', '1', 0, '2022-07-22 10:55:15', '2025-12-27 07:45:37'),
(57, 'GMD', 'GMD', 'GMD', '1', 0, '2022-07-22 10:55:15', '2025-12-27 07:45:37'),
(58, 'GNF', 'GNF', 'GNF', '1', 0, '2022-07-22 10:55:15', '2025-12-27 07:45:37'),
(59, 'GTQ', 'GTQ', 'GTQ', '1', 0, '2022-07-22 10:55:15', '2025-12-27 07:45:37'),
(60, 'GYD', 'GYD', 'GYD', '1', 0, '2022-07-22 10:55:15', '2025-12-27 07:45:37'),
(61, 'HKD', 'HKD', 'HKD', '1', 0, '2022-07-22 10:55:15', '2025-12-27 07:45:37'),
(62, 'HNL', 'HNL', 'HNL', '1', 0, '2022-07-22 10:55:15', '2025-12-27 07:45:37'),
(63, 'HRK', 'HRK', 'HRK', '1', 0, '2022-07-22 10:55:15', '2025-12-27 07:45:37'),
(64, 'HTG', 'HTG', 'HTG', '1', 0, '2022-07-22 10:55:15', '2025-12-27 07:45:37'),
(65, 'HUF', 'HUF', 'HUF', '1', 0, '2022-07-22 10:55:15', '2025-12-27 07:45:37'),
(66, 'IDR', 'IDR', 'IDR', '1', 0, '2022-12-30 06:20:34', '2025-12-27 07:45:37'),
(67, 'ILS', 'ILS', 'ILS', '1', 0, '2022-07-22 10:55:15', '2025-12-27 07:45:37'),
(68, 'INR', 'INR', '₹', '1', 0, '2022-12-30 06:20:37', '2025-12-27 07:45:37'),
(69, 'IQD', 'IQD', 'IQD', '1', 0, '2022-07-22 10:55:15', '2025-12-27 07:45:37'),
(70, 'IRR', 'IRR', 'IRR', '1', 0, '2022-07-22 10:55:15', '2025-12-27 07:45:37'),
(71, 'ISK', 'ISK', 'ISK', '1', 0, '2022-07-22 10:55:15', '2025-12-27 07:45:37'),
(72, 'JMD', 'JMD', 'JMD', '1', 0, '2022-07-22 10:55:15', '2025-12-27 07:45:37'),
(73, 'JOD', 'JOD', 'JOD', '1', 0, '2022-07-22 10:55:15', '2025-12-27 07:45:37'),
(74, 'JPY', 'JPY', 'JPY', '1', 0, '2022-12-30 06:19:56', '2025-12-27 07:45:37'),
(75, 'KES', 'KES', 'KES', '1', 0, '2022-07-22 10:55:15', '2025-12-27 07:45:37'),
(76, 'KGS', 'KGS', 'KGS', '1', 0, '2022-07-22 10:55:15', '2025-12-27 07:45:37'),
(77, 'KHR', 'KHR', 'KHR', '1', 0, '2022-07-22 10:55:15', '2025-12-27 07:45:37'),
(78, 'KMF', 'KMF', 'KMF', '1', 0, '2022-07-22 10:55:15', '2025-12-27 07:45:37'),
(79, 'KPW', 'KPW', 'KPW', '1', 0, '2022-07-22 10:55:15', '2025-12-27 07:45:37'),
(80, 'KRW', 'KRW', 'KRW', '1', 0, '2022-07-22 10:55:15', '2025-12-27 07:45:37'),
(81, 'KWD', 'KWD', 'KWD', '1', 0, '2022-07-22 10:55:15', '2025-12-27 07:45:37'),
(82, 'KYD', 'KYD', 'KYD', '1', 0, '2022-07-22 10:55:15', '2025-12-27 07:45:37'),
(83, 'KZT', 'KZT', 'KZT', '1', 0, '2022-07-22 10:55:15', '2025-12-27 07:45:37'),
(84, 'LAK', 'LAK', 'LAK', '1', 0, '2022-07-22 10:55:15', '2025-12-27 07:45:37'),
(85, 'LBP', 'LBP', 'LBP', '1', 0, '2022-07-22 10:55:15', '2025-12-27 07:45:37'),
(86, 'LKR', 'LKR', 'LKR', '1', 0, '2022-07-22 10:55:15', '2025-12-27 07:45:37'),
(87, 'LRD', 'LRD', 'LRD', '1', 0, '2022-07-22 10:55:15', '2025-12-27 07:45:37'),
(88, 'LSL', 'LSL', 'LSL', '1', 0, '2022-07-22 10:55:15', '2025-12-27 07:45:37'),
(89, 'LYD', 'LYD', 'LYD', '1', 0, '2022-07-22 10:55:15', '2025-12-27 07:45:37'),
(90, 'MAD', 'MAD', 'MAD', '1', 1, '2022-07-22 10:55:15', '2026-04-29 13:39:13'),
(91, 'MDL', 'MDL', 'MDL', '1', 0, '2022-07-22 10:55:15', '2025-12-27 07:45:37'),
(92, 'MGA', 'MGA', 'MGA', '1', 0, '2022-07-22 10:55:15', '2025-12-27 07:45:37'),
(93, 'MKD', 'MKD', 'MKD', '1', 0, '2022-07-22 10:55:15', '2025-12-27 07:45:37'),
(94, 'MMK', 'MMK', 'MMK', '1', 0, '2022-07-22 10:55:15', '2025-12-27 07:45:37'),
(95, 'MNT', 'MNT', 'MNT', '1', 0, '2022-07-22 10:55:15', '2025-12-27 07:45:37'),
(96, 'MOP', 'MOP', 'MOP', '1', 0, '2022-07-22 10:55:15', '2025-12-27 07:45:37'),
(97, 'MRO', 'MRO', 'MRO', '1', 0, '2022-07-22 10:55:15', '2025-12-27 07:45:37'),
(98, 'MUR', 'MUR', 'MUR', '1', 0, '2022-07-22 10:55:15', '2025-12-27 07:45:37'),
(99, 'MVR', 'MVR', 'MVR', '1', 0, '2022-07-22 10:55:15', '2025-12-27 07:45:37'),
(100, 'MWK', 'MWK', 'MWK', '1', 0, '2022-07-22 10:55:15', '2025-12-27 07:45:37'),
(101, 'MXN', 'MXN', 'MXN', '1', 0, '2022-07-22 10:55:15', '2025-12-27 07:45:37'),
(102, 'MXV', 'MXV', 'MXV', '1', 0, '2022-07-22 10:55:15', '2025-12-27 07:45:37'),
(103, 'MYR', 'MYR', 'MYR', '1', 0, '2022-07-22 10:55:15', '2025-12-27 07:45:37'),
(104, 'MZN', 'MZN', 'MZN', '1', 0, '2022-07-22 10:55:15', '2025-12-27 07:45:37'),
(105, 'NAD', 'NAD', 'NAD', '1', 0, '2022-07-30 09:32:37', '2025-12-27 07:45:37'),
(106, 'NGN', 'NGN', 'NGN', '1', 0, '2022-12-30 06:20:42', '2025-12-27 07:45:37'),
(107, 'NIO', 'NIO', 'NIO', '1', 0, '2022-07-22 10:55:15', '2025-12-27 07:45:37'),
(108, 'NOK', 'NOK', 'NOK', '1', 0, '2022-07-22 10:55:15', '2025-12-27 07:45:37'),
(109, 'NPR', 'NPR', 'NPR', '1', 0, '2022-07-22 10:55:15', '2025-12-27 07:45:37'),
(110, 'NZD', 'NZD', 'NZD', '1', 0, '2022-07-22 10:55:15', '2025-12-27 07:45:37'),
(111, 'OMR', 'OMR', 'OMR', '1', 0, '2022-07-22 10:55:15', '2025-12-27 07:45:37'),
(112, 'PAB', 'PAB', 'PAB', '1', 0, '2022-07-22 10:55:15', '2025-12-27 07:45:37'),
(113, 'PEN', 'PEN', 'PEN', '1', 0, '2022-07-22 10:55:15', '2025-12-27 07:45:37'),
(114, 'PGK', 'PGK', 'PGK', '1', 0, '2022-07-22 10:55:15', '2025-12-27 07:45:37'),
(115, 'PHP', 'PHP', 'PHP', '1', 0, '2022-07-22 10:55:15', '2025-12-27 07:45:37'),
(116, 'PKR', 'PKR', 'PKR', '1', 0, '2022-12-30 06:20:19', '2025-12-27 07:45:37'),
(117, 'PLN', 'PLN', 'PLN', '1', 0, '2022-07-22 10:55:15', '2025-12-27 07:45:37'),
(118, 'PYG', 'PYG', 'PYG', '1', 0, '2022-07-22 10:55:15', '2025-12-27 07:45:37'),
(119, 'QAR', 'QAR', 'QAR', '1', 0, '2022-07-22 10:55:15', '2025-12-27 07:45:37'),
(120, 'RON', 'RON', 'RON', '1', 0, '2022-07-22 10:55:15', '2025-12-27 07:45:37'),
(121, 'RSD', 'RSD', 'RSD', '1', 0, '2022-07-22 10:55:15', '2025-12-27 07:45:37'),
(122, 'RUB', 'RUB', 'RUB', '1', 0, '2022-12-30 06:20:16', '2025-12-27 07:45:37'),
(123, 'RWF', 'RWF', 'RWF', '1', 0, '2022-07-22 10:55:15', '2025-12-27 07:45:37'),
(124, 'SAR', 'SAR', 'SAR', '1', 0, '2022-07-22 10:55:15', '2025-12-27 07:45:37'),
(125, 'SBD', 'SBD', 'SBD', '1', 0, '2022-07-22 10:55:15', '2025-12-27 07:45:37'),
(126, 'SCR', 'SCR', 'SCR', '1', 0, '2022-07-22 10:55:15', '2025-12-27 07:45:37'),
(127, 'SDG', 'SDG', 'SDG', '1', 0, '2022-07-22 10:55:15', '2025-12-27 07:45:37'),
(128, 'SEK', 'SEK', 'SEK', '1', 0, '2022-07-22 10:55:15', '2025-12-27 07:45:37'),
(129, 'SGD', 'SGD', 'SGD', '1', 0, '2022-07-22 10:55:15', '2025-12-27 07:45:37'),
(130, 'SHP', 'SHP', 'SHP', '1', 0, '2022-07-22 10:55:15', '2025-12-27 07:45:37'),
(131, 'SLL', 'SLL', 'SLL', '1', 0, '2022-07-22 10:55:15', '2025-12-27 07:45:37'),
(132, 'SOS', 'SOS', 'SOS', '1', 0, '2022-07-22 10:55:15', '2025-12-27 07:45:37'),
(133, 'SRD', 'SRD', 'SRD', '1', 0, '2022-07-22 10:55:15', '2025-12-27 07:45:37'),
(134, 'SSP', 'SSP', 'SSP', '1', 0, '2022-07-22 10:55:15', '2025-12-27 07:45:37'),
(135, 'STD', 'STD', 'STD', '1', 0, '2022-07-22 10:55:15', '2025-12-27 07:45:37'),
(136, 'SVC', 'SVC', 'SVC', '1', 0, '2022-07-22 10:55:15', '2025-12-27 07:45:37'),
(137, 'SYP', 'SYP', 'SYP', '1', 0, '2022-07-22 10:55:15', '2025-12-27 07:45:37'),
(138, 'SZL', 'SZL', 'SZL', '1', 0, '2022-07-22 10:55:15', '2025-12-27 07:45:37'),
(139, 'THB', 'THB', 'THB', '1', 0, '2022-07-22 10:55:15', '2025-12-27 07:45:37'),
(140, 'TJS', 'TJS', 'TJS', '1', 0, '2022-07-22 10:55:15', '2025-12-27 07:45:37'),
(141, 'TMT', 'TMT', 'TMT', '1', 0, '2022-07-22 10:55:15', '2025-12-27 07:45:37'),
(142, 'TND', 'TND', 'TND', '1', 0, '2022-07-22 10:55:15', '2025-12-27 07:45:37'),
(143, 'TOP', 'TOP', 'TOP', '1', 0, '2022-07-22 10:55:15', '2025-12-27 07:45:37'),
(144, 'TRY', 'TRY', 'TRY', '1', 0, '2022-07-22 10:55:15', '2025-12-27 07:45:37'),
(145, 'TTD', 'TTD', 'TTD', '1', 0, '2022-07-22 10:55:15', '2025-12-27 07:45:37'),
(146, 'TWD', 'TWD', 'TWD', '1', 0, '2022-07-22 10:55:15', '2025-12-27 07:45:37'),
(147, 'TZS', 'TZS', 'TZS', '1', 0, '2022-07-22 10:55:15', '2025-12-27 07:45:37'),
(148, 'UAH', 'UAH', 'UAH', '1', 0, '2022-07-22 10:55:15', '2025-12-27 07:45:37'),
(149, 'UGX', 'UGX', 'UGX', '1', 0, '2022-07-22 10:55:15', '2025-12-27 07:45:37'),
(150, 'USD', 'USD', '$', '1', 1, '2022-07-22 10:55:15', '2025-12-27 07:45:37'),
(151, 'USN', 'USN', 'USN', '1', 0, '2022-12-30 06:20:03', '2025-12-27 07:45:37'),
(152, 'UYI', 'UYI', 'UYI', '1', 0, '2022-07-22 10:55:15', '2025-12-27 07:45:37'),
(153, 'UYU', 'UYU', 'UYU', '1', 0, '2022-07-22 10:55:15', '2025-12-27 07:45:37'),
(154, 'UZS', 'UZS', 'UZS', '1', 0, '2022-07-22 10:55:15', '2025-12-27 07:45:37'),
(155, 'VEF', 'VEF', 'VEF', '1', 0, '2022-07-22 10:55:15', '2025-12-27 07:45:37'),
(156, 'VND', 'VND', 'VND', '1', 0, '2022-07-22 10:55:15', '2025-12-27 07:45:37'),
(157, 'VUV', 'VUV', 'VUV', '1', 0, '2022-07-22 10:55:15', '2025-12-27 07:45:37'),
(158, 'WST', 'WST', 'WST', '1', 0, '2022-07-22 10:55:15', '2025-12-27 07:45:37'),
(159, 'XAF', 'XAF', 'XAF', '1', 0, '2022-07-22 10:55:15', '2025-12-27 07:45:37'),
(160, 'XAG', 'XAG', 'XAG', '1', 0, '2022-07-22 10:55:15', '2025-12-27 07:45:37'),
(161, 'XAU', 'XAU', 'XAU', '1', 0, '2022-07-22 10:55:15', '2025-12-27 07:45:37'),
(162, 'XBA', 'XBA', 'XBA', '1', 0, '2022-07-22 10:55:15', '2025-12-27 07:45:37'),
(163, 'XBB', 'XBB', 'XBB', '1', 0, '2022-07-22 10:55:15', '2025-12-27 07:45:37'),
(164, 'XBC', 'XBC', 'XBC', '1', 0, '2022-07-22 10:55:15', '2025-12-27 07:45:37'),
(165, 'XBD', 'XBD', 'XBD', '1', 0, '2022-07-22 10:55:15', '2025-12-27 07:45:37'),
(166, 'XCD', 'XCD', 'XCD', '1', 0, '2022-07-22 10:55:15', '2025-12-27 07:45:37'),
(167, 'XDR', 'XDR', 'XDR', '1', 0, '2022-07-22 10:55:15', '2025-12-27 07:45:37'),
(168, 'XOF', 'XOF', 'XOF', '1', 0, '2022-07-22 10:55:15', '2025-12-27 07:45:37'),
(169, 'XPD', 'XPD', 'XPD', '1', 0, '2022-07-22 10:55:15', '2025-12-27 07:45:37'),
(170, 'XPF', 'XPF', 'XPF', '1', 0, '2022-07-22 10:55:15', '2025-12-27 07:45:37'),
(171, 'XPT', 'XPT', 'XPT', '1', 0, '2022-07-22 10:55:15', '2025-12-27 07:45:37'),
(172, 'XSU', 'XSU', 'XSU', '1', 0, '2022-07-22 10:55:15', '2025-12-27 07:45:37'),
(173, 'XTS', 'XTS', 'XTS', '1', 0, '2022-07-22 10:55:15', '2025-12-27 07:45:37'),
(174, 'XUA', 'XUA', 'XUA', '1', 0, '2022-07-22 10:55:15', '2025-12-27 07:45:37'),
(175, 'XXX', 'XXX', 'XXX', '1', 0, '2022-07-22 10:55:15', '2025-12-27 07:45:37'),
(176, 'YER', 'YER', 'YER', '1', 0, '2022-07-22 10:55:15', '2025-12-27 07:45:37'),
(177, 'ZAR', 'ZAR', 'ZAR', '1', 0, '2022-12-30 06:20:07', '2025-12-27 07:45:37'),
(178, 'ZMW', 'ZMW', 'ZMW', '1', 0, '2022-07-30 07:34:00', '2025-12-27 07:45:37'),
(179, 'ZWL', 'ZWL', 'ZWL', '1', 0, '2022-07-22 10:55:15', '2025-12-27 07:45:37');

-- --------------------------------------------------------

--
-- Structure de la table `custom_fields`
--

CREATE TABLE `custom_fields` (
  `id` int(11) NOT NULL,
  `name` varchar(255) CHARACTER SET utf8mb3 COLLATE utf8mb3_general_ci DEFAULT NULL,
  `belong_to` varchar(100) DEFAULT NULL,
  `type` varchar(100) DEFAULT NULL,
  `bs_column` int(11) DEFAULT NULL,
  `validation` int(11) DEFAULT 0,
  `field_values` text DEFAULT NULL,
  `show_table` varchar(100) DEFAULT NULL,
  `visible_on_table` int(11) NOT NULL,
  `weight` int(11) DEFAULT NULL,
  `is_active` int(11) DEFAULT 0,
  `created_at` timestamp NOT NULL DEFAULT current_timestamp(),
  `updated_at` timestamp NOT NULL DEFAULT current_timestamp() ON UPDATE current_timestamp()
) ENGINE=InnoDB DEFAULT CHARSET=utf8mb3 COLLATE=utf8mb3_uca1400_ai_ci;

-- --------------------------------------------------------

--
-- Structure de la table `custom_field_values`
--

CREATE TABLE `custom_field_values` (
  `id` int(11) NOT NULL,
  `belong_table_id` int(11) DEFAULT NULL,
  `custom_field_id` int(11) DEFAULT NULL,
  `field_value` varchar(500) DEFAULT NULL,
  `created_at` timestamp NOT NULL DEFAULT current_timestamp(),
  `updated_at` timestamp NOT NULL DEFAULT current_timestamp() ON UPDATE current_timestamp()
) ENGINE=InnoDB DEFAULT CHARSET=utf8mb3 COLLATE=utf8mb3_uca1400_ai_ci;

-- --------------------------------------------------------

--
-- Structure de la table `daily_assignment`
--

CREATE TABLE `daily_assignment` (
  `id` int(11) NOT NULL,
  `student_session_id` int(11) NOT NULL,
  `subject_group_subject_id` int(11) NOT NULL,
  `title` varchar(255) DEFAULT NULL,
  `description` text DEFAULT NULL,
  `attachment` text CHARACTER SET utf8mb3 COLLATE utf8mb3_general_ci DEFAULT NULL,
  `evaluated_by` int(11) DEFAULT NULL,
  `date` date DEFAULT NULL,
  `evaluation_date` date DEFAULT NULL,
  `remark` text NOT NULL,
  `created_at` timestamp NOT NULL DEFAULT current_timestamp(),
  `updated_at` timestamp NOT NULL DEFAULT current_timestamp() ON UPDATE current_timestamp()
) ENGINE=InnoDB DEFAULT CHARSET=utf8mb3 COLLATE=utf8mb3_uca1400_ai_ci;

-- --------------------------------------------------------

--
-- Structure de la table `department`
--

CREATE TABLE `department` (
  `id` int(11) NOT NULL,
  `department_name` varchar(200) NOT NULL,
  `is_active` varchar(100) NOT NULL,
  `created_at` timestamp NOT NULL DEFAULT current_timestamp(),
  `updated_at` timestamp NOT NULL DEFAULT current_timestamp() ON UPDATE current_timestamp()
) ENGINE=InnoDB DEFAULT CHARSET=utf8mb3 COLLATE=utf8mb3_uca1400_ai_ci;

-- --------------------------------------------------------

--
-- Structure de la table `disable_reason`
--

CREATE TABLE `disable_reason` (
  `id` int(11) NOT NULL,
  `reason` varchar(255) NOT NULL,
  `created_at` timestamp NOT NULL DEFAULT current_timestamp(),
  `updated_at` timestamp NOT NULL DEFAULT current_timestamp() ON UPDATE current_timestamp()
) ENGINE=InnoDB DEFAULT CHARSET=utf8mb3 COLLATE=utf8mb3_uca1400_ai_ci;

--
-- Déchargement des données de la table `disable_reason`
--

INSERT INTO `disable_reason` (`id`, `reason`, `created_at`, `updated_at`) VALUES
(1, 'Transfert Scolaire', '2026-05-02 10:51:57', '2026-05-02 10:52:16'),
(2, 'Abandon', '2026-05-02 10:52:28', '2026-05-02 10:52:28'),
(3, 'Mobilité Parents', '2026-05-02 10:52:37', '2026-05-02 10:52:37');

-- --------------------------------------------------------

--
-- Structure de la table `dispatch_receive`
--

CREATE TABLE `dispatch_receive` (
  `id` int(11) NOT NULL,
  `reference_no` varchar(50) NOT NULL,
  `to_title` varchar(100) NOT NULL,
  `type` varchar(10) NOT NULL,
  `address` varchar(500) NOT NULL,
  `note` varchar(500) NOT NULL,
  `from_title` varchar(200) NOT NULL,
  `date` date DEFAULT NULL,
  `image` text CHARACTER SET utf8mb3 COLLATE utf8mb3_general_ci DEFAULT NULL,
  `created_at` timestamp NOT NULL DEFAULT current_timestamp(),
  `updated_at` timestamp NOT NULL DEFAULT current_timestamp() ON UPDATE current_timestamp()
) ENGINE=InnoDB DEFAULT CHARSET=utf8mb3 COLLATE=utf8mb3_uca1400_ai_ci;

-- --------------------------------------------------------

--
-- Structure de la table `email_attachments`
--

CREATE TABLE `email_attachments` (
  `id` int(11) NOT NULL,
  `message_id` int(11) NOT NULL,
  `directory` text CHARACTER SET utf8mb3 COLLATE utf8mb3_general_ci NOT NULL,
  `attachment` text CHARACTER SET utf8mb3 COLLATE utf8mb3_general_ci NOT NULL,
  `attachment_name` varchar(200) NOT NULL,
  `created_at` timestamp NOT NULL DEFAULT current_timestamp(),
  `updated_at` timestamp NOT NULL DEFAULT current_timestamp() ON UPDATE current_timestamp()
) ENGINE=InnoDB DEFAULT CHARSET=utf8mb3 COLLATE=utf8mb3_uca1400_ai_ci;

-- --------------------------------------------------------

--
-- Structure de la table `email_config`
--

CREATE TABLE `email_config` (
  `id` int(10) UNSIGNED NOT NULL,
  `email_type` varchar(100) DEFAULT NULL,
  `smtp_server` varchar(100) DEFAULT NULL,
  `smtp_port` varchar(100) DEFAULT NULL,
  `smtp_email` varchar(255) DEFAULT NULL,
  `smtp_username` varchar(100) DEFAULT NULL,
  `smtp_password` varchar(100) DEFAULT NULL,
  `ssl_tls` varchar(100) DEFAULT NULL,
  `smtp_auth` varchar(10) NOT NULL,
  `api_key` varchar(255) DEFAULT NULL,
  `api_secret` varchar(255) DEFAULT NULL,
  `region` varchar(255) DEFAULT NULL,
  `is_active` varchar(10) NOT NULL DEFAULT 'no',
  `created_at` timestamp NOT NULL DEFAULT current_timestamp(),
  `updated_at` timestamp NOT NULL DEFAULT current_timestamp() ON UPDATE current_timestamp()
) ENGINE=InnoDB DEFAULT CHARSET=utf8mb3 COLLATE=utf8mb3_uca1400_ai_ci;

--
-- Déchargement des données de la table `email_config`
--

INSERT INTO `email_config` (`id`, `email_type`, `smtp_server`, `smtp_port`, `smtp_email`, `smtp_username`, `smtp_password`, `ssl_tls`, `smtp_auth`, `api_key`, `api_secret`, `region`, `is_active`, `created_at`, `updated_at`) VALUES
(1, 'sendmail', NULL, NULL, NULL, NULL, NULL, NULL, '', NULL, NULL, NULL, 'yes', '2020-02-28 13:46:03', '2025-12-27 07:45:38');

-- --------------------------------------------------------

--
-- Structure de la table `email_template`
--

CREATE TABLE `email_template` (
  `id` int(11) NOT NULL,
  `title` varchar(100) NOT NULL,
  `message` text NOT NULL,
  `created_at` date NOT NULL
) ENGINE=InnoDB DEFAULT CHARSET=utf8mb3 COLLATE=utf8mb3_uca1400_ai_ci;

-- --------------------------------------------------------

--
-- Structure de la table `email_template_attachment`
--

CREATE TABLE `email_template_attachment` (
  `id` int(11) NOT NULL,
  `email_template_id` int(11) NOT NULL,
  `attachment` text CHARACTER SET utf8mb3 COLLATE utf8mb3_general_ci NOT NULL,
  `attachment_name` text NOT NULL
) ENGINE=InnoDB DEFAULT CHARSET=utf8mb3 COLLATE=utf8mb3_uca1400_ai_ci;

-- --------------------------------------------------------

--
-- Structure de la table `enquiry`
--

CREATE TABLE `enquiry` (
  `id` int(11) NOT NULL,
  `name` varchar(100) NOT NULL,
  `contact` varchar(20) NOT NULL,
  `address` text NOT NULL,
  `reference` varchar(20) NOT NULL,
  `date` date NOT NULL,
  `description` varchar(500) NOT NULL,
  `follow_up_date` date NOT NULL,
  `note` text NOT NULL,
  `source` varchar(50) NOT NULL,
  `email` varchar(50) DEFAULT NULL,
  `assigned` int(11) DEFAULT NULL,
  `class_id` int(11) DEFAULT NULL,
  `no_of_child` varchar(11) DEFAULT NULL,
  `status` varchar(100) NOT NULL,
  `created_by` int(11) NOT NULL,
  `created_at` timestamp NOT NULL DEFAULT current_timestamp(),
  `updated_at` timestamp NOT NULL DEFAULT current_timestamp() ON UPDATE current_timestamp()
) ENGINE=InnoDB DEFAULT CHARSET=utf8mb3 COLLATE=utf8mb3_uca1400_ai_ci;

-- --------------------------------------------------------

--
-- Structure de la table `enquiry_type`
--

CREATE TABLE `enquiry_type` (
  `id` int(11) NOT NULL,
  `enquiry_type` varchar(100) NOT NULL,
  `description` text NOT NULL
) ENGINE=InnoDB DEFAULT CHARSET=utf8mb3 COLLATE=utf8mb3_uca1400_ai_ci;

-- --------------------------------------------------------

--
-- Structure de la table `events`
--

CREATE TABLE `events` (
  `id` int(11) NOT NULL,
  `event_title` varchar(200) NOT NULL,
  `event_description` text NOT NULL,
  `start_date` datetime NOT NULL,
  `end_date` datetime NOT NULL,
  `event_type` varchar(100) NOT NULL,
  `event_color` varchar(200) NOT NULL,
  `event_for` varchar(100) NOT NULL,
  `role_id` int(11) DEFAULT NULL,
  `is_active` varchar(100) NOT NULL,
  `created_at` timestamp NOT NULL DEFAULT current_timestamp(),
  `updated_at` timestamp NOT NULL DEFAULT current_timestamp() ON UPDATE current_timestamp()
) ENGINE=InnoDB DEFAULT CHARSET=utf8mb3 COLLATE=utf8mb3_uca1400_ai_ci;

-- --------------------------------------------------------

--
-- Structure de la table `exams`
--

CREATE TABLE `exams` (
  `id` int(11) NOT NULL,
  `name` varchar(200) DEFAULT NULL,
  `sesion_id` int(11) NOT NULL,
  `note` text DEFAULT NULL,
  `is_active` varchar(255) DEFAULT 'no',
  `created_at` timestamp NOT NULL DEFAULT current_timestamp(),
  `updated_at` timestamp NOT NULL DEFAULT current_timestamp() ON UPDATE current_timestamp()
) ENGINE=InnoDB DEFAULT CHARSET=utf8mb3 COLLATE=utf8mb3_uca1400_ai_ci;

-- --------------------------------------------------------

--
-- Structure de la table `exam_groups`
--

CREATE TABLE `exam_groups` (
  `id` int(11) NOT NULL,
  `name` varchar(250) DEFAULT NULL,
  `exam_type` varchar(250) DEFAULT NULL,
  `description` text DEFAULT NULL,
  `is_active` int(11) DEFAULT 1,
  `created_at` timestamp NOT NULL DEFAULT current_timestamp(),
  `updated_at` timestamp NOT NULL DEFAULT current_timestamp() ON UPDATE current_timestamp()
) ENGINE=InnoDB DEFAULT CHARSET=utf8mb3 COLLATE=utf8mb3_uca1400_ai_ci;

-- --------------------------------------------------------

--
-- Structure de la table `exam_group_class_batch_exams`
--

CREATE TABLE `exam_group_class_batch_exams` (
  `id` int(11) NOT NULL,
  `exam` varchar(250) DEFAULT NULL,
  `passing_percentage` decimal(10,2) DEFAULT NULL,
  `session_id` int(11) NOT NULL,
  `date_from` date DEFAULT NULL,
  `date_to` date DEFAULT NULL,
  `exam_group_id` int(11) DEFAULT NULL,
  `use_exam_roll_no` int(11) NOT NULL DEFAULT 1,
  `is_publish` int(11) DEFAULT 0,
  `is_rank_generated` int(11) NOT NULL DEFAULT 0,
  `description` text DEFAULT NULL,
  `is_active` int(11) DEFAULT 0,
  `created_at` timestamp NOT NULL DEFAULT current_timestamp(),
  `updated_at` timestamp NOT NULL DEFAULT current_timestamp() ON UPDATE current_timestamp()
) ENGINE=InnoDB DEFAULT CHARSET=utf8mb3 COLLATE=utf8mb3_uca1400_ai_ci;

-- --------------------------------------------------------

--
-- Structure de la table `exam_group_class_batch_exam_students`
--

CREATE TABLE `exam_group_class_batch_exam_students` (
  `id` int(11) NOT NULL,
  `exam_group_class_batch_exam_id` int(11) NOT NULL,
  `student_id` int(11) NOT NULL,
  `student_session_id` int(11) NOT NULL,
  `roll_no` int(11) DEFAULT NULL,
  `teacher_remark` text DEFAULT NULL,
  `rank` int(11) NOT NULL DEFAULT 0,
  `is_active` int(11) DEFAULT 0,
  `created_at` timestamp NOT NULL DEFAULT current_timestamp(),
  `updated_at` timestamp NOT NULL DEFAULT current_timestamp() ON UPDATE current_timestamp()
) ENGINE=InnoDB DEFAULT CHARSET=utf8mb3 COLLATE=utf8mb3_uca1400_ai_ci;

-- --------------------------------------------------------

--
-- Structure de la table `exam_group_class_batch_exam_subjects`
--

CREATE TABLE `exam_group_class_batch_exam_subjects` (
  `id` int(11) NOT NULL,
  `exam_group_class_batch_exams_id` int(11) DEFAULT NULL,
  `subject_id` int(11) NOT NULL,
  `date_from` date NOT NULL,
  `time_from` time NOT NULL,
  `duration` varchar(50) NOT NULL,
  `room_no` varchar(100) DEFAULT NULL,
  `max_marks` decimal(10,2) DEFAULT NULL,
  `min_marks` decimal(10,2) DEFAULT NULL,
  `credit_hours` decimal(10,2) DEFAULT 0.00,
  `date_to` datetime DEFAULT NULL,
  `is_active` int(11) DEFAULT 0,
  `created_at` timestamp NOT NULL DEFAULT current_timestamp(),
  `updated_at` timestamp NOT NULL DEFAULT current_timestamp() ON UPDATE current_timestamp()
) ENGINE=InnoDB DEFAULT CHARSET=utf8mb3 COLLATE=utf8mb3_uca1400_ai_ci;

-- --------------------------------------------------------

--
-- Structure de la table `exam_group_exam_connections`
--

CREATE TABLE `exam_group_exam_connections` (
  `id` int(11) NOT NULL,
  `exam_group_id` int(11) DEFAULT NULL,
  `exam_group_class_batch_exams_id` int(11) DEFAULT NULL,
  `exam_weightage` decimal(10,2) DEFAULT 0.00,
  `is_active` int(11) DEFAULT 0,
  `created_at` timestamp NOT NULL DEFAULT current_timestamp(),
  `updated_at` timestamp NOT NULL DEFAULT current_timestamp() ON UPDATE current_timestamp()
) ENGINE=InnoDB DEFAULT CHARSET=utf8mb3 COLLATE=utf8mb3_uca1400_ai_ci;

-- --------------------------------------------------------

--
-- Structure de la table `exam_group_exam_results`
--

CREATE TABLE `exam_group_exam_results` (
  `id` int(11) NOT NULL,
  `exam_group_class_batch_exam_student_id` int(11) NOT NULL,
  `exam_group_class_batch_exam_subject_id` int(11) DEFAULT NULL,
  `exam_group_student_id` int(11) DEFAULT NULL,
  `attendence` varchar(10) DEFAULT NULL,
  `get_marks` decimal(10,2) DEFAULT 0.00,
  `note` text DEFAULT NULL,
  `is_active` int(11) DEFAULT 0,
  `created_at` timestamp NOT NULL DEFAULT current_timestamp(),
  `updated_at` datetime DEFAULT current_timestamp()
) ENGINE=InnoDB DEFAULT CHARSET=utf8mb3 COLLATE=utf8mb3_uca1400_ai_ci;

-- --------------------------------------------------------

--
-- Structure de la table `exam_group_students`
--

CREATE TABLE `exam_group_students` (
  `id` int(11) NOT NULL,
  `exam_group_id` int(11) DEFAULT NULL,
  `student_id` int(11) DEFAULT NULL,
  `student_session_id` int(11) DEFAULT NULL,
  `is_active` int(11) DEFAULT 0,
  `created_at` timestamp NOT NULL DEFAULT current_timestamp(),
  `updated_at` timestamp NOT NULL DEFAULT current_timestamp() ON UPDATE current_timestamp()
) ENGINE=InnoDB DEFAULT CHARSET=utf8mb3 COLLATE=utf8mb3_uca1400_ai_ci;

-- --------------------------------------------------------

--
-- Structure de la table `exam_schedules`
--

CREATE TABLE `exam_schedules` (
  `id` int(11) NOT NULL,
  `session_id` int(11) NOT NULL,
  `exam_id` int(11) DEFAULT NULL,
  `teacher_subject_id` int(11) DEFAULT NULL,
  `date_of_exam` date DEFAULT NULL,
  `start_to` varchar(50) DEFAULT NULL,
  `end_from` varchar(50) DEFAULT NULL,
  `room_no` varchar(50) DEFAULT NULL,
  `full_marks` int(11) DEFAULT NULL,
  `passing_marks` int(11) DEFAULT NULL,
  `note` text DEFAULT NULL,
  `is_active` varchar(255) DEFAULT 'no',
  `created_at` timestamp NOT NULL DEFAULT current_timestamp(),
  `updated_at` timestamp NOT NULL DEFAULT current_timestamp() ON UPDATE current_timestamp()
) ENGINE=InnoDB DEFAULT CHARSET=utf8mb3 COLLATE=utf8mb3_uca1400_ai_ci;

-- --------------------------------------------------------

--
-- Structure de la table `expenses`
--

CREATE TABLE `expenses` (
  `id` int(11) NOT NULL,
  `exp_head_id` int(11) DEFAULT NULL,
  `name` varchar(50) DEFAULT NULL,
  `invoice_no` varchar(200) DEFAULT NULL,
  `date` date DEFAULT NULL,
  `amount` decimal(10,2) DEFAULT NULL,
  `documents` text CHARACTER SET utf8mb3 COLLATE utf8mb3_general_ci DEFAULT NULL,
  `note` text DEFAULT NULL,
  `is_active` varchar(255) DEFAULT 'yes',
  `is_deleted` varchar(255) DEFAULT 'no',
  `created_at` timestamp NOT NULL DEFAULT current_timestamp(),
  `updated_at` datetime DEFAULT current_timestamp()
) ENGINE=InnoDB DEFAULT CHARSET=utf8mb3 COLLATE=utf8mb3_uca1400_ai_ci;

-- --------------------------------------------------------

--
-- Structure de la table `expense_head`
--

CREATE TABLE `expense_head` (
  `id` int(11) NOT NULL,
  `exp_category` varchar(50) DEFAULT NULL,
  `description` text DEFAULT NULL,
  `is_active` varchar(255) DEFAULT 'yes',
  `is_deleted` varchar(255) DEFAULT 'no',
  `created_at` timestamp NOT NULL DEFAULT current_timestamp(),
  `updated_at` timestamp NOT NULL DEFAULT current_timestamp() ON UPDATE current_timestamp()
) ENGINE=InnoDB DEFAULT CHARSET=utf8mb3 COLLATE=utf8mb3_uca1400_ai_ci;

-- --------------------------------------------------------

--
-- Structure de la table `feemasters`
--

CREATE TABLE `feemasters` (
  `id` int(11) NOT NULL,
  `session_id` int(11) DEFAULT NULL,
  `feetype_id` int(11) NOT NULL,
  `class_id` int(11) DEFAULT NULL,
  `amount` decimal(10,2) DEFAULT NULL,
  `description` text DEFAULT NULL,
  `is_active` varchar(255) DEFAULT 'no',
  `created_at` timestamp NOT NULL DEFAULT current_timestamp(),
  `updated_at` timestamp NOT NULL DEFAULT current_timestamp() ON UPDATE current_timestamp()
) ENGINE=InnoDB DEFAULT CHARSET=utf8mb3 COLLATE=utf8mb3_uca1400_ai_ci;

-- --------------------------------------------------------

--
-- Structure de la table `fees_discounts`
--

CREATE TABLE `fees_discounts` (
  `id` int(11) NOT NULL,
  `session_id` int(11) DEFAULT NULL,
  `name` varchar(100) DEFAULT NULL,
  `code` varchar(100) DEFAULT NULL,
  `type` varchar(20) DEFAULT NULL,
  `percentage` decimal(10,2) DEFAULT NULL,
  `amount` decimal(10,2) DEFAULT NULL,
  `discount_limit` int(11) DEFAULT NULL,
  `expire_date` date DEFAULT NULL,
  `description` text DEFAULT NULL,
  `is_active` varchar(10) NOT NULL DEFAULT 'no',
  `created_at` timestamp NOT NULL DEFAULT current_timestamp(),
  `updated_at` timestamp NOT NULL DEFAULT current_timestamp() ON UPDATE current_timestamp()
) ENGINE=InnoDB DEFAULT CHARSET=utf8mb3 COLLATE=utf8mb3_uca1400_ai_ci;

--
-- Déchargement des données de la table `fees_discounts`
--

INSERT INTO `fees_discounts` (`id`, `session_id`, `name`, `code`, `type`, `percentage`, `amount`, `discount_limit`, `expire_date`, `description`, `is_active`, `created_at`, `updated_at`) VALUES
(1, 22, 'Remise 10%', 'LVEP10', 'percentage', 10.00, 0.00, 1, NULL, 'Remise 10% sur paiement complet de la scolarité annuelle ', 'no', '2026-04-30 12:46:54', '2026-04-30 12:46:54'),
(2, 22, 'Remise frère & soeur', 'RFS', 'fix', NULL, 50.00, 10, NULL, 'Remise de 50 dh sur le deuxième enfant inscrit', 'no', '2026-05-02 20:02:06', '2026-05-02 20:03:11'),
(3, 22, 'Remise enfant du personnel', 'REP', 'percentage', 50.00, 0.00, 10, NULL, '', 'no', '2026-05-02 20:03:01', '2026-05-02 20:03:01');

-- --------------------------------------------------------

--
-- Structure de la table `fees_reminder`
--

CREATE TABLE `fees_reminder` (
  `id` int(11) NOT NULL,
  `reminder_type` varchar(10) DEFAULT NULL,
  `day` int(11) DEFAULT NULL,
  `is_active` int(11) DEFAULT 0,
  `created_at` timestamp NOT NULL DEFAULT current_timestamp(),
  `updated_at` datetime DEFAULT current_timestamp()
) ENGINE=InnoDB DEFAULT CHARSET=utf8mb3 COLLATE=utf8mb3_uca1400_ai_ci;

--
-- Déchargement des données de la table `fees_reminder`
--

INSERT INTO `fees_reminder` (`id`, `reminder_type`, `day`, `is_active`, `created_at`, `updated_at`) VALUES
(1, 'before', 2, 0, '2020-02-28 13:38:32', NULL),
(2, 'before', 5, 0, '2020-02-28 13:38:36', NULL),
(3, 'after', 2, 0, '2020-02-28 13:38:40', NULL),
(4, 'after', 5, 0, '2020-02-28 13:38:44', NULL);

-- --------------------------------------------------------

--
-- Structure de la table `feetype`
--

CREATE TABLE `feetype` (
  `id` int(11) NOT NULL,
  `is_system` int(11) NOT NULL DEFAULT 0,
  `feecategory_id` int(11) DEFAULT NULL,
  `type` varchar(50) DEFAULT NULL,
  `code` varchar(100) NOT NULL,
  `is_active` varchar(255) DEFAULT 'no',
  `description` text DEFAULT NULL,
  `session_id` int(11) DEFAULT NULL,
  `student_session_id` int(11) DEFAULT NULL,
  `nature` varchar(255) NOT NULL,
  `created_at` timestamp NOT NULL DEFAULT current_timestamp(),
  `updated_at` datetime DEFAULT current_timestamp()
) ENGINE=InnoDB DEFAULT CHARSET=utf8mb3 COLLATE=utf8mb3_uca1400_ai_ci;

--
-- Déchargement des données de la table `feetype`
--

INSERT INTO `feetype` (`id`, `is_system`, `feecategory_id`, `type`, `code`, `is_active`, `description`, `session_id`, `student_session_id`, `nature`, `created_at`, `updated_at`) VALUES
(1, 0, NULL, 'Inscription', 'FI', 'no', '', NULL, NULL, '', '2026-04-29 19:03:06', '2026-04-29 19:03:06'),
(2, 0, NULL, 'Assurance Transport ', 'Ass', 'no', '', NULL, NULL, '', '2026-04-29 19:05:09', '2026-04-29 19:05:09'),
(3, 0, NULL, 'Scolarité  mois de Septembre', 'Sept', 'no', '', NULL, NULL, '', '2026-04-30 10:27:25', '2026-04-30 10:27:25'),
(4, 0, NULL, 'Scolarité  mois d\' Octobre', 'Oct', 'no', '', NULL, NULL, '', '2026-04-30 10:27:43', '2026-04-30 10:27:43'),
(5, 0, NULL, 'Scolarité  mois de Novembre', 'Nov', 'no', '', NULL, NULL, '', '2026-04-30 10:27:55', '2026-04-30 10:27:55'),
(6, 0, NULL, 'Scolarité  mois de Décembre', 'Dec', 'no', '', NULL, NULL, '', '2026-04-30 10:29:06', '2026-04-30 10:29:06'),
(8, 0, NULL, 'Scolarité  mois de Janvier', 'Janv', 'no', '', NULL, NULL, '', '2026-04-30 10:31:48', '2026-04-30 10:31:48'),
(9, 0, NULL, 'Scolarité  mois de Février', 'Fev', 'no', '', NULL, NULL, '', '2026-04-30 10:32:03', '2026-04-30 10:32:03'),
(10, 0, NULL, 'Scolarité  mois de Mars', 'Mars', 'no', '', NULL, NULL, '', '2026-04-30 10:32:25', '2026-04-30 10:32:25'),
(11, 0, NULL, 'Scolarité  mois de Avril', 'Avr', 'no', '', NULL, NULL, '', '2026-04-30 10:32:38', '2026-04-30 10:32:38'),
(12, 0, NULL, 'Scolarité  mois de Mai', 'Mai', 'no', '', NULL, NULL, '', '2026-04-30 10:33:00', '2026-04-30 10:33:00'),
(13, 0, NULL, 'Scolarité  mois de Juin', 'Juin', 'no', '', NULL, NULL, '', '2026-04-30 10:33:26', '2026-04-30 10:33:26'),
(15, 0, NULL, 'Association Sportive ', 'FAS', 'no', 'Frais Annexes', NULL, NULL, '', '2026-06-03 10:03:35', '2026-06-03 10:03:35');

-- --------------------------------------------------------

--
-- Structure de la table `fee_groups`
--

CREATE TABLE `fee_groups` (
  `id` int(11) NOT NULL,
  `name` varchar(200) DEFAULT NULL,
  `is_system` int(11) NOT NULL DEFAULT 0,
  `description` text DEFAULT NULL,
  `nature` varchar(255) CHARACTER SET utf8mb3 COLLATE utf8mb3_general_ci NOT NULL,
  `is_active` varchar(10) NOT NULL DEFAULT 'no',
  `created_at` timestamp NOT NULL DEFAULT current_timestamp(),
  `updated_at` timestamp NOT NULL DEFAULT current_timestamp() ON UPDATE current_timestamp()
) ENGINE=InnoDB DEFAULT CHARSET=utf8mb3 COLLATE=utf8mb3_uca1400_ai_ci;

--
-- Déchargement des données de la table `fee_groups`
--

INSERT INTO `fee_groups` (`id`, `name`, `is_system`, `description`, `nature`, `is_active`, `created_at`, `updated_at`) VALUES
(1, 'Frais Généraux', 0, '', '', 'no', '2026-04-29 19:02:42', '2026-04-30 10:25:25'),
(2, 'Frais de scolarité Standard', 0, '', '', 'no', '2026-04-30 10:26:33', '2026-04-30 12:10:53'),
(3, 'Frais de scolarité Légacy', 0, '', '', 'no', '2026-04-30 12:11:09', '2026-04-30 12:11:09'),
(4, 'Frais de scolarité Maternelle', 0, '', '', 'no', '2026-06-03 09:38:30', '2026-06-03 09:38:30'),
(5, 'Frais  de Scolarité Crèche ', 0, '', '', 'no', '2026-06-03 09:38:51', '2026-06-03 09:38:51'),
(6, 'Assurance Transport', 0, '', '', 'no', '2026-06-03 09:59:34', '2026-06-03 10:02:07'),
(7, 'Association Sportive ', 0, '', '', 'no', '2026-06-03 10:04:12', '2026-06-03 10:04:12');

-- --------------------------------------------------------

--
-- Structure de la table `fee_groups_feetype`
--

CREATE TABLE `fee_groups_feetype` (
  `id` int(11) NOT NULL,
  `fee_session_group_id` int(11) DEFAULT NULL,
  `fee_groups_id` int(11) DEFAULT NULL,
  `feetype_id` int(11) DEFAULT NULL,
  `session_id` int(11) DEFAULT NULL,
  `amount` decimal(10,2) DEFAULT NULL,
  `fine_type` varchar(50) NOT NULL DEFAULT 'none',
  `due_date` date DEFAULT NULL,
  `fine_percentage` decimal(10,2) NOT NULL DEFAULT 0.00,
  `fine_amount` decimal(10,2) NOT NULL DEFAULT 0.00,
  `fine_per_day` int(11) NOT NULL DEFAULT 0,
  `is_active` varchar(10) NOT NULL DEFAULT 'no',
  `created_at` timestamp NOT NULL DEFAULT current_timestamp(),
  `updated_at` timestamp NOT NULL DEFAULT current_timestamp() ON UPDATE current_timestamp()
) ENGINE=InnoDB DEFAULT CHARSET=utf8mb3 COLLATE=utf8mb3_uca1400_ai_ci;

--
-- Déchargement des données de la table `fee_groups_feetype`
--

INSERT INTO `fee_groups_feetype` (`id`, `fee_session_group_id`, `fee_groups_id`, `feetype_id`, `session_id`, `amount`, `fine_type`, `due_date`, `fine_percentage`, `fine_amount`, `fine_per_day`, `is_active`, `created_at`, `updated_at`) VALUES
(1, 1, 1, 1, 22, 1000.00, 'none', '2027-06-30', 0.00, 0.00, 0, 'no', '2026-04-29 19:03:49', '2026-04-29 19:03:49'),
(4, 2, 2, 3, 22, 900.00, 'none', '2026-09-30', 0.00, 0.00, 0, 'no', '2026-04-30 12:12:07', '2026-04-30 12:12:07'),
(5, 2, 2, 4, 22, 900.00, 'none', '2026-10-31', 0.00, 0.00, 0, 'no', '2026-04-30 12:12:30', '2026-04-30 12:12:30'),
(6, 2, 2, 5, 22, 900.00, 'none', '2026-11-30', 0.00, 0.00, 0, 'no', '2026-04-30 12:12:49', '2026-04-30 12:12:49'),
(7, 2, 2, 6, 22, 900.00, 'none', '2026-12-31', 0.00, 0.00, 0, 'no', '2026-04-30 12:13:11', '2026-04-30 12:13:11'),
(8, 2, 2, 8, 22, 900.00, 'none', '2027-01-31', 0.00, 0.00, 0, 'no', '2026-04-30 12:14:10', '2026-04-30 12:14:10'),
(9, 2, 2, 9, 22, 900.00, 'none', '2027-02-28', 0.00, 0.00, 0, 'no', '2026-04-30 12:14:42', '2026-04-30 12:14:42'),
(10, 2, 2, 10, 22, 900.00, 'none', '2027-03-31', 0.00, 0.00, 0, 'no', '2026-04-30 12:15:03', '2026-04-30 12:15:03'),
(11, 2, 2, 11, 22, 900.00, 'none', '2027-04-30', 0.00, 0.00, 0, 'no', '2026-04-30 12:15:27', '2026-04-30 12:15:27'),
(13, 2, 2, 12, 22, 900.00, 'none', '2027-05-31', 0.00, 0.00, 0, 'no', '2026-04-30 12:16:19', '2026-04-30 12:16:19'),
(14, 2, 2, 13, 22, 900.00, 'none', '2027-06-30', 0.00, 0.00, 0, 'no', '2026-04-30 12:16:45', '2026-04-30 12:16:45'),
(15, 3, 3, 3, 22, 750.00, 'none', '2026-09-30', 0.00, 0.00, 0, 'no', '2026-04-30 12:20:31', '2026-04-30 12:20:31'),
(16, 3, 3, 4, 22, 750.00, 'none', '2026-10-31', 0.00, 0.00, 0, 'no', '2026-04-30 12:20:56', '2026-04-30 12:20:56'),
(17, 3, 3, 5, 22, 750.00, 'none', '2026-11-30', 0.00, 0.00, 0, 'no', '2026-04-30 12:21:19', '2026-04-30 12:21:19'),
(18, 3, 3, 6, 22, 750.00, 'none', '2026-12-31', 0.00, 0.00, 0, 'no', '2026-04-30 12:21:36', '2026-04-30 12:21:36'),
(19, 3, 3, 8, 22, 750.00, 'none', '2027-01-31', 0.00, 0.00, 0, 'no', '2026-04-30 12:22:46', '2026-04-30 12:22:46'),
(20, 3, 3, 9, 22, 750.00, 'none', '2027-02-28', 0.00, 0.00, 0, 'no', '2026-04-30 12:23:06', '2026-04-30 12:23:06'),
(21, 3, 3, 10, 22, 750.00, 'none', '2027-03-31', 0.00, 0.00, 0, 'no', '2026-04-30 12:23:29', '2026-04-30 12:23:29'),
(22, 3, 3, 11, 22, 750.00, 'none', '2027-04-30', 0.00, 0.00, 0, 'no', '2026-04-30 12:23:52', '2026-04-30 12:23:52'),
(23, 3, 3, 12, 22, 750.00, 'none', '2027-05-31', 0.00, 0.00, 0, 'no', '2026-04-30 12:24:20', '2026-04-30 12:24:20'),
(24, 3, 3, 13, 22, 750.00, 'none', '2027-06-30', 0.00, 0.00, 0, 'no', '2026-04-30 12:24:53', '2026-04-30 12:24:53'),
(25, 4, 4, 3, 22, 600.00, 'none', '2026-09-30', 0.00, 0.00, 0, 'no', '2026-06-03 09:39:31', '2026-06-03 09:39:31'),
(26, 4, 4, 4, 22, 600.00, 'none', '2026-10-31', 0.00, 0.00, 0, 'no', '2026-06-03 09:42:29', '2026-06-03 09:42:29'),
(27, 4, 4, 5, 22, 600.00, 'none', '2026-11-30', 0.00, 0.00, 0, 'no', '2026-06-03 09:42:38', '2026-06-03 09:42:38'),
(28, 4, 4, 6, 22, 600.00, 'none', '2026-12-31', 0.00, 0.00, 0, 'no', '2026-06-03 09:42:50', '2026-06-03 09:42:50'),
(29, 4, 4, 8, 22, 600.00, 'none', '2027-01-31', 0.00, 0.00, 0, 'no', '2026-06-03 09:43:04', '2026-06-03 09:43:04'),
(30, 4, 4, 9, 22, 600.00, 'none', '2027-02-28', 0.00, 0.00, 0, 'no', '2026-06-03 09:43:22', '2026-06-03 09:43:22'),
(31, 4, 4, 10, 22, 600.00, 'none', '2027-03-31', 0.00, 0.00, 0, 'no', '2026-06-03 09:43:35', '2026-06-03 09:43:35'),
(32, 4, 4, 11, 22, 600.00, 'none', '2027-04-30', 0.00, 0.00, 0, 'no', '2026-06-03 09:43:51', '2026-06-03 09:43:51'),
(33, 4, 4, 12, 22, 600.00, 'none', '2027-05-30', 0.00, 0.00, 0, 'no', '2026-06-03 09:44:08', '2026-06-03 09:44:08'),
(34, 4, 4, 13, 22, 600.00, 'none', '2026-06-30', 0.00, 0.00, 0, 'no', '2026-06-03 09:44:30', '2026-06-03 09:44:30'),
(35, 5, 5, 3, 22, 750.00, 'none', '2026-09-30', 0.00, 0.00, 0, 'no', '2026-06-03 09:51:53', '2026-06-03 09:51:53'),
(36, 5, 5, 4, 22, 750.00, 'none', NULL, 0.00, 0.00, 0, 'no', '2026-06-03 09:52:08', '2026-06-03 09:52:08'),
(37, 5, 5, 5, 22, 750.00, 'none', '2026-11-30', 0.00, 0.00, 0, 'no', '2026-06-03 09:53:36', '2026-06-03 09:53:36'),
(38, 5, 5, 6, 22, 750.00, 'none', '2026-12-31', 0.00, 0.00, 0, 'no', '2026-06-03 09:53:48', '2026-06-03 09:53:48'),
(39, 5, 5, 8, 22, 750.00, 'none', '2027-01-31', 0.00, 0.00, 0, 'no', '2026-06-03 09:54:01', '2026-06-03 09:54:01'),
(40, 5, 5, 9, 22, 750.00, 'none', '2027-02-28', 0.00, 0.00, 0, 'no', '2026-06-03 09:54:16', '2026-06-03 09:54:16'),
(41, 5, 5, 10, 22, 750.00, 'none', '2027-04-30', 0.00, 0.00, 0, 'no', '2026-06-03 09:54:34', '2026-06-03 09:54:34'),
(42, 5, 5, 11, 22, 750.00, 'none', '2027-04-30', 0.00, 0.00, 0, 'no', '2026-06-03 09:54:53', '2026-06-03 09:54:53'),
(43, 5, 5, 12, 22, 750.00, 'none', '2027-05-31', 0.00, 0.00, 0, 'no', '2026-06-03 09:55:14', '2026-06-03 09:55:14'),
(44, 5, 5, 13, 22, 750.00, 'none', '2026-06-30', 0.00, 0.00, 0, 'no', '2026-06-03 09:55:33', '2026-06-03 09:55:33'),
(45, 6, 6, 2, 22, 200.00, 'none', '2027-06-30', 0.00, 0.00, 0, 'no', '2026-06-03 10:00:13', '2026-06-03 10:00:13'),
(46, 7, 7, 15, 22, 20.00, 'none', '2027-06-30', 0.00, 0.00, 0, 'no', '2026-06-03 10:04:46', '2026-06-03 10:04:46');

-- --------------------------------------------------------

--
-- Structure de la table `fee_receipt_no`
--

CREATE TABLE `fee_receipt_no` (
  `id` int(11) NOT NULL,
  `payment` int(11) NOT NULL,
  `created_at` timestamp NOT NULL DEFAULT current_timestamp(),
  `updated_at` timestamp NOT NULL DEFAULT current_timestamp() ON UPDATE current_timestamp()
) ENGINE=InnoDB DEFAULT CHARSET=utf8mb3 COLLATE=utf8mb3_uca1400_ai_ci;

-- --------------------------------------------------------

--
-- Structure de la table `fee_session_groups`
--

CREATE TABLE `fee_session_groups` (
  `id` int(11) NOT NULL,
  `fee_groups_id` int(11) DEFAULT NULL,
  `session_id` int(11) DEFAULT NULL,
  `is_active` varchar(10) NOT NULL DEFAULT 'no',
  `created_at` timestamp NOT NULL DEFAULT current_timestamp(),
  `updated_at` timestamp NOT NULL DEFAULT current_timestamp() ON UPDATE current_timestamp()
) ENGINE=InnoDB DEFAULT CHARSET=utf8mb3 COLLATE=utf8mb3_uca1400_ai_ci;

--
-- Déchargement des données de la table `fee_session_groups`
--

INSERT INTO `fee_session_groups` (`id`, `fee_groups_id`, `session_id`, `is_active`, `created_at`, `updated_at`) VALUES
(1, 1, 22, 'no', '2026-04-29 19:03:49', '2026-04-29 19:03:49'),
(2, 2, 22, 'no', '2026-04-30 12:12:07', '2026-04-30 12:12:07'),
(3, 3, 22, 'no', '2026-04-30 12:20:31', '2026-04-30 12:20:31'),
(4, 4, 22, 'no', '2026-06-03 09:39:31', '2026-06-03 09:39:31'),
(5, 5, 22, 'no', '2026-06-03 09:51:53', '2026-06-03 09:51:53'),
(6, 6, 22, 'no', '2026-06-03 10:00:13', '2026-06-03 10:00:13'),
(7, 7, 22, 'no', '2026-06-03 10:04:46', '2026-06-03 10:04:46');

-- --------------------------------------------------------

--
-- Structure de la table `filetypes`
--

CREATE TABLE `filetypes` (
  `id` int(11) NOT NULL,
  `file_extension` text DEFAULT NULL,
  `file_mime` text DEFAULT NULL,
  `file_size` int(11) NOT NULL,
  `image_extension` text DEFAULT NULL,
  `image_mime` text DEFAULT NULL,
  `image_size` int(11) NOT NULL,
  `created_at` timestamp NOT NULL DEFAULT current_timestamp(),
  `updated_at` timestamp NOT NULL DEFAULT current_timestamp() ON UPDATE current_timestamp()
) ENGINE=InnoDB DEFAULT CHARSET=utf8mb3 COLLATE=utf8mb3_uca1400_ai_ci;

--
-- Déchargement des données de la table `filetypes`
--

INSERT INTO `filetypes` (`id`, `file_extension`, `file_mime`, `file_size`, `image_extension`, `image_mime`, `image_size`, `created_at`, `updated_at`) VALUES
(1, 'pdf, zip, jpg, jpeg, png, txt, 7z, gif, csv, docx, mp3, mp4, accdb, odt, ods, ppt, pptx, xlsx, wmv, jfif, apk, ppt, bmp, jpe, mdb, rar, xls, svg', 'application/pdf, image/zip, image/jpg, image/png, image/jpeg, text/plain, application/x-zip-compressed, application/zip, image/gif, text/csv, application/vnd.openxmlformats-officedocument.wordprocessingml.document, audio/mpeg, application/msaccess, application/vnd.oasis.opendocument.text, application/vnd.oasis.opendocument.spreadsheet, application/vnd.ms-powerpoint, application/vnd.openxmlformats-officedocument.presentationml.presentation, application/vnd.openxmlformats-officedocument.spreadsheetml.sheet, video/x-ms-wmv, video/mp4, image/jpeg, application/vnd.android.package-archive, application/x-msdownload, application/vnd.ms-powerpoint, image/bmp, image/jpeg, application/msaccess, application/vnd.ms-excel, image/svg+xml', 100048576, 'jfif, png, jpe, jpeg, jpg, bmp, gif, svg', 'image/jpeg, image/png, image/jpeg, image/jpeg, image/bmp, image/gif, image/x-ms-bmp, image/svg+xml', 10048576, '2021-01-30 13:03:03', '2025-12-27 07:45:38');

-- --------------------------------------------------------

--
-- Structure de la table `follow_up`
--

CREATE TABLE `follow_up` (
  `id` int(11) NOT NULL,
  `enquiry_id` int(11) NOT NULL,
  `date` date NOT NULL,
  `next_date` date NOT NULL,
  `response` text NOT NULL,
  `note` text NOT NULL,
  `followup_by` int(11) NOT NULL,
  `created_at` timestamp NOT NULL DEFAULT current_timestamp(),
  `updated_at` timestamp NOT NULL DEFAULT current_timestamp() ON UPDATE current_timestamp()
) ENGINE=InnoDB DEFAULT CHARSET=utf8mb3 COLLATE=utf8mb3_uca1400_ai_ci;

-- --------------------------------------------------------

--
-- Structure de la table `front_cms_media_gallery`
--

CREATE TABLE `front_cms_media_gallery` (
  `id` int(11) NOT NULL,
  `image` text CHARACTER SET utf8mb3 COLLATE utf8mb3_general_ci DEFAULT NULL,
  `thumb_path` text CHARACTER SET utf8mb3 COLLATE utf8mb3_general_ci DEFAULT NULL,
  `dir_path` text CHARACTER SET utf8mb3 COLLATE utf8mb3_general_ci DEFAULT NULL,
  `img_name` text CHARACTER SET utf8mb3 COLLATE utf8mb3_general_ci DEFAULT NULL,
  `thumb_name` text CHARACTER SET utf8mb3 COLLATE utf8mb3_general_ci DEFAULT NULL,
  `file_type` text CHARACTER SET utf8mb3 COLLATE utf8mb3_general_ci NOT NULL,
  `file_size` varchar(100) NOT NULL,
  `vid_url` text NOT NULL,
  `vid_title` text CHARACTER SET utf8mb3 COLLATE utf8mb3_general_ci NOT NULL,
  `created_at` timestamp NOT NULL DEFAULT current_timestamp(),
  `updated_at` timestamp NOT NULL DEFAULT current_timestamp() ON UPDATE current_timestamp()
) ENGINE=InnoDB DEFAULT CHARSET=utf8mb3 COLLATE=utf8mb3_uca1400_ai_ci;

-- --------------------------------------------------------

--
-- Structure de la table `front_cms_menus`
--

CREATE TABLE `front_cms_menus` (
  `id` int(11) NOT NULL,
  `menu` varchar(100) DEFAULT NULL,
  `slug` varchar(200) DEFAULT NULL,
  `description` text DEFAULT NULL,
  `open_new_tab` int(11) NOT NULL DEFAULT 0,
  `ext_url` text NOT NULL,
  `ext_url_link` text NOT NULL,
  `publish` int(11) NOT NULL DEFAULT 0,
  `content_type` varchar(10) NOT NULL DEFAULT 'manual',
  `is_active` varchar(10) DEFAULT 'no',
  `created_at` timestamp NOT NULL DEFAULT current_timestamp(),
  `updated_at` timestamp NOT NULL DEFAULT current_timestamp() ON UPDATE current_timestamp()
) ENGINE=InnoDB DEFAULT CHARSET=utf8mb3 COLLATE=utf8mb3_uca1400_ai_ci;

--
-- Déchargement des données de la table `front_cms_menus`
--

INSERT INTO `front_cms_menus` (`id`, `menu`, `slug`, `description`, `open_new_tab`, `ext_url`, `ext_url_link`, `publish`, `content_type`, `is_active`, `created_at`, `updated_at`) VALUES
(1, 'Main Menu', 'main-menu', 'Main menu', 0, '', '', 0, 'default', 'no', '2018-04-20 14:54:49', '2025-12-27 07:45:39'),
(2, 'Bottom Menu', 'bottom-menu', 'Bottom Menu', 0, '', '', 0, 'default', 'no', '2018-04-20 14:54:55', '2025-12-27 07:45:39');

-- --------------------------------------------------------

--
-- Structure de la table `front_cms_menu_items`
--

CREATE TABLE `front_cms_menu_items` (
  `id` int(11) NOT NULL,
  `menu_id` int(11) NOT NULL,
  `menu` varchar(100) DEFAULT NULL,
  `page_id` int(11) NOT NULL,
  `parent_id` int(11) NOT NULL,
  `ext_url` text DEFAULT NULL,
  `open_new_tab` int(11) DEFAULT 0,
  `ext_url_link` text DEFAULT NULL,
  `slug` varchar(200) DEFAULT NULL,
  `weight` int(11) DEFAULT NULL,
  `publish` int(11) NOT NULL DEFAULT 0,
  `description` text DEFAULT NULL,
  `is_active` varchar(10) DEFAULT 'no',
  `created_at` timestamp NOT NULL DEFAULT current_timestamp(),
  `updated_at` timestamp NOT NULL DEFAULT current_timestamp() ON UPDATE current_timestamp()
) ENGINE=InnoDB DEFAULT CHARSET=utf8mb3 COLLATE=utf8mb3_uca1400_ai_ci;

--
-- Déchargement des données de la table `front_cms_menu_items`
--

INSERT INTO `front_cms_menu_items` (`id`, `menu_id`, `menu`, `page_id`, `parent_id`, `ext_url`, `open_new_tab`, `ext_url_link`, `slug`, `weight`, `publish`, `description`, `is_active`, `created_at`, `updated_at`) VALUES
(1, 1, 'Home', 1, 0, NULL, NULL, NULL, 'home', 1, 0, NULL, 'no', '2019-12-02 22:11:50', '2025-12-27 07:45:39'),
(2, 1, 'Contact Us', 76, 0, NULL, NULL, NULL, 'contact-us', 4, 0, NULL, 'no', '2019-12-02 22:11:52', '2025-12-27 07:45:39'),
(3, 1, 'Complain', 2, 0, NULL, NULL, NULL, 'complain', 3, 0, NULL, 'no', '2019-12-02 22:11:52', '2025-12-27 07:45:39'),
(4, 1, 'Online Admission', 0, 0, '1', NULL, 'http://yourschoolurl.com/online_admission', 'admssion', 2, 0, NULL, 'no', '2019-12-21 15:33:00', '2025-12-27 07:45:39');

-- --------------------------------------------------------

--
-- Structure de la table `front_cms_pages`
--

CREATE TABLE `front_cms_pages` (
  `id` int(11) NOT NULL,
  `page_type` varchar(10) NOT NULL DEFAULT 'manual',
  `is_homepage` int(11) DEFAULT 0,
  `title` varchar(250) DEFAULT NULL,
  `url` varchar(250) DEFAULT NULL,
  `type` varchar(50) DEFAULT NULL,
  `slug` varchar(200) DEFAULT NULL,
  `meta_title` text DEFAULT NULL,
  `meta_description` text DEFAULT NULL,
  `meta_keyword` text DEFAULT NULL,
  `feature_image` text CHARACTER SET utf8mb3 COLLATE utf8mb3_general_ci NOT NULL,
  `description` longtext DEFAULT NULL,
  `publish_date` date DEFAULT NULL,
  `publish` int(11) DEFAULT 0,
  `sidebar` int(11) DEFAULT 0,
  `is_active` varchar(10) DEFAULT 'no',
  `created_at` timestamp NOT NULL DEFAULT current_timestamp(),
  `updated_at` timestamp NOT NULL DEFAULT current_timestamp() ON UPDATE current_timestamp()
) ENGINE=InnoDB DEFAULT CHARSET=utf8mb3 COLLATE=utf8mb3_uca1400_ai_ci;

--
-- Déchargement des données de la table `front_cms_pages`
--

INSERT INTO `front_cms_pages` (`id`, `page_type`, `is_homepage`, `title`, `url`, `type`, `slug`, `meta_title`, `meta_description`, `meta_keyword`, `feature_image`, `description`, `publish_date`, `publish`, `sidebar`, `is_active`, `created_at`, `updated_at`) VALUES
(1, 'default', 1, 'Home', 'page/home', 'page', 'home', '', '', '', '', '<p>home page</p>', '0000-00-00', 1, NULL, 'no', '2019-12-02 15:23:47', '2025-12-27 07:45:39'),
(2, 'default', 0, 'Complain', 'page/complain', 'page', 'complain', 'Complain form', '                                                                                                                                                                                    complain form                                                                                                                                                                                                                                ', 'complain form', '', '<p>[form-builder:complain]</p>', '0000-00-00', 1, NULL, 'no', '2019-11-13 10:16:36', '2025-12-27 07:45:39'),
(3, 'default', 0, '404 page', 'page/404-page', 'page', '404-page', '', '                                ', '', '', '<html>\r\n<head>\r\n <title></title>\r\n</head>\r\n<body>\r\n<p>404 page found</p>\r\n</body>\r\n</html>', '0000-00-00', 0, NULL, 'no', '2018-05-18 14:46:04', '2025-12-27 07:45:39'),
(4, 'default', 0, 'Contact us', 'page/contact-us', 'page', 'contact-us', '', '', '', '', '<section class=\"contact\">\r\n<div class=\"container\">\r\n<div class=\"row\">\r\n<h2 class=\"col-md-12 col-sm-12\">Send In Your Query</h2>\r\n\r\n<p>&nbsp;</p>\r\n\r\n<div class=\"col-md-12 col-sm-12\">[form-builder:contact_us]<!--./row--></div>\r\n<!--./col-md-12--></div>\r\n<!--./row--></div>\r\n<!--./container--></section>\r\n\r\n<div class=\"col-md-4 col-sm-4\">\r\n<div class=\"contact-item\"><img src=\"http://192.168.1.81/repos/smartschool/uploads/gallery/media/pin.svg\" />\r\n<h3>Our Location</h3>\r\n\r\n<p>350 Fifth Avenue, 34th floor New York NY 10118-3299 USA</p>\r\n</div>\r\n<!--./contact-item--></div>\r\n<!--./col-md-4-->\r\n\r\n<div class=\"col-md-4 col-sm-4\">\r\n<div class=\"contact-item\"><img src=\"http://192.168.1.81/repos/smartschool/uploads/gallery/media/phone.svg\" />\r\n<h3>CALL US</h3>\r\n\r\n<p>E-mail : info@abcschool.com</p>\r\n\r\n<p>Mobile : +91-9009987654</p>\r\n</div>\r\n<!--./contact-item--></div>\r\n<!--./col-md-4-->\r\n\r\n<div class=\"col-md-4 col-sm-4\">\r\n<div class=\"contact-item\"><img src=\"http://192.168.1.81/repos/smartschool/uploads/gallery/media/clock.svg\" />\r\n<h3>Working Hours</h3>\r\n\r\n<p>Mon-Fri : 9 am to 5 pm</p>\r\n\r\n<p>Sat : 9 am to 3 pm</p>\r\n</div>\r\n<!--./contact-item--></div>\r\n<!--./col-md-4-->\r\n\r\n<div class=\"col-md-12 col-sm-12\">\r\n<div class=\"mapWrapper fullwidth\"><iframe frameborder=\"0\" height=\"500\" marginheight=\"0\" marginwidth=\"0\" scrolling=\"no\" src=\"http://maps.google.com/maps?f=q&source=s_q&hl=EN&q=time+square&aq=&sll=40.716558,-73.931122&sspn=0.40438,1.056747&ie=UTF8&rq=1&ev=p&split=1&radius=33.22&hq=time+square&hnear=&ll=37.061753,-95.677185&spn=0.438347,0.769043&z=9&output=embed\" width=\"100%\"></iframe></div>\r\n</div>', '0000-00-00', 0, NULL, 'no', '2019-05-04 15:46:41', '2025-12-27 07:45:39');

-- --------------------------------------------------------

--
-- Structure de la table `front_cms_page_contents`
--

CREATE TABLE `front_cms_page_contents` (
  `id` int(11) NOT NULL,
  `page_id` int(11) DEFAULT NULL,
  `content_type` varchar(50) DEFAULT NULL,
  `created_at` timestamp NOT NULL DEFAULT current_timestamp(),
  `updated_at` timestamp NOT NULL DEFAULT current_timestamp() ON UPDATE current_timestamp()
) ENGINE=InnoDB DEFAULT CHARSET=utf8mb3 COLLATE=utf8mb3_uca1400_ai_ci;

-- --------------------------------------------------------

--
-- Structure de la table `front_cms_programs`
--

CREATE TABLE `front_cms_programs` (
  `id` int(11) NOT NULL,
  `type` varchar(50) DEFAULT NULL,
  `slug` varchar(255) DEFAULT NULL,
  `url` text DEFAULT NULL,
  `title` varchar(200) DEFAULT NULL,
  `date` date DEFAULT NULL,
  `event_start` date DEFAULT NULL,
  `event_end` date DEFAULT NULL,
  `event_venue` text DEFAULT NULL,
  `description` text DEFAULT NULL,
  `is_active` varchar(10) DEFAULT 'no',
  `meta_title` text NOT NULL,
  `meta_description` text NOT NULL,
  `meta_keyword` text NOT NULL,
  `feature_image` text NOT NULL,
  `publish_date` date DEFAULT NULL,
  `publish` varchar(10) DEFAULT '0',
  `sidebar` int(11) DEFAULT 0,
  `created_at` timestamp NOT NULL DEFAULT current_timestamp(),
  `updated_at` timestamp NOT NULL DEFAULT current_timestamp() ON UPDATE current_timestamp()
) ENGINE=InnoDB DEFAULT CHARSET=utf8mb3 COLLATE=utf8mb3_uca1400_ai_ci;

-- --------------------------------------------------------

--
-- Structure de la table `front_cms_program_photos`
--

CREATE TABLE `front_cms_program_photos` (
  `id` int(11) NOT NULL,
  `program_id` int(11) DEFAULT NULL,
  `media_gallery_id` int(11) NOT NULL,
  `created_at` timestamp NOT NULL DEFAULT current_timestamp(),
  `updated_at` timestamp NOT NULL DEFAULT current_timestamp() ON UPDATE current_timestamp()
) ENGINE=InnoDB DEFAULT CHARSET=utf8mb3 COLLATE=utf8mb3_uca1400_ai_ci;

-- --------------------------------------------------------

--
-- Structure de la table `front_cms_settings`
--

CREATE TABLE `front_cms_settings` (
  `id` int(11) NOT NULL,
  `theme` varchar(50) DEFAULT NULL,
  `is_active_rtl` int(11) DEFAULT 0,
  `is_active_front_cms` int(11) DEFAULT 0,
  `is_active_sidebar` int(11) DEFAULT 0,
  `logo` text CHARACTER SET utf8mb3 COLLATE utf8mb3_general_ci DEFAULT NULL,
  `contact_us_email` varchar(100) DEFAULT NULL,
  `complain_form_email` varchar(100) DEFAULT NULL,
  `sidebar_options` text NOT NULL,
  `whatsapp_url` varchar(255) NOT NULL,
  `fb_url` varchar(200) NOT NULL,
  `twitter_url` varchar(200) NOT NULL,
  `youtube_url` varchar(200) NOT NULL,
  `google_plus` varchar(200) NOT NULL,
  `instagram_url` varchar(200) NOT NULL,
  `pinterest_url` varchar(200) NOT NULL,
  `linkedin_url` varchar(200) NOT NULL,
  `google_analytics` text DEFAULT NULL,
  `footer_text` varchar(500) DEFAULT NULL,
  `cookie_consent` varchar(255) NOT NULL,
  `fav_icon` varchar(250) DEFAULT NULL,
  `created_at` timestamp NOT NULL DEFAULT current_timestamp(),
  `updated_at` timestamp NOT NULL DEFAULT current_timestamp() ON UPDATE current_timestamp()
) ENGINE=InnoDB DEFAULT CHARSET=utf8mb3 COLLATE=utf8mb3_uca1400_ai_ci;

--
-- Déchargement des données de la table `front_cms_settings`
--

INSERT INTO `front_cms_settings` (`id`, `theme`, `is_active_rtl`, `is_active_front_cms`, `is_active_sidebar`, `logo`, `contact_us_email`, `complain_form_email`, `sidebar_options`, `whatsapp_url`, `fb_url`, `twitter_url`, `youtube_url`, `google_plus`, `instagram_url`, `pinterest_url`, `linkedin_url`, `google_analytics`, `footer_text`, `cookie_consent`, `fav_icon`, `created_at`, `updated_at`) VALUES
(1, 'material_pink', NULL, NULL, NULL, './uploads/school_content/logo/1672900975-128524590063b6716fc26ed!front_logo-608ff44a5f8f07.35255544.png', '', '', '[]', '', '', '', '', '', '', '', '', '', '', '', './uploads/school_content/logo/1672900975-63781378463b6716fc2886!front_fav_icon-608ff44a5fdb33.94953981.png', '2023-01-05 06:42:55', '2025-12-27 07:45:39');

-- --------------------------------------------------------

--
-- Structure de la table `gateway_ins`
--

CREATE TABLE `gateway_ins` (
  `id` int(11) NOT NULL,
  `online_admission_id` int(11) DEFAULT NULL,
  `gateway_name` varchar(50) NOT NULL,
  `module_type` varchar(255) NOT NULL,
  `unique_id` varchar(255) NOT NULL,
  `parameter_details` mediumtext NOT NULL,
  `payment_status` varchar(255) NOT NULL,
  `created_at` timestamp NOT NULL DEFAULT current_timestamp(),
  `updated_at` timestamp NOT NULL DEFAULT current_timestamp() ON UPDATE current_timestamp()
) ENGINE=InnoDB DEFAULT CHARSET=utf8mb3 COLLATE=utf8mb3_uca1400_ai_ci;

-- --------------------------------------------------------

--
-- Structure de la table `gateway_ins_response`
--

CREATE TABLE `gateway_ins_response` (
  `id` int(11) NOT NULL,
  `gateway_ins_id` int(11) DEFAULT NULL,
  `posted_data` text DEFAULT NULL,
  `response` text DEFAULT NULL,
  `created_at` timestamp NOT NULL DEFAULT current_timestamp(),
  `updated_at` timestamp NOT NULL DEFAULT current_timestamp() ON UPDATE current_timestamp()
) ENGINE=InnoDB DEFAULT CHARSET=utf8mb3 COLLATE=utf8mb3_uca1400_ai_ci;

-- --------------------------------------------------------

--
-- Structure de la table `general_calls`
--

CREATE TABLE `general_calls` (
  `id` int(11) NOT NULL,
  `name` varchar(100) NOT NULL,
  `contact` varchar(12) NOT NULL,
  `date` date NOT NULL,
  `description` varchar(500) NOT NULL,
  `follow_up_date` date NOT NULL,
  `call_duration` varchar(50) NOT NULL,
  `note` text NOT NULL,
  `call_type` varchar(20) NOT NULL,
  `created_at` timestamp NOT NULL DEFAULT current_timestamp(),
  `updated_at` timestamp NOT NULL DEFAULT current_timestamp() ON UPDATE current_timestamp()
) ENGINE=InnoDB DEFAULT CHARSET=utf8mb3 COLLATE=utf8mb3_uca1400_ai_ci;

-- --------------------------------------------------------

--
-- Structure de la table `gmeet`
--

CREATE TABLE `gmeet` (
  `id` int(11) NOT NULL,
  `purpose` varchar(20) NOT NULL DEFAULT 'class',
  `staff_id` int(11) DEFAULT NULL,
  `created_id` int(10) NOT NULL,
  `title` text DEFAULT NULL,
  `date` datetime DEFAULT NULL,
  `type` varchar(20) NOT NULL DEFAULT 'manual',
  `api_data` text DEFAULT NULL,
  `duration` int(11) DEFAULT NULL,
  `subject` varchar(50) DEFAULT NULL,
  `url` text NOT NULL,
  `session_id` int(10) NOT NULL,
  `description` text DEFAULT NULL,
  `timezone` varchar(100) DEFAULT NULL,
  `status` int(1) NOT NULL DEFAULT 0,
  `created_at` timestamp NOT NULL DEFAULT current_timestamp() ON UPDATE current_timestamp()
) ENGINE=InnoDB DEFAULT CHARSET=utf8mb3 COLLATE=utf8mb3_uca1400_ai_ci;

-- --------------------------------------------------------

--
-- Structure de la table `gmeet_history`
--

CREATE TABLE `gmeet_history` (
  `id` int(11) NOT NULL,
  `gmeet_id` int(11) NOT NULL,
  `staff_id` int(11) DEFAULT NULL,
  `student_id` int(11) DEFAULT NULL,
  `total_hit` int(10) NOT NULL DEFAULT 1,
  `created_at` timestamp NOT NULL DEFAULT current_timestamp() ON UPDATE current_timestamp()
) ENGINE=InnoDB DEFAULT CHARSET=utf8mb3 COLLATE=utf8mb3_uca1400_ai_ci;

-- --------------------------------------------------------

--
-- Structure de la table `gmeet_sections`
--

CREATE TABLE `gmeet_sections` (
  `id` int(11) NOT NULL,
  `gmeet_id` int(11) NOT NULL,
  `cls_section_id` int(11) NOT NULL,
  `created_at` timestamp NOT NULL DEFAULT current_timestamp() ON UPDATE current_timestamp()
) ENGINE=InnoDB DEFAULT CHARSET=utf8mb3 COLLATE=utf8mb3_uca1400_ai_ci;

-- --------------------------------------------------------

--
-- Structure de la table `gmeet_settings`
--

CREATE TABLE `gmeet_settings` (
  `id` int(11) NOT NULL,
  `api_key` varchar(200) DEFAULT NULL,
  `api_secret` varchar(200) DEFAULT NULL,
  `use_api` int(1) DEFAULT 1,
  `parent_live_class` int(11) NOT NULL DEFAULT 0,
  `created_at` timestamp NOT NULL DEFAULT current_timestamp() ON UPDATE current_timestamp()
) ENGINE=InnoDB DEFAULT CHARSET=utf8mb3 COLLATE=utf8mb3_uca1400_ai_ci;

--
-- Déchargement des données de la table `gmeet_settings`
--

INSERT INTO `gmeet_settings` (`id`, `api_key`, `api_secret`, `use_api`, `parent_live_class`, `created_at`) VALUES
(1, '196422353618-7v48mgve8pqsf8dv9fke1qna8ketnkrb.apps.googleusercontent.com', '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', 0, 0, '2026-05-03 00:01:05');

-- --------------------------------------------------------

--
-- Structure de la table `gmeet_staff`
--

CREATE TABLE `gmeet_staff` (
  `id` int(11) NOT NULL,
  `gmeet_id` int(11) NOT NULL,
  `staff_id` int(11) NOT NULL,
  `created_at` timestamp NOT NULL DEFAULT current_timestamp() ON UPDATE current_timestamp()
) ENGINE=InnoDB DEFAULT CHARSET=utf8mb3 COLLATE=utf8mb3_uca1400_ai_ci;

-- --------------------------------------------------------

--
-- Structure de la table `google_authenticator`
--

CREATE TABLE `google_authenticator` (
  `id` int(11) NOT NULL,
  `use_authenticator` int(1) DEFAULT 0,
  `created_at` timestamp NOT NULL DEFAULT current_timestamp() ON UPDATE current_timestamp()
) ENGINE=InnoDB DEFAULT CHARSET=utf8mb3 COLLATE=utf8mb3_uca1400_ai_ci;

-- --------------------------------------------------------

--
-- Structure de la table `google_drive_setting`
--

CREATE TABLE `google_drive_setting` (
  `id` int(11) NOT NULL,
  `client_id` text NOT NULL,
  `api_key` text NOT NULL,
  `project_number` varchar(255) NOT NULL,
  `is_enable` varchar(255) NOT NULL,
  `is_student` varchar(255) NOT NULL,
  `is_parent` varchar(255) NOT NULL,
  `is_staff` varchar(255) NOT NULL
) ENGINE=InnoDB DEFAULT CHARSET=utf8mb3 COLLATE=utf8mb3_uca1400_ai_ci;

--
-- Déchargement des données de la table `google_drive_setting`
--

INSERT INTO `google_drive_setting` (`id`, `client_id`, `api_key`, `project_number`, `is_enable`, `is_student`, `is_parent`, `is_staff`) VALUES
(1, '', '', '', 'disabled', 'disabled', 'disabled', 'disabled');

-- --------------------------------------------------------

--
-- Structure de la table `grades`
--

CREATE TABLE `grades` (
  `id` int(11) NOT NULL,
  `exam_type` varchar(250) DEFAULT NULL,
  `name` varchar(100) DEFAULT NULL,
  `point` float(10,1) DEFAULT NULL,
  `mark_from` decimal(10,2) DEFAULT NULL,
  `mark_upto` decimal(10,2) DEFAULT NULL,
  `description` text DEFAULT NULL,
  `is_active` varchar(255) DEFAULT 'no',
  `created_at` timestamp NOT NULL DEFAULT current_timestamp(),
  `updated_at` timestamp NOT NULL DEFAULT current_timestamp() ON UPDATE current_timestamp()
) ENGINE=InnoDB DEFAULT CHARSET=utf8mb3 COLLATE=utf8mb3_uca1400_ai_ci;

-- --------------------------------------------------------

--
-- Structure de la table `guest`
--

CREATE TABLE `guest` (
  `id` int(11) NOT NULL,
  `guest_name` varchar(200) NOT NULL,
  `guest_unique_id` varchar(200) NOT NULL,
  `lang_id` int(11) NOT NULL,
  `currency_id` int(11) NOT NULL,
  `email` varchar(200) NOT NULL,
  `mobileno` varchar(100) NOT NULL,
  `password` varchar(200) NOT NULL,
  `dob` varchar(200) NOT NULL,
  `gender` varchar(10) DEFAULT NULL,
  `note` text NOT NULL,
  `address` varchar(200) NOT NULL,
  `guest_image` varchar(200) NOT NULL,
  `verification_code` varchar(200) NOT NULL,
  `created_at` date NOT NULL,
  `is_active` varchar(100) NOT NULL
) ENGINE=InnoDB DEFAULT CHARSET=utf8mb3 COLLATE=utf8mb3_uca1400_ai_ci;

-- --------------------------------------------------------

--
-- Structure de la table `holiday_type`
--

CREATE TABLE `holiday_type` (
  `id` int(11) NOT NULL,
  `type` varchar(255) CHARACTER SET utf8mb3 COLLATE utf8mb3_general_ci DEFAULT NULL,
  `is_default` int(11) NOT NULL DEFAULT 0
) ENGINE=InnoDB DEFAULT CHARSET=utf8mb3 COLLATE=utf8mb3_uca1400_ai_ci;

--
-- Déchargement des données de la table `holiday_type`
--

INSERT INTO `holiday_type` (`id`, `type`, `is_default`) VALUES
(1, 'Holiday', 1),
(2, 'Vacation', 1),
(3, 'Activity', 1);

-- --------------------------------------------------------

--
-- Structure de la table `homework`
--

CREATE TABLE `homework` (
  `id` int(11) NOT NULL,
  `class_id` int(11) NOT NULL,
  `section_id` int(11) NOT NULL,
  `session_id` int(11) NOT NULL,
  `staff_id` int(11) NOT NULL,
  `subject_group_subject_id` int(11) DEFAULT NULL,
  `subject_id` int(11) DEFAULT NULL,
  `homework_date` date NOT NULL,
  `submit_date` date NOT NULL,
  `marks` decimal(10,2) DEFAULT NULL,
  `description` text DEFAULT NULL,
  `create_date` date NOT NULL,
  `evaluation_date` date DEFAULT NULL,
  `document` text CHARACTER SET utf8mb3 COLLATE utf8mb3_general_ci DEFAULT NULL,
  `created_by` int(11) NOT NULL,
  `evaluated_by` int(11) DEFAULT NULL,
  `created_at` timestamp NOT NULL DEFAULT current_timestamp(),
  `updated_at` timestamp NOT NULL DEFAULT current_timestamp() ON UPDATE current_timestamp()
) ENGINE=InnoDB DEFAULT CHARSET=utf8mb3 COLLATE=utf8mb3_uca1400_ai_ci;

-- --------------------------------------------------------

--
-- Structure de la table `homework_evaluation`
--

CREATE TABLE `homework_evaluation` (
  `id` int(11) NOT NULL,
  `homework_id` int(11) NOT NULL,
  `student_id` int(11) NOT NULL,
  `student_session_id` int(11) DEFAULT NULL,
  `marks` decimal(10,2) DEFAULT NULL,
  `note` varchar(255) NOT NULL,
  `date` date NOT NULL,
  `status` varchar(100) NOT NULL,
  `created_at` timestamp NOT NULL DEFAULT current_timestamp(),
  `updated_at` timestamp NOT NULL DEFAULT current_timestamp() ON UPDATE current_timestamp()
) ENGINE=InnoDB DEFAULT CHARSET=utf8mb3 COLLATE=utf8mb3_uca1400_ai_ci;

-- --------------------------------------------------------

--
-- Structure de la table `hostel`
--

CREATE TABLE `hostel` (
  `id` int(11) NOT NULL,
  `hostel_name` varchar(100) DEFAULT NULL,
  `type` varchar(50) DEFAULT NULL,
  `address` text DEFAULT NULL,
  `intake` int(11) DEFAULT NULL,
  `description` text DEFAULT NULL,
  `is_active` varchar(255) DEFAULT 'no',
  `created_at` timestamp NOT NULL DEFAULT current_timestamp(),
  `updated_at` timestamp NOT NULL DEFAULT current_timestamp() ON UPDATE current_timestamp()
) ENGINE=InnoDB DEFAULT CHARSET=utf8mb3 COLLATE=utf8mb3_uca1400_ai_ci;

-- --------------------------------------------------------

--
-- Structure de la table `hostel_rooms`
--

CREATE TABLE `hostel_rooms` (
  `id` int(11) NOT NULL,
  `hostel_id` int(11) DEFAULT NULL,
  `room_type_id` int(11) DEFAULT NULL,
  `room_no` varchar(200) DEFAULT NULL,
  `no_of_bed` int(11) DEFAULT NULL,
  `cost_per_bed` decimal(10,2) DEFAULT 0.00,
  `title` varchar(200) DEFAULT NULL,
  `description` text DEFAULT NULL,
  `created_at` timestamp NOT NULL DEFAULT current_timestamp(),
  `updated_at` timestamp NOT NULL DEFAULT current_timestamp() ON UPDATE current_timestamp()
) ENGINE=InnoDB DEFAULT CHARSET=utf8mb3 COLLATE=utf8mb3_uca1400_ai_ci;

-- --------------------------------------------------------

--
-- Structure de la table `id_card`
--

CREATE TABLE `id_card` (
  `id` int(11) NOT NULL,
  `title` varchar(100) NOT NULL,
  `school_name` varchar(100) NOT NULL,
  `school_address` varchar(500) NOT NULL,
  `background` text CHARACTER SET utf8mb3 COLLATE utf8mb3_general_ci NOT NULL,
  `logo` text CHARACTER SET utf8mb3 COLLATE utf8mb3_general_ci NOT NULL,
  `sign_image` text CHARACTER SET utf8mb3 COLLATE utf8mb3_general_ci NOT NULL,
  `enable_vertical_card` int(11) NOT NULL DEFAULT 0,
  `header_color` varchar(100) NOT NULL,
  `enable_admission_no` tinyint(1) NOT NULL COMMENT '0=disable,1=enable',
  `enable_student_name` tinyint(1) NOT NULL COMMENT '0=disable,1=enable',
  `enable_class` tinyint(1) NOT NULL COMMENT '0=disable,1=enable',
  `enable_fathers_name` tinyint(1) NOT NULL COMMENT '0=disable,1=enable',
  `enable_mothers_name` tinyint(1) NOT NULL COMMENT '0=disable,1=enable',
  `enable_address` tinyint(1) NOT NULL COMMENT '0=disable,1=enable',
  `enable_phone` tinyint(1) NOT NULL COMMENT '0=disable,1=enable',
  `enable_dob` tinyint(1) NOT NULL COMMENT '0=disable,1=enable',
  `enable_blood_group` tinyint(1) NOT NULL COMMENT '0=disable,1=enable',
  `enable_student_barcode` tinyint(4) NOT NULL DEFAULT 1 COMMENT '0=disable,1=enable',
  `enable_student_rollno` tinyint(1) NOT NULL COMMENT '0=disable,1=enable	',
  `enable_student_house_name` tinyint(1) NOT NULL DEFAULT 0 COMMENT '0=disable,1=enable	',
  `status` tinyint(1) NOT NULL COMMENT '0=disable,1=enable',
  `created_at` timestamp NOT NULL DEFAULT current_timestamp(),
  `updated_at` timestamp NOT NULL DEFAULT current_timestamp() ON UPDATE current_timestamp()
) ENGINE=InnoDB DEFAULT CHARSET=utf8mb3 COLLATE=utf8mb3_uca1400_ai_ci;

--
-- Déchargement des données de la table `id_card`
--

INSERT INTO `id_card` (`id`, `title`, `school_name`, `school_address`, `background`, `logo`, `sign_image`, `enable_vertical_card`, `header_color`, `enable_admission_no`, `enable_student_name`, `enable_class`, `enable_fathers_name`, `enable_mothers_name`, `enable_address`, `enable_phone`, `enable_dob`, `enable_blood_group`, `enable_student_barcode`, `enable_student_rollno`, `enable_student_house_name`, `status`, `created_at`, `updated_at`) VALUES
(1, 'Sample Student Identity Card Horizontal', 'Mount Carmel School', '110 Kings Street, CA  Phone: 456542 Email: mount@gmail.com', 'samplebackground12.png', 'samplelogo12.png', 'samplesign12.png', 0, '#595959', 1, 1, 1, 1, 0, 1, 1, 1, 1, 1, 0, 0, 1, '2025-12-27 07:45:39', '2025-12-27 07:45:39'),
(2, 'Sample Student Identity Card Vertical', 'Mount Carmel School', '110 Kings Street, CA  Phone: 456542 Email: mount@gmail.com', 'samplebackground12.png', 'samplelogo12.png', 'samplesign12.png', 1, '#595959', 1, 1, 1, 1, 0, 1, 1, 1, 1, 1, 0, 0, 1, '2025-12-27 07:45:39', '2025-12-27 07:45:39');

-- --------------------------------------------------------

--
-- Structure de la table `income`
--

CREATE TABLE `income` (
  `id` int(11) NOT NULL,
  `income_head_id` int(11) DEFAULT NULL,
  `name` varchar(50) DEFAULT NULL,
  `invoice_no` varchar(200) DEFAULT NULL,
  `date` date DEFAULT NULL,
  `amount` decimal(10,2) DEFAULT 0.00,
  `note` text DEFAULT NULL,
  `is_active` varchar(255) DEFAULT 'yes',
  `documents` text CHARACTER SET utf8mb3 COLLATE utf8mb3_general_ci DEFAULT NULL,
  `is_deleted` varchar(255) DEFAULT 'no',
  `created_at` timestamp NOT NULL DEFAULT current_timestamp(),
  `updated_at` timestamp NOT NULL DEFAULT current_timestamp() ON UPDATE current_timestamp()
) ENGINE=InnoDB DEFAULT CHARSET=utf8mb3 COLLATE=utf8mb3_uca1400_ai_ci;

-- --------------------------------------------------------

--
-- Structure de la table `income_head`
--

CREATE TABLE `income_head` (
  `id` int(11) NOT NULL,
  `income_category` varchar(255) DEFAULT NULL,
  `description` varchar(255) DEFAULT NULL,
  `is_active` varchar(255) NOT NULL DEFAULT 'yes',
  `is_deleted` varchar(255) NOT NULL DEFAULT 'no',
  `created_at` timestamp NOT NULL DEFAULT current_timestamp(),
  `updated_at` timestamp NOT NULL DEFAULT current_timestamp() ON UPDATE current_timestamp()
) ENGINE=InnoDB DEFAULT CHARSET=utf8mb3 COLLATE=utf8mb3_uca1400_ai_ci;

-- --------------------------------------------------------

--
-- Structure de la table `item`
--

CREATE TABLE `item` (
  `id` int(11) NOT NULL,
  `item_category_id` int(11) DEFAULT NULL,
  `item_store_id` int(11) DEFAULT NULL,
  `item_supplier_id` int(11) DEFAULT NULL,
  `name` varchar(255) NOT NULL,
  `unit` varchar(100) NOT NULL,
  `item_photo` varchar(225) DEFAULT NULL,
  `description` text NOT NULL,
  `quantity` int(11) NOT NULL,
  `date` date DEFAULT NULL,
  `created_at` timestamp NOT NULL DEFAULT current_timestamp(),
  `updated_at` timestamp NOT NULL DEFAULT current_timestamp() ON UPDATE current_timestamp()
) ENGINE=InnoDB DEFAULT CHARSET=utf8mb3 COLLATE=utf8mb3_uca1400_ai_ci;

-- --------------------------------------------------------

--
-- Structure de la table `item_category`
--

CREATE TABLE `item_category` (
  `id` int(11) NOT NULL,
  `item_category` varchar(255) NOT NULL,
  `is_active` varchar(255) NOT NULL DEFAULT 'yes',
  `description` varchar(255) NOT NULL,
  `created_at` timestamp NOT NULL DEFAULT current_timestamp(),
  `updated_at` timestamp NOT NULL DEFAULT current_timestamp() ON UPDATE current_timestamp()
) ENGINE=InnoDB DEFAULT CHARSET=utf8mb3 COLLATE=utf8mb3_uca1400_ai_ci;

-- --------------------------------------------------------

--
-- Structure de la table `item_issue`
--

CREATE TABLE `item_issue` (
  `id` int(11) NOT NULL,
  `issue_type` varchar(15) DEFAULT NULL,
  `issue_to` int(11) NOT NULL,
  `issue_by` int(11) DEFAULT NULL,
  `issue_date` date DEFAULT NULL,
  `return_date` date DEFAULT NULL,
  `item_category_id` int(11) DEFAULT NULL,
  `item_id` int(11) DEFAULT NULL,
  `quantity` int(11) NOT NULL,
  `note` text NOT NULL,
  `is_returned` int(11) NOT NULL DEFAULT 1,
  `is_active` varchar(10) DEFAULT 'no',
  `created_at` timestamp NOT NULL DEFAULT current_timestamp(),
  `updated_at` timestamp NOT NULL DEFAULT current_timestamp() ON UPDATE current_timestamp()
) ENGINE=InnoDB DEFAULT CHARSET=utf8mb3 COLLATE=utf8mb3_uca1400_ai_ci;

-- --------------------------------------------------------

--
-- Structure de la table `item_stock`
--

CREATE TABLE `item_stock` (
  `id` int(11) NOT NULL,
  `item_id` int(11) DEFAULT NULL,
  `supplier_id` int(11) DEFAULT NULL,
  `store_id` int(11) DEFAULT NULL,
  `symbol` varchar(10) NOT NULL DEFAULT '+',
  `quantity` int(11) DEFAULT NULL,
  `purchase_price` decimal(10,2) NOT NULL,
  `date` date NOT NULL,
  `attachment` text CHARACTER SET utf8mb3 COLLATE utf8mb3_general_ci DEFAULT NULL,
  `description` text NOT NULL,
  `is_active` varchar(10) DEFAULT 'yes',
  `created_at` timestamp NOT NULL DEFAULT current_timestamp(),
  `updated_at` timestamp NOT NULL DEFAULT current_timestamp() ON UPDATE current_timestamp()
) ENGINE=InnoDB DEFAULT CHARSET=utf8mb3 COLLATE=utf8mb3_uca1400_ai_ci;

-- --------------------------------------------------------

--
-- Structure de la table `item_store`
--

CREATE TABLE `item_store` (
  `id` int(11) NOT NULL,
  `item_store` varchar(255) NOT NULL,
  `code` varchar(255) NOT NULL,
  `description` text NOT NULL,
  `created_at` timestamp NOT NULL DEFAULT current_timestamp(),
  `updated_at` timestamp NOT NULL DEFAULT current_timestamp() ON UPDATE current_timestamp()
) ENGINE=InnoDB DEFAULT CHARSET=utf8mb3 COLLATE=utf8mb3_uca1400_ai_ci;

-- --------------------------------------------------------

--
-- Structure de la table `item_supplier`
--

CREATE TABLE `item_supplier` (
  `id` int(11) NOT NULL,
  `item_supplier` varchar(255) NOT NULL,
  `phone` varchar(255) NOT NULL,
  `email` varchar(255) NOT NULL,
  `address` varchar(255) NOT NULL,
  `contact_person_name` varchar(255) NOT NULL,
  `contact_person_phone` varchar(255) NOT NULL,
  `contact_person_email` varchar(255) NOT NULL,
  `description` text NOT NULL,
  `created_at` timestamp NOT NULL DEFAULT current_timestamp(),
  `updated_at` timestamp NOT NULL DEFAULT current_timestamp() ON UPDATE current_timestamp()
) ENGINE=InnoDB DEFAULT CHARSET=utf8mb3 COLLATE=utf8mb3_uca1400_ai_ci;

-- --------------------------------------------------------

--
-- Structure de la table `languages`
--

CREATE TABLE `languages` (
  `id` int(11) NOT NULL,
  `language` varchar(50) DEFAULT NULL,
  `short_code` varchar(255) NOT NULL,
  `country_code` varchar(255) NOT NULL,
  `is_rtl` int(11) NOT NULL,
  `is_deleted` varchar(10) NOT NULL DEFAULT 'yes',
  `is_active` varchar(255) DEFAULT 'no',
  `created_at` timestamp NOT NULL DEFAULT current_timestamp(),
  `updated_at` timestamp NOT NULL DEFAULT current_timestamp() ON UPDATE current_timestamp()
) ENGINE=InnoDB DEFAULT CHARSET=utf8mb3 COLLATE=utf8mb3_uca1400_ai_ci;

--
-- Déchargement des données de la table `languages`
--

INSERT INTO `languages` (`id`, `language`, `short_code`, `country_code`, `is_rtl`, `is_deleted`, `is_active`, `created_at`, `updated_at`) VALUES
(1, 'Azerbaijan', 'az', 'az', 0, 'no', 'no', '2019-11-20 11:23:12', '0000-00-00 00:00:00'),
(2, 'Albanian', 'sq', 'al', 0, 'no', 'no', '2019-11-20 11:42:42', '0000-00-00 00:00:00'),
(3, 'Amharic', 'am', 'am', 0, 'no', 'no', '2019-11-20 11:24:23', '0000-00-00 00:00:00'),
(4, 'English', 'en', 'us', 0, 'no', 'no', '2019-11-20 11:38:50', '0000-00-00 00:00:00'),
(5, 'Arabic', 'ar', 'sa', 1, 'no', 'no', '2019-11-20 11:47:28', '2026-04-29 13:56:53'),
(7, 'Afrikaans', 'af', 'af', 0, 'no', 'no', '2019-11-20 11:24:23', '0000-00-00 00:00:00'),
(8, 'Basque', 'eu', 'es', 0, 'no', 'no', '2019-11-20 11:54:10', '0000-00-00 00:00:00'),
(11, 'Bengali', 'bn', 'in', 0, 'no', 'no', '2019-11-20 11:41:53', '0000-00-00 00:00:00'),
(13, 'Bosnian', 'bs', 'bs', 0, 'no', 'no', '2019-11-20 11:24:23', '0000-00-00 00:00:00'),
(14, 'Welsh', 'cy', 'cy', 0, 'no', 'no', '2019-11-20 11:24:23', '0000-00-00 00:00:00'),
(15, 'Hungarian', 'hu', 'hu', 0, 'no', 'no', '2019-11-20 11:24:23', '0000-00-00 00:00:00'),
(16, 'Vietnamese', 'vi', 'vi', 0, 'no', 'no', '2019-11-20 11:24:23', '0000-00-00 00:00:00'),
(17, 'Haitian', 'ht', 'ht', 0, 'no', 'no', '2021-01-23 07:09:32', '0000-00-00 00:00:00'),
(18, 'Galician', 'gl', 'gl', 0, 'no', 'no', '2019-11-20 11:24:23', '0000-00-00 00:00:00'),
(19, 'Dutch', 'nl', 'nl', 0, 'no', 'no', '2019-11-20 11:24:23', '0000-00-00 00:00:00'),
(21, 'Greek', 'el', 'gr', 0, 'no', 'no', '2019-11-20 12:12:08', '0000-00-00 00:00:00'),
(22, 'Georgian', 'ka', 'ge', 0, 'no', 'no', '2019-11-20 12:11:40', '0000-00-00 00:00:00'),
(23, 'Gujarati', 'gu', 'in', 0, 'no', 'no', '2019-11-20 11:39:16', '0000-00-00 00:00:00'),
(24, 'Danish', 'da', 'dk', 0, 'no', 'no', '2019-11-20 12:03:25', '0000-00-00 00:00:00'),
(25, 'Hebrew', 'he', 'il', 0, 'no', 'no', '2019-11-20 12:13:50', '0000-00-00 00:00:00'),
(26, 'Yiddish', 'yi', 'il', 0, 'no', 'no', '2019-11-20 12:25:33', '0000-00-00 00:00:00'),
(27, 'Indonesian', 'id', 'id', 0, 'no', 'no', '2019-11-20 11:24:23', '0000-00-00 00:00:00'),
(28, 'Irish', 'ga', 'ga', 0, 'no', 'no', '2019-11-20 11:24:23', '0000-00-00 00:00:00'),
(29, 'Italian', 'it', 'it', 0, 'no', 'no', '2019-11-20 11:24:23', '0000-00-00 00:00:00'),
(30, 'Icelandic', 'is', 'is', 0, 'no', 'no', '2019-11-20 11:24:23', '0000-00-00 00:00:00'),
(31, 'Spanish', 'es', 'es', 0, 'no', 'no', '2019-11-20 11:24:23', '0000-00-00 00:00:00'),
(33, 'Kannada', 'kn', 'kn', 0, 'no', 'no', '2019-11-20 11:24:23', '0000-00-00 00:00:00'),
(34, 'Catalan', 'ca', 'ca', 0, 'no', 'no', '2019-11-20 11:24:23', '0000-00-00 00:00:00'),
(36, 'Chinese', 'zh', 'cn', 0, 'no', 'no', '2019-11-20 12:01:48', '0000-00-00 00:00:00'),
(37, 'Korean', 'ko', 'kr', 0, 'no', 'no', '2019-11-20 12:19:09', '0000-00-00 00:00:00'),
(38, 'Xhosa', 'xh', 'ls', 0, 'no', 'no', '2019-11-20 12:24:39', '0000-00-00 00:00:00'),
(39, 'Latin', 'la', 'it', 0, 'no', 'no', '2021-01-23 07:09:32', '0000-00-00 00:00:00'),
(40, 'Latvian', 'lv', 'lv', 0, 'no', 'no', '2019-11-20 11:24:23', '0000-00-00 00:00:00'),
(41, 'Lithuanian', 'lt', 'lt', 0, 'no', 'no', '2019-11-20 11:24:23', '0000-00-00 00:00:00'),
(43, 'Malagasy', 'mg', 'mg', 0, 'no', 'no', '2019-11-20 11:24:23', '0000-00-00 00:00:00'),
(44, 'Malay', 'ms', 'ms', 0, 'no', 'no', '2019-11-20 11:24:23', '0000-00-00 00:00:00'),
(45, 'Malayalam', 'ml', 'ml', 0, 'no', 'no', '2019-11-20 11:24:23', '0000-00-00 00:00:00'),
(46, 'Maltese', 'mt', 'mt', 0, 'no', 'no', '2019-11-20 11:24:23', '0000-00-00 00:00:00'),
(47, 'Macedonian', 'mk', 'mk', 0, 'no', 'no', '2019-11-20 11:24:23', '0000-00-00 00:00:00'),
(48, 'Maori', 'mi', 'nz', 0, 'no', 'no', '2019-11-20 12:20:27', '0000-00-00 00:00:00'),
(49, 'Marathi', 'mr', 'in', 0, 'no', 'no', '2019-11-20 11:39:51', '0000-00-00 00:00:00'),
(51, 'Mongolian', 'mn', 'mn', 0, 'no', 'no', '2019-11-20 11:24:23', '0000-00-00 00:00:00'),
(52, 'German', 'de', 'de', 0, 'no', 'no', '2019-11-20 11:24:23', '0000-00-00 00:00:00'),
(53, 'Nepali', 'ne', 'ne', 0, 'no', 'no', '2019-11-20 11:24:23', '0000-00-00 00:00:00'),
(54, 'Norwegian', 'no', 'no', 0, 'no', 'no', '2019-11-20 11:24:23', '0000-00-00 00:00:00'),
(55, 'Punjabi', 'pa', 'in', 0, 'no', 'no', '2019-11-20 11:40:16', '0000-00-00 00:00:00'),
(57, 'Persian', 'fa', 'ir', 0, 'no', 'no', '2019-11-20 12:21:17', '0000-00-00 00:00:00'),
(59, 'Portuguese', 'pt', 'pt', 0, 'no', 'no', '2019-11-20 11:24:23', '0000-00-00 00:00:00'),
(60, 'Romanian', 'ro', 'ro', 0, 'no', 'no', '2019-11-20 11:24:23', '0000-00-00 00:00:00'),
(61, 'Russian', 'ru', 'ru', 0, 'no', 'no', '2019-11-20 11:24:23', '0000-00-00 00:00:00'),
(62, 'Cebuano', 'ceb', 'ph', 0, 'no', 'no', '2019-11-20 11:59:12', '0000-00-00 00:00:00'),
(64, 'Sinhala', 'si', 'lk ', 0, 'no', 'no', '2021-01-23 07:09:32', '0000-00-00 00:00:00'),
(65, 'Slovakian', 'sk', 'sk', 0, 'no', 'no', '2019-11-20 11:24:23', '0000-00-00 00:00:00'),
(66, 'Slovenian', 'sl', 'sl', 0, 'no', 'no', '2019-11-20 11:24:23', '0000-00-00 00:00:00'),
(67, 'Swahili', 'sw', 'ke', 0, 'no', 'no', '2019-11-20 12:21:57', '0000-00-00 00:00:00'),
(68, 'Sundanese', 'su', 'sd', 0, 'no', 'no', '2019-12-03 11:06:57', '0000-00-00 00:00:00'),
(70, 'Thai', 'th', 'th', 0, 'no', 'no', '2019-11-20 11:24:23', '0000-00-00 00:00:00'),
(71, 'Tagalog', 'tl', 'tl', 0, 'no', 'no', '2019-11-20 11:24:23', '0000-00-00 00:00:00'),
(72, 'Tamil', 'ta', 'in', 0, 'no', 'no', '2019-11-20 11:40:53', '0000-00-00 00:00:00'),
(74, 'Telugu', 'te', 'in', 0, 'no', 'no', '2019-11-20 11:41:15', '0000-00-00 00:00:00'),
(75, 'Turkish', 'tr', 'tr', 0, 'no', 'no', '2019-11-20 11:24:23', '0000-00-00 00:00:00'),
(77, 'Uzbek', 'uz', 'uz', 0, 'no', 'no', '2019-11-20 11:24:23', '0000-00-00 00:00:00'),
(79, 'Urdu', 'ur', 'pk', 0, 'no', 'no', '2019-11-20 12:23:57', '0000-00-00 00:00:00'),
(80, 'Finnish', 'fi', 'fi', 0, 'no', 'no', '2019-11-20 11:24:23', '0000-00-00 00:00:00'),
(81, 'French', 'fr', 'fr', 0, 'no', 'no', '2019-11-20 11:24:23', '0000-00-00 00:00:00'),
(82, 'Hindi', 'hi', 'in', 0, 'no', 'no', '2019-11-20 11:36:34', '0000-00-00 00:00:00'),
(84, 'Czech', 'cs', 'cz', 0, 'no', 'no', '2019-11-20 12:02:36', '0000-00-00 00:00:00'),
(85, 'Swedish', 'sv', 'sv', 0, 'no', 'no', '2019-11-20 11:24:23', '0000-00-00 00:00:00'),
(86, 'Scottish', 'gd', 'gd', 0, 'no', 'no', '2019-11-20 11:24:23', '0000-00-00 00:00:00'),
(87, 'Estonian', 'et', 'et', 0, 'no', 'no', '2019-11-20 11:24:23', '0000-00-00 00:00:00'),
(88, 'Esperanto', 'eo', 'br', 0, 'no', 'no', '2019-11-21 04:49:18', '0000-00-00 00:00:00'),
(89, 'Javanese', 'jv', 'id', 0, 'no', 'no', '2019-11-20 12:18:29', '0000-00-00 00:00:00'),
(90, 'Japanese', 'ja', 'jp', 0, 'no', 'no', '2019-11-20 12:14:39', '0000-00-00 00:00:00'),
(91, 'Polish', 'pl', 'pl', 0, 'no', 'no', '2020-06-15 03:25:27', '0000-00-00 00:00:00'),
(92, 'Kurdish', 'ku', 'iq', 0, 'no', 'no', '2020-12-21 00:15:31', '0000-00-00 00:00:00'),
(93, 'Lao', 'lo', 'la', 0, 'no', 'no', '2020-12-21 00:15:36', '0000-00-00 00:00:00'),
(94, 'Croatia', 'hr', 'hr', 0, 'no', 'no', '2022-06-07 11:48:21', '0000-00-00 00:00:00');

-- --------------------------------------------------------

--
-- Structure de la table `leave_types`
--

CREATE TABLE `leave_types` (
  `id` int(11) NOT NULL,
  `type` varchar(200) NOT NULL,
  `is_active` varchar(50) NOT NULL
) ENGINE=InnoDB DEFAULT CHARSET=utf8mb3 COLLATE=utf8mb3_uca1400_ai_ci;

-- --------------------------------------------------------

--
-- Structure de la table `lesson`
--

CREATE TABLE `lesson` (
  `id` int(11) NOT NULL,
  `session_id` int(11) NOT NULL,
  `subject_group_subject_id` int(11) NOT NULL,
  `subject_group_class_sections_id` int(11) NOT NULL,
  `name` varchar(255) NOT NULL,
  `created_at` timestamp NOT NULL DEFAULT current_timestamp(),
  `updated_at` timestamp NOT NULL DEFAULT current_timestamp() ON UPDATE current_timestamp()
) ENGINE=InnoDB DEFAULT CHARSET=utf8mb3 COLLATE=utf8mb3_uca1400_ai_ci;

-- --------------------------------------------------------

--
-- Structure de la table `lesson_plan_forum`
--

CREATE TABLE `lesson_plan_forum` (
  `id` int(11) NOT NULL,
  `subject_syllabus_id` int(11) NOT NULL,
  `type` varchar(20) NOT NULL COMMENT 'staff,student',
  `staff_id` int(11) DEFAULT NULL,
  `student_id` int(11) DEFAULT NULL,
  `message` text NOT NULL,
  `created_date` datetime DEFAULT NULL
) ENGINE=InnoDB DEFAULT CHARSET=utf8mb3 COLLATE=utf8mb3_uca1400_ai_ci;

-- --------------------------------------------------------

--
-- Structure de la table `libarary_members`
--

CREATE TABLE `libarary_members` (
  `id` int(11) NOT NULL,
  `library_card_no` varchar(50) DEFAULT NULL,
  `member_type` varchar(50) DEFAULT NULL,
  `member_id` int(11) DEFAULT NULL,
  `is_active` varchar(10) NOT NULL DEFAULT 'no',
  `created_at` timestamp NOT NULL DEFAULT current_timestamp(),
  `updated_at` timestamp NOT NULL DEFAULT current_timestamp() ON UPDATE current_timestamp()
) ENGINE=InnoDB DEFAULT CHARSET=utf8mb3 COLLATE=utf8mb3_uca1400_ai_ci;

-- --------------------------------------------------------

--
-- Structure de la table `logs`
--

CREATE TABLE `logs` (
  `id` int(11) NOT NULL,
  `message` text DEFAULT NULL,
  `record_id` text DEFAULT NULL,
  `user_id` int(11) DEFAULT NULL,
  `action` varchar(50) DEFAULT NULL,
  `ip_address` varchar(50) DEFAULT NULL,
  `platform` varchar(50) DEFAULT NULL,
  `agent` varchar(50) DEFAULT NULL,
  `time` timestamp NOT NULL DEFAULT current_timestamp(),
  `created_at` date DEFAULT NULL
) ENGINE=InnoDB DEFAULT CHARSET=utf8mb3 COLLATE=utf8mb3_uca1400_ai_ci;

--
-- Déchargement des données de la table `logs`
--

INSERT INTO `logs` (`id`, `message`, `record_id`, `user_id`, `action`, `ip_address`, `platform`, `agent`, `time`, `created_at`) VALUES
(1, 'New Record inserted On zoom settings id 1', '1', 1, 'Insert', '105.155.51.174', 'Windows 10', 'Chrome 147.0.0.0', '2026-04-29 13:10:44', NULL),
(2, 'Record updated On zoom settings id 1', '1', 1, 'Update', '105.155.51.174', 'Windows 10', 'Chrome 147.0.0.0', '2026-04-29 13:10:44', NULL),
(3, 'Record updated On zoom settings id 1', '1', 1, 'Update', '105.155.51.174', 'Windows 10', 'Chrome 147.0.0.0', '2026-04-29 13:11:01', NULL),
(4, 'Record updated On zoom settings id 1', '1', 1, 'Update', '105.155.51.174', 'Windows 10', 'Chrome 147.0.0.0', '2026-04-29 13:11:01', NULL),
(5, 'Record updated On settings id 1', '1', 1, 'Update', '41.248.22.218', 'Linux', 'Firefox 149.0', '2026-04-29 13:41:39', NULL),
(6, 'Record updated On settings id 1', '1', 1, 'Update', '41.248.22.218', 'Linux', 'Firefox 149.0', '2026-04-29 14:43:52', NULL),
(7, 'Record updated On settings id 1', '1', 1, 'Update', '41.248.22.218', 'Linux', 'Firefox 149.0', '2026-04-29 14:44:05', NULL),
(8, 'Record updated On settings id 1', '1', 1, 'Update', '41.248.22.218', 'Linux', 'Firefox 149.0', '2026-04-29 14:45:45', NULL),
(9, 'Record updated On settings id 1', '1', 1, 'Update', '41.248.22.218', 'Linux', 'Firefox 149.0', '2026-04-29 14:56:37', NULL),
(10, 'Record updated On settings id 1', '1', 1, 'Update', '41.248.22.218', 'Linux', 'Firefox 149.0', '2026-04-29 14:56:47', NULL),
(11, 'New Record inserted On sections id 1', '1', 1, 'Insert', '41.248.22.218', 'Linux', 'Firefox 149.0', '2026-04-29 15:26:21', NULL),
(12, 'New Record inserted On sections id 2', '2', 1, 'Insert', '41.248.22.218', 'Linux', 'Firefox 149.0', '2026-04-29 15:26:31', NULL),
(13, 'New Record inserted On sections id 3', '3', 1, 'Insert', '41.248.22.218', 'Linux', 'Firefox 149.0', '2026-04-29 15:26:37', NULL),
(14, 'New Record inserted On subject groups id 1', '1', 1, 'Insert', '41.248.22.218', 'Linux', 'Firefox 149.0', '2026-04-29 15:26:58', NULL),
(15, 'New Record inserted On subject groups id 2', '2', 1, 'Insert', '41.248.22.218', 'Linux', 'Firefox 149.0', '2026-04-29 15:27:09', NULL),
(16, 'New Record inserted On subject groups id 3', '3', 1, 'Insert', '41.248.22.218', 'Linux', 'Firefox 149.0', '2026-04-29 15:27:18', NULL),
(17, 'New Record inserted On subject groups id 4', '4', 1, 'Insert', '41.248.22.218', 'Linux', 'Firefox 149.0', '2026-04-29 15:27:28', NULL),
(18, 'New Record inserted On subject groups id 5', '5', 1, 'Insert', '41.248.22.218', 'Linux', 'Firefox 149.0', '2026-04-29 15:27:34', NULL),
(19, 'New Record inserted On subject groups id 6', '6', 1, 'Insert', '41.248.22.218', 'Linux', 'Firefox 149.0', '2026-04-29 15:27:42', NULL),
(20, 'New Record inserted On subject groups id 7', '7', 1, 'Insert', '41.248.22.218', 'Linux', 'Firefox 149.0', '2026-04-29 15:27:50', NULL),
(21, 'New Record inserted On subject groups id 8', '8', 1, 'Insert', '41.248.22.218', 'Linux', 'Firefox 149.0', '2026-04-29 15:27:57', NULL),
(22, 'New Record inserted On subject groups id 9', '9', 1, 'Insert', '41.248.22.218', 'Linux', 'Firefox 149.0', '2026-04-29 15:28:03', NULL),
(23, 'New Record inserted On subject groups id 10', '10', 1, 'Insert', '41.248.22.218', 'Linux', 'Firefox 149.0', '2026-04-29 15:28:12', NULL),
(24, 'New Record inserted On subject groups id 11', '11', 1, 'Insert', '41.248.22.218', 'Linux', 'Firefox 149.0', '2026-04-29 15:28:27', NULL),
(25, 'New Record inserted On subject groups id 12', '12', 1, 'Insert', '41.248.22.218', 'Linux', 'Firefox 149.0', '2026-04-29 15:28:34', NULL),
(26, 'New Record inserted On subject groups id 13', '13', 1, 'Insert', '41.248.22.218', 'Linux', 'Firefox 149.0', '2026-04-29 15:28:44', NULL),
(27, 'New Record inserted On  categories id 1', '1', 1, 'Insert', '41.248.22.218', 'Linux', 'Firefox 149.0', '2026-04-29 15:29:19', NULL),
(28, 'New Record inserted On  categories id 2', '2', 1, 'Insert', '41.248.22.218', 'Linux', 'Firefox 149.0', '2026-04-29 15:29:31', NULL),
(29, 'New Record inserted On  categories id 3', '3', 1, 'Insert', '41.248.22.218', 'Linux', 'Firefox 149.0', '2026-04-29 15:29:46', NULL),
(30, 'Record updated On settings id 1', '1', 1, 'Update', '41.248.22.218', 'Linux', 'Firefox 149.0', '2026-04-29 15:31:32', NULL),
(31, 'New Record inserted On users id 2', '2', 1, 'Insert', '41.248.22.218', 'Linux', 'Firefox 149.0', '2026-04-29 15:31:32', NULL),
(32, 'Record updated On students id 1', '1', 1, 'Update', '41.248.22.218', 'Linux', 'Firefox 149.0', '2026-04-29 15:31:32', NULL),
(33, 'Record updated On settings id 1', '1', 1, 'Update', '41.248.22.218', 'Linux', 'Firefox 149.0', '2026-04-29 15:38:10', NULL),
(34, 'Record updated On settings id 1', '1', 1, 'Update', '41.248.22.218', 'Linux', 'Firefox 149.0', '2026-04-29 15:52:07', NULL),
(35, 'Record updated On settings id 1', '1', 1, 'Update', '41.248.22.218', 'Linux', 'Firefox 149.0', '2026-04-29 15:52:29', NULL),
(36, 'New Record inserted On  fee group id 1', '1', 1, 'Insert', '105.191.42.135', 'Linux', 'Firefox 149.0', '2026-04-29 20:02:42', NULL),
(37, 'New Record inserted On  fee type id 1', '1', 1, 'Insert', '105.191.42.135', 'Linux', 'Firefox 149.0', '2026-04-29 20:03:06', NULL),
(38, 'New Record inserted On  fee groups feetype id 1', '1', 1, 'Insert', '105.191.42.135', 'Linux', 'Firefox 149.0', '2026-04-29 20:03:49', NULL),
(39, 'New Record inserted On  fee type id 2', '2', 1, 'Insert', '105.191.42.135', 'Linux', 'Firefox 149.0', '2026-04-29 20:05:09', NULL),
(40, 'New Record inserted On  fee groups feetype id 2', '2', 1, 'Insert', '105.191.42.135', 'Linux', 'Firefox 149.0', '2026-04-29 20:05:40', NULL),
(41, 'New Record inserted On student fees master id 1', '1', 1, 'Insert', '105.191.42.135', 'Linux', 'Firefox 149.0', '2026-04-29 20:07:13', NULL),
(42, 'Record updated On settings id 1', '1', 1, 'Update', '105.155.55.229', 'Windows 10', 'Chrome 147.0.0.0', '2026-04-30 10:15:43', NULL),
(43, 'Record updated On notification setting id 1', '1', 1, 'Update', '105.155.55.229', 'Windows 10', 'Chrome 147.0.0.0', '2026-04-30 11:00:45', NULL),
(44, 'Record updated On notification setting id 2', '2', 1, 'Update', '105.155.55.229', 'Windows 10', 'Chrome 147.0.0.0', '2026-04-30 11:00:45', NULL),
(45, 'Record updated On notification setting id 3', '3', 1, 'Update', '105.155.55.229', 'Windows 10', 'Chrome 147.0.0.0', '2026-04-30 11:00:45', NULL),
(46, 'Record updated On notification setting id 4', '4', 1, 'Update', '105.155.55.229', 'Windows 10', 'Chrome 147.0.0.0', '2026-04-30 11:00:45', NULL),
(47, 'Record updated On notification setting id 6', '6', 1, 'Update', '105.155.55.229', 'Windows 10', 'Chrome 147.0.0.0', '2026-04-30 11:00:45', NULL),
(48, 'Record updated On notification setting id 7', '7', 1, 'Update', '105.155.55.229', 'Windows 10', 'Chrome 147.0.0.0', '2026-04-30 11:00:45', NULL),
(49, 'Record updated On notification setting id 8', '8', 1, 'Update', '105.155.55.229', 'Windows 10', 'Chrome 147.0.0.0', '2026-04-30 11:00:45', NULL),
(50, 'Record updated On notification setting id 9', '9', 1, 'Update', '105.155.55.229', 'Windows 10', 'Chrome 147.0.0.0', '2026-04-30 11:00:45', NULL),
(51, 'Record updated On notification setting id 10', '10', 1, 'Update', '105.155.55.229', 'Windows 10', 'Chrome 147.0.0.0', '2026-04-30 11:00:45', NULL),
(52, 'Record updated On notification setting id 11', '11', 1, 'Update', '105.155.55.229', 'Windows 10', 'Chrome 147.0.0.0', '2026-04-30 11:00:45', NULL),
(53, 'Record updated On notification setting id 12', '12', 1, 'Update', '105.155.55.229', 'Windows 10', 'Chrome 147.0.0.0', '2026-04-30 11:00:45', NULL),
(54, 'Record updated On notification setting id 13', '13', 1, 'Update', '105.155.55.229', 'Windows 10', 'Chrome 147.0.0.0', '2026-04-30 11:00:45', NULL),
(55, 'Record updated On notification setting id 14', '14', 1, 'Update', '105.155.55.229', 'Windows 10', 'Chrome 147.0.0.0', '2026-04-30 11:00:45', NULL),
(56, 'Record updated On notification setting id 15', '15', 1, 'Update', '105.155.55.229', 'Windows 10', 'Chrome 147.0.0.0', '2026-04-30 11:00:45', NULL),
(57, 'Record updated On notification setting id 16', '16', 1, 'Update', '105.155.55.229', 'Windows 10', 'Chrome 147.0.0.0', '2026-04-30 11:00:45', NULL),
(58, 'Record updated On notification setting id 17', '17', 1, 'Update', '105.155.55.229', 'Windows 10', 'Chrome 147.0.0.0', '2026-04-30 11:00:45', NULL),
(59, 'Record updated On notification setting id 18', '18', 1, 'Update', '105.155.55.229', 'Windows 10', 'Chrome 147.0.0.0', '2026-04-30 11:00:45', NULL),
(60, 'Record updated On notification setting id 23', '23', 1, 'Update', '105.155.55.229', 'Windows 10', 'Chrome 147.0.0.0', '2026-04-30 11:00:45', NULL),
(61, 'Record updated On notification setting id 24', '24', 1, 'Update', '105.155.55.229', 'Windows 10', 'Chrome 147.0.0.0', '2026-04-30 11:00:45', NULL),
(62, 'Record updated On notification setting id 25', '25', 1, 'Update', '105.155.55.229', 'Windows 10', 'Chrome 147.0.0.0', '2026-04-30 11:00:45', NULL),
(63, 'Record updated On notification setting id 26', '26', 1, 'Update', '105.155.55.229', 'Windows 10', 'Chrome 147.0.0.0', '2026-04-30 11:00:45', NULL),
(64, 'Record updated On notification setting id 27', '27', 1, 'Update', '105.155.55.229', 'Windows 10', 'Chrome 147.0.0.0', '2026-04-30 11:00:45', NULL),
(65, 'Record updated On notification setting id 28', '28', 1, 'Update', '105.155.55.229', 'Windows 10', 'Chrome 147.0.0.0', '2026-04-30 11:00:45', NULL),
(66, 'Record updated On notification setting id 29', '29', 1, 'Update', '105.155.55.229', 'Windows 10', 'Chrome 147.0.0.0', '2026-04-30 11:00:45', NULL),
(67, 'Record updated On notification setting id 30', '30', 1, 'Update', '105.155.55.229', 'Windows 10', 'Chrome 147.0.0.0', '2026-04-30 11:00:45', NULL),
(68, 'Record updated On notification setting id 31', '31', 1, 'Update', '105.155.55.229', 'Windows 10', 'Chrome 147.0.0.0', '2026-04-30 11:00:45', NULL),
(69, 'Record updated On notification setting id 32', '32', 1, 'Update', '105.155.55.229', 'Windows 10', 'Chrome 147.0.0.0', '2026-04-30 11:00:45', NULL),
(70, 'Record updated On notification setting id 33', '33', 1, 'Update', '105.155.55.229', 'Windows 10', 'Chrome 147.0.0.0', '2026-04-30 11:00:45', NULL),
(71, 'Record updated On notification setting id 34', '34', 1, 'Update', '105.155.55.229', 'Windows 10', 'Chrome 147.0.0.0', '2026-04-30 11:00:45', NULL),
(72, 'Record updated On notification setting id 35', '35', 1, 'Update', '105.155.55.229', 'Windows 10', 'Chrome 147.0.0.0', '2026-04-30 11:00:45', NULL),
(73, 'Record updated On notification setting id 36', '36', 1, 'Update', '105.155.55.229', 'Windows 10', 'Chrome 147.0.0.0', '2026-04-30 11:00:45', NULL),
(74, 'Record updated On notification setting id 37', '37', 1, 'Update', '105.155.55.229', 'Windows 10', 'Chrome 147.0.0.0', '2026-04-30 11:00:45', NULL),
(75, 'Record updated On notification setting id 20', '20', 1, 'Update', '105.155.55.229', 'Windows 10', 'Chrome 147.0.0.0', '2026-04-30 11:00:45', NULL),
(76, 'Record updated On notification setting id 19', '19', 1, 'Update', '105.155.55.229', 'Windows 10', 'Chrome 147.0.0.0', '2026-04-30 11:00:45', NULL),
(77, 'Record updated On notification setting id 21', '21', 1, 'Update', '105.155.55.229', 'Windows 10', 'Chrome 147.0.0.0', '2026-04-30 11:00:45', NULL),
(78, 'Record updated On notification setting id 22', '22', 1, 'Update', '105.155.55.229', 'Windows 10', 'Chrome 147.0.0.0', '2026-04-30 11:00:45', NULL),
(79, 'Record deleted On student fees deposite id 2', '2', 1, 'Delete', '105.155.55.229', 'Windows 10', 'Chrome 147.0.0.0', '2026-04-30 11:01:38', NULL),
(80, 'Record deleted On student applied discounts id 2 and subinvoice id1', '2', 1, 'Delete', '105.155.55.229', 'Windows 10', 'Chrome 147.0.0.0', '2026-04-30 11:01:38', NULL),
(81, 'Record updated On settings id 1', '1', 1, 'Update', '105.155.55.229', 'Windows 10', 'Chrome 147.0.0.0', '2026-04-30 11:03:42', NULL),
(82, 'Record updated On settings id 1', '1', 1, 'Update', '105.155.55.229', 'Windows 10', 'Chrome 147.0.0.0', '2026-04-30 11:03:56', NULL),
(83, 'Record updated On settings id 1', '1', 1, 'Update', '105.155.55.229', 'Windows 10', 'Chrome 147.0.0.0', '2026-04-30 11:10:59', NULL),
(84, 'Record deleted On student fees deposite id 3', '3', 1, 'Delete', '105.155.55.229', 'Windows 10', 'Chrome 147.0.0.0', '2026-04-30 11:21:42', NULL),
(85, 'Record deleted On student applied discounts id 3 and subinvoice id1', '3', 1, 'Delete', '105.155.55.229', 'Windows 10', 'Chrome 147.0.0.0', '2026-04-30 11:21:42', NULL),
(86, 'Record deleted On student fees deposite id 1', '1', 1, 'Delete', '105.155.55.229', 'Windows 10', 'Chrome 147.0.0.0', '2026-04-30 11:21:54', NULL),
(87, 'Record deleted On student applied discounts id 1 and subinvoice id1', '1', 1, 'Delete', '105.155.55.229', 'Windows 10', 'Chrome 147.0.0.0', '2026-04-30 11:21:54', NULL),
(88, 'Record updated On  fee group id 1', '1', 1, 'Update', '105.155.55.229', 'Windows 10', 'Chrome 147.0.0.0', '2026-04-30 11:25:25', NULL),
(89, 'New Record inserted On  fee group id 2', '2', 1, 'Insert', '105.155.55.229', 'Windows 10', 'Chrome 147.0.0.0', '2026-04-30 11:26:33', NULL),
(90, 'New Record inserted On  fee type id 3', '3', 1, 'Insert', '105.155.55.229', 'Windows 10', 'Chrome 147.0.0.0', '2026-04-30 11:27:25', NULL),
(91, 'New Record inserted On  fee type id 4', '4', 1, 'Insert', '105.155.55.229', 'Windows 10', 'Chrome 147.0.0.0', '2026-04-30 11:27:43', NULL),
(92, 'New Record inserted On  fee type id 5', '5', 1, 'Insert', '105.155.55.229', 'Windows 10', 'Chrome 147.0.0.0', '2026-04-30 11:27:55', NULL),
(93, 'Record updated On  fee type id 3', '3', 1, 'Update', '105.155.55.229', 'Windows 10', 'Chrome 147.0.0.0', '2026-04-30 11:28:15', NULL),
(94, 'Record updated On  fee type id 4', '4', 1, 'Update', '105.155.55.229', 'Windows 10', 'Chrome 147.0.0.0', '2026-04-30 11:28:42', NULL),
(95, 'New Record inserted On  fee type id 6', '6', 1, 'Insert', '105.155.55.229', 'Windows 10', 'Chrome 147.0.0.0', '2026-04-30 11:29:06', NULL),
(96, 'New Record inserted On  fee type id 7', '7', 1, 'Insert', '105.155.55.229', 'Windows 10', 'Chrome 147.0.0.0', '2026-04-30 11:29:27', NULL),
(97, 'Record deleted On  fee type id 7', '7', 1, 'Delete', '105.155.55.229', 'Windows 10', 'Chrome 147.0.0.0', '2026-04-30 11:29:43', NULL),
(98, 'Record updated On  fee type id 3', '3', 1, 'Update', '105.155.55.229', 'Windows 10', 'Chrome 147.0.0.0', '2026-04-30 11:30:09', NULL),
(99, 'Record updated On  fee type id 4', '4', 1, 'Update', '105.155.55.229', 'Windows 10', 'Chrome 147.0.0.0', '2026-04-30 11:30:40', NULL),
(100, 'Record updated On  fee type id 5', '5', 1, 'Update', '105.155.55.229', 'Windows 10', 'Chrome 147.0.0.0', '2026-04-30 11:31:05', NULL),
(101, 'Record updated On  fee type id 6', '6', 1, 'Update', '105.155.55.229', 'Windows 10', 'Chrome 147.0.0.0', '2026-04-30 11:31:34', NULL),
(102, 'New Record inserted On  fee type id 8', '8', 1, 'Insert', '105.155.55.229', 'Windows 10', 'Chrome 147.0.0.0', '2026-04-30 11:31:48', NULL),
(103, 'New Record inserted On  fee type id 9', '9', 1, 'Insert', '105.155.55.229', 'Windows 10', 'Chrome 147.0.0.0', '2026-04-30 11:32:03', NULL),
(104, 'New Record inserted On  fee type id 10', '10', 1, 'Insert', '105.155.55.229', 'Windows 10', 'Chrome 147.0.0.0', '2026-04-30 11:32:25', NULL),
(105, 'New Record inserted On  fee type id 11', '11', 1, 'Insert', '105.155.55.229', 'Windows 10', 'Chrome 147.0.0.0', '2026-04-30 11:32:38', NULL),
(106, 'New Record inserted On  fee type id 12', '12', 1, 'Insert', '105.155.55.229', 'Windows 10', 'Chrome 147.0.0.0', '2026-04-30 11:33:00', NULL),
(107, 'New Record inserted On  fee type id 13', '13', 1, 'Insert', '105.155.55.229', 'Windows 10', 'Chrome 147.0.0.0', '2026-04-30 11:33:26', NULL),
(108, 'Record deleted On student fees deposite id 4', '4', 1, 'Delete', '105.155.55.229', 'Windows 10', 'Chrome 147.0.0.0', '2026-04-30 11:47:59', NULL),
(109, 'Record deleted On student applied discounts id 4 and subinvoice id1', '4', 1, 'Delete', '105.155.55.229', 'Windows 10', 'Chrome 147.0.0.0', '2026-04-30 11:47:59', NULL),
(110, 'Record deleted On student fees deposite id 5', '5', 1, 'Delete', '105.155.55.229', 'Windows 10', 'Chrome 147.0.0.0', '2026-04-30 11:48:05', NULL),
(111, 'Record deleted On student applied discounts id 5 and subinvoice id1', '5', 1, 'Delete', '105.155.55.229', 'Windows 10', 'Chrome 147.0.0.0', '2026-04-30 11:48:05', NULL),
(112, 'Record updated On settings id 1', '1', 1, 'Update', '105.155.55.229', 'Windows 10', 'Chrome 147.0.0.0', '2026-04-30 12:31:01', NULL),
(113, 'New Record inserted On users id 4', '4', 1, 'Insert', '105.155.55.229', 'Windows 10', 'Chrome 147.0.0.0', '2026-04-30 12:31:01', NULL),
(114, 'Record updated On students id 2', '2', 1, 'Update', '105.155.55.229', 'Windows 10', 'Chrome 147.0.0.0', '2026-04-30 12:31:01', NULL),
(115, 'Record updated On settings id 1', '1', 1, 'Update', '105.155.55.229', 'Windows 10', 'Chrome 147.0.0.0', '2026-04-30 12:35:31', NULL),
(116, 'Record updated On settings id 1', '1', 1, 'Update', '105.155.55.229', 'Windows 10', 'Chrome 147.0.0.0', '2026-04-30 13:01:56', NULL),
(117, 'Record updated On settings id 1', '1', 1, 'Update', '105.155.55.229', 'Windows 10', 'Chrome 147.0.0.0', '2026-04-30 13:02:14', NULL),
(118, 'New Record inserted On  fee type id 14', '14', 1, 'Insert', '105.155.55.229', 'Windows 10', 'Chrome 147.0.0.0', '2026-04-30 13:08:57', NULL),
(119, 'New Record inserted On  fee groups feetype id 3', '3', 1, 'Insert', '105.155.55.229', 'Windows 10', 'Chrome 147.0.0.0', '2026-04-30 13:09:44', NULL),
(120, 'Record updated On  fee group id 2', '2', 1, 'Update', '105.155.55.229', 'Windows 10', 'Chrome 147.0.0.0', '2026-04-30 13:10:53', NULL),
(121, 'New Record inserted On  fee group id 3', '3', 1, 'Insert', '105.155.55.229', 'Windows 10', 'Chrome 147.0.0.0', '2026-04-30 13:11:09', NULL),
(122, 'New Record inserted On  fee groups feetype id 4', '4', 1, 'Insert', '105.155.55.229', 'Windows 10', 'Chrome 147.0.0.0', '2026-04-30 13:12:07', NULL),
(123, 'New Record inserted On  fee groups feetype id 5', '5', 1, 'Insert', '105.155.55.229', 'Windows 10', 'Chrome 147.0.0.0', '2026-04-30 13:12:30', NULL),
(124, 'New Record inserted On  fee groups feetype id 6', '6', 1, 'Insert', '105.155.55.229', 'Windows 10', 'Chrome 147.0.0.0', '2026-04-30 13:12:49', NULL),
(125, 'New Record inserted On  fee groups feetype id 7', '7', 1, 'Insert', '105.155.55.229', 'Windows 10', 'Chrome 147.0.0.0', '2026-04-30 13:13:11', NULL),
(126, 'New Record inserted On  fee groups feetype id 8', '8', 1, 'Insert', '105.155.55.229', 'Windows 10', 'Chrome 147.0.0.0', '2026-04-30 13:14:10', NULL),
(127, 'New Record inserted On  fee groups feetype id 9', '9', 1, 'Insert', '105.155.55.229', 'Windows 10', 'Chrome 147.0.0.0', '2026-04-30 13:14:42', NULL),
(128, 'New Record inserted On  fee groups feetype id 10', '10', 1, 'Insert', '105.155.55.229', 'Windows 10', 'Chrome 147.0.0.0', '2026-04-30 13:15:03', NULL),
(129, 'New Record inserted On  fee groups feetype id 11', '11', 1, 'Insert', '105.155.55.229', 'Windows 10', 'Chrome 147.0.0.0', '2026-04-30 13:15:27', NULL),
(130, 'New Record inserted On  fee groups feetype id 12', '12', 1, 'Insert', '105.155.55.229', 'Windows 10', 'Chrome 147.0.0.0', '2026-04-30 13:15:54', NULL),
(131, 'New Record inserted On  fee groups feetype id 13', '13', 1, 'Insert', '105.155.55.229', 'Windows 10', 'Chrome 147.0.0.0', '2026-04-30 13:16:19', NULL),
(132, 'New Record inserted On  fee groups feetype id 14', '14', 1, 'Insert', '105.155.55.229', 'Windows 10', 'Chrome 147.0.0.0', '2026-04-30 13:16:45', NULL),
(133, 'New Record inserted On users id 6', '6', 1, 'Insert', '105.155.55.229', 'Windows 10', 'Chrome 147.0.0.0', '2026-04-30 13:18:22', NULL),
(134, 'Record updated On students id 3', '3', 1, 'Update', '105.155.55.229', 'Windows 10', 'Chrome 147.0.0.0', '2026-04-30 13:18:22', NULL),
(135, 'New Record inserted On  fee groups feetype id 15', '15', 1, 'Insert', '105.155.55.229', 'Windows 10', 'Chrome 147.0.0.0', '2026-04-30 13:20:31', NULL),
(136, 'New Record inserted On  fee groups feetype id 16', '16', 1, 'Insert', '105.155.55.229', 'Windows 10', 'Chrome 147.0.0.0', '2026-04-30 13:20:56', NULL),
(137, 'New Record inserted On  fee groups feetype id 17', '17', 1, 'Insert', '105.155.55.229', 'Windows 10', 'Chrome 147.0.0.0', '2026-04-30 13:21:19', NULL),
(138, 'New Record inserted On  fee groups feetype id 18', '18', 1, 'Insert', '105.155.55.229', 'Windows 10', 'Chrome 147.0.0.0', '2026-04-30 13:21:36', NULL),
(139, 'New Record inserted On  fee groups feetype id 19', '19', 1, 'Insert', '105.155.55.229', 'Windows 10', 'Chrome 147.0.0.0', '2026-04-30 13:22:46', NULL),
(140, 'New Record inserted On  fee groups feetype id 20', '20', 1, 'Insert', '105.155.55.229', 'Windows 10', 'Chrome 147.0.0.0', '2026-04-30 13:23:06', NULL),
(141, 'New Record inserted On  fee groups feetype id 21', '21', 1, 'Insert', '105.155.55.229', 'Windows 10', 'Chrome 147.0.0.0', '2026-04-30 13:23:29', NULL),
(142, 'New Record inserted On  fee groups feetype id 22', '22', 1, 'Insert', '105.155.55.229', 'Windows 10', 'Chrome 147.0.0.0', '2026-04-30 13:23:52', NULL),
(143, 'New Record inserted On  fee groups feetype id 23', '23', 1, 'Insert', '105.155.55.229', 'Windows 10', 'Chrome 147.0.0.0', '2026-04-30 13:24:20', NULL),
(144, 'New Record inserted On  fee groups feetype id 24', '24', 1, 'Insert', '105.155.55.229', 'Windows 10', 'Chrome 147.0.0.0', '2026-04-30 13:24:53', NULL),
(145, 'New Record inserted On users id 8', '8', 1, 'Insert', '105.155.55.229', 'Windows 10', 'Chrome 147.0.0.0', '2026-04-30 13:27:11', NULL),
(146, 'Record updated On students id 4', '4', 1, 'Update', '105.155.55.229', 'Windows 10', 'Chrome 147.0.0.0', '2026-04-30 13:27:11', NULL),
(147, 'Record updated On settings id 1', '1', 1, 'Update', '105.155.55.229', 'Windows 10', 'Chrome 147.0.0.0', '2026-04-30 13:43:38', NULL),
(148, 'Record updated On settings id 1', '1', 1, 'Update', '105.155.55.229', 'Windows 10', 'Chrome 147.0.0.0', '2026-04-30 13:44:19', NULL),
(149, 'Record updated On settings id 1', '1', 1, 'Update', '105.155.55.229', 'Windows 10', 'Chrome 147.0.0.0', '2026-04-30 13:44:22', NULL),
(150, 'Record updated On settings id 1', '1', 1, 'Update', '105.155.55.229', 'Windows 10', 'Chrome 147.0.0.0', '2026-04-30 13:44:27', NULL),
(151, 'Record updated On settings id 1', '1', 1, 'Update', '105.155.55.229', 'Windows 10', 'Chrome 147.0.0.0', '2026-04-30 13:44:32', NULL),
(152, 'Record updated On settings id 1', '1', 1, 'Update', '105.155.55.229', 'Windows 10', 'Chrome 147.0.0.0', '2026-04-30 13:44:38', NULL),
(153, 'Record updated On settings id 1', '1', 1, 'Update', '105.155.55.229', 'Windows 10', 'Chrome 147.0.0.0', '2026-04-30 13:44:44', NULL),
(154, 'Record updated On settings id 1', '1', 1, 'Update', '105.155.55.229', 'Windows 10', 'Chrome 147.0.0.0', '2026-04-30 13:44:51', NULL),
(155, 'Record updated On settings id 1', '1', 1, 'Update', '105.155.55.229', 'Windows 10', 'Chrome 147.0.0.0', '2026-04-30 13:45:02', NULL),
(156, 'New Record inserted On  fees discounts id 1', '1', 1, 'Insert', '105.155.55.229', 'Windows 10', 'Chrome 147.0.0.0', '2026-04-30 13:46:54', NULL),
(157, 'Record updated On permission group id 12', '12', 1, 'Update', '105.155.55.229', 'Windows 10', 'Chrome 147.0.0.0', '2026-04-30 14:46:41', NULL),
(158, 'Record updated On permission group id 1100', '1100', 1, 'Update', '105.155.55.229', 'Windows 10', 'Chrome 147.0.0.0', '2026-04-30 14:47:02', NULL),
(159, 'Record updated On permission group id 9', '9', 1, 'Update', '105.155.55.229', 'Windows 10', 'Chrome 147.0.0.0', '2026-04-30 14:47:20', NULL),
(160, 'Record updated On permission group id 10', '10', 1, 'Update', '105.155.55.229', 'Windows 10', 'Chrome 147.0.0.0', '2026-04-30 14:47:30', NULL),
(161, 'Record updated On roles id 2', '2', 1, 'Update', '105.155.55.229', 'Windows 10', 'Chrome 147.0.0.0', '2026-04-30 14:54:20', NULL),
(162, 'Record updated On roles id 6', '6', 1, 'Update', '105.155.55.229', 'Windows 10', 'Chrome 147.0.0.0', '2026-04-30 14:54:38', NULL),
(163, 'Record updated On roles id 3', '3', 1, 'Update', '105.155.55.229', 'Windows 10', 'Chrome 147.0.0.0', '2026-04-30 15:02:51', NULL),
(164, 'New Record inserted On roles id 8', '8', 1, 'Insert', '105.155.55.229', 'Windows 10', 'Chrome 147.0.0.0', '2026-04-30 15:07:48', NULL),
(165, 'Record deleted On student fees deposite id 9', '9', 1, 'Delete', '105.155.55.229', 'Windows 10', 'Chrome 147.0.0.0', '2026-04-30 15:23:24', NULL),
(166, 'Record deleted On student applied discounts id 9 and subinvoice id1', '9', 1, 'Delete', '105.155.55.229', 'Windows 10', 'Chrome 147.0.0.0', '2026-04-30 15:23:24', NULL),
(167, 'Record updated On student fees deposite id 6', '6', 1, 'Update', '105.155.55.229', 'Windows 10', 'Chrome 147.0.0.0', '2026-04-30 15:24:24', NULL),
(168, 'Record deleted On student applied discounts id 6 and subinvoice id2', '6', 1, 'Delete', '105.155.55.229', 'Windows 10', 'Chrome 147.0.0.0', '2026-04-30 15:24:24', NULL),
(169, 'Record updated On student fees deposite id 6', '6', 1, 'Update', '105.155.55.229', 'Windows 10', 'Chrome 147.0.0.0', '2026-04-30 15:24:24', NULL),
(170, 'Record deleted On student applied discounts id 6 and subinvoice id2', '6', 1, 'Delete', '105.155.55.229', 'Windows 10', 'Chrome 147.0.0.0', '2026-04-30 15:24:24', NULL),
(171, 'Record deleted On student fees deposite id 6', '6', 1, 'Delete', '105.155.55.229', 'Windows 10', 'Chrome 147.0.0.0', '2026-04-30 15:24:35', NULL),
(172, 'Record deleted On student applied discounts id 6 and subinvoice id1', '6', 1, 'Delete', '105.155.55.229', 'Windows 10', 'Chrome 147.0.0.0', '2026-04-30 15:24:35', NULL),
(173, 'Record updated On student fees deposite id 7', '7', 1, 'Update', '105.155.55.229', 'Windows 10', 'Chrome 147.0.0.0', '2026-04-30 15:24:46', NULL),
(174, 'Record deleted On student applied discounts id 7 and subinvoice id1', '7', 1, 'Delete', '105.155.55.229', 'Windows 10', 'Chrome 147.0.0.0', '2026-04-30 15:24:46', NULL),
(175, 'Record updated On student fees deposite id 7', '7', 1, 'Update', '105.155.55.229', 'Windows 10', 'Chrome 147.0.0.0', '2026-04-30 15:24:46', NULL),
(176, 'Record deleted On student applied discounts id 7 and subinvoice id1', '7', 1, 'Delete', '105.155.55.229', 'Windows 10', 'Chrome 147.0.0.0', '2026-04-30 15:24:46', NULL),
(177, 'Record deleted On student fees deposite id 7', '7', 1, 'Delete', '105.155.55.229', 'Windows 10', 'Chrome 147.0.0.0', '2026-04-30 15:24:58', NULL),
(178, 'Record deleted On student applied discounts id 7 and subinvoice id2', '7', 1, 'Delete', '105.155.55.229', 'Windows 10', 'Chrome 147.0.0.0', '2026-04-30 15:24:58', NULL),
(179, 'Record deleted On classes id 5', '5', 1, 'Delete', '105.155.55.229', 'Windows 10', 'Chrome 147.0.0.0', '2026-04-30 15:26:34', NULL),
(180, 'Record deleted On classes id 13', '13', 1, 'Delete', '105.155.55.229', 'Windows 10', 'Chrome 147.0.0.0', '2026-04-30 15:26:42', NULL),
(181, 'Record deleted On classes id 12', '12', 1, 'Delete', '105.155.55.229', 'Windows 10', 'Chrome 147.0.0.0', '2026-04-30 15:26:57', NULL),
(182, 'Record deleted On classes id 11', '11', 1, 'Delete', '105.155.55.229', 'Windows 10', 'Chrome 147.0.0.0', '2026-04-30 15:27:38', NULL),
(183, 'Record deleted On classes id 9', '9', 1, 'Delete', '105.155.55.229', 'Windows 10', 'Chrome 147.0.0.0', '2026-04-30 15:27:47', NULL),
(184, 'Record deleted On classes id 7', '7', 1, 'Delete', '105.155.55.229', 'Windows 10', 'Chrome 147.0.0.0', '2026-04-30 15:27:55', NULL),
(185, 'Record deleted On classes id 10', '10', 1, 'Delete', '105.155.55.229', 'Windows 10', 'Chrome 147.0.0.0', '2026-04-30 15:28:05', NULL),
(186, 'Record deleted On classes id 8', '8', 1, 'Delete', '105.155.55.229', 'Windows 10', 'Chrome 147.0.0.0', '2026-04-30 15:28:16', NULL),
(187, 'Record deleted On classes id 6', '6', 1, 'Delete', '105.155.55.229', 'Windows 10', 'Chrome 147.0.0.0', '2026-04-30 15:28:31', NULL),
(188, 'New Record inserted On subject groups id 14', '14', 1, 'Insert', '105.155.55.229', 'Windows 10', 'Chrome 147.0.0.0', '2026-04-30 15:29:33', NULL),
(189, 'New Record inserted On subject groups id 15', '15', 1, 'Insert', '105.155.55.229', 'Windows 10', 'Chrome 147.0.0.0', '2026-04-30 15:30:06', NULL),
(190, 'New Record inserted On subject groups id 16', '16', 1, 'Insert', '105.155.55.229', 'Windows 10', 'Chrome 147.0.0.0', '2026-04-30 15:30:44', NULL),
(191, 'New Record inserted On subject groups id 17', '17', 1, 'Insert', '105.155.55.229', 'Windows 10', 'Chrome 147.0.0.0', '2026-04-30 15:31:30', NULL),
(192, 'New Record inserted On subject groups id 18', '18', 1, 'Insert', '105.155.55.229', 'Windows 10', 'Chrome 147.0.0.0', '2026-04-30 15:31:52', NULL),
(193, 'New Record inserted On subject groups id 19', '19', 1, 'Insert', '105.155.55.229', 'Windows 10', 'Chrome 147.0.0.0', '2026-04-30 15:32:12', NULL),
(194, 'New Record inserted On subject groups id 20', '20', 1, 'Insert', '105.155.55.229', 'Windows 10', 'Chrome 147.0.0.0', '2026-04-30 15:32:57', NULL),
(195, 'New Record inserted On subject groups id 21', '21', 1, 'Insert', '105.155.55.229', 'Windows 10', 'Chrome 147.0.0.0', '2026-04-30 15:33:16', NULL),
(196, 'New Record inserted On subject groups id 22', '22', 1, 'Insert', '105.155.55.229', 'Windows 10', 'Chrome 147.0.0.0', '2026-04-30 15:33:34', NULL),
(197, 'New Record inserted On subject groups id 23', '23', 1, 'Insert', '105.155.55.229', 'Windows 10', 'Chrome 147.0.0.0', '2026-04-30 15:34:18', NULL),
(198, 'New Record inserted On subject groups id 24', '24', 1, 'Insert', '105.155.55.229', 'Windows 10', 'Chrome 147.0.0.0', '2026-04-30 15:34:35', NULL),
(199, 'New Record inserted On subject groups id 25', '25', 1, 'Insert', '105.155.55.229', 'Windows 10', 'Chrome 147.0.0.0', '2026-04-30 15:36:25', NULL),
(200, 'Record deleted On classes id 24', '24', 1, 'Delete', '105.155.55.229', 'Windows 10', 'Chrome 147.0.0.0', '2026-04-30 15:36:47', NULL),
(201, 'New Record inserted On subject groups id 26', '26', 1, 'Insert', '105.155.55.229', 'Windows 10', 'Chrome 147.0.0.0', '2026-04-30 15:37:16', NULL),
(202, 'New Record inserted On subject groups id 27', '27', 1, 'Insert', '105.155.55.229', 'Windows 10', 'Chrome 147.0.0.0', '2026-04-30 15:37:48', NULL),
(203, 'New Record inserted On subject groups id 28', '28', 1, 'Insert', '105.155.55.229', 'Windows 10', 'Chrome 147.0.0.0', '2026-04-30 15:38:05', NULL),
(204, 'New Record inserted On subject groups id 29', '29', 1, 'Insert', '105.155.55.229', 'Windows 10', 'Chrome 147.0.0.0', '2026-04-30 15:38:22', NULL),
(205, 'New Record inserted On subject groups id 30', '30', 1, 'Insert', '105.155.55.229', 'Windows 10', 'Chrome 147.0.0.0', '2026-04-30 15:39:01', NULL),
(206, 'New Record inserted On subject groups id 31', '31', 1, 'Insert', '105.155.55.229', 'Windows 10', 'Chrome 147.0.0.0', '2026-04-30 15:39:22', NULL),
(207, 'New Record inserted On subject groups id 32', '32', 1, 'Insert', '105.155.55.229', 'Windows 10', 'Chrome 147.0.0.0', '2026-04-30 15:39:39', NULL),
(208, 'Record updated On  users id 9', '9', 1, 'Update', '105.158.203.113', 'Linux', 'Firefox 150.0', '2026-05-01 11:56:37', NULL),
(209, 'Record deleted On fee groups fee type id 12', '12', 1, 'Delete', '105.158.203.113', 'Linux', 'Firefox 150.0', '2026-05-01 12:22:29', NULL),
(210, 'Record deleted On Cumulative Fine id 12', '12', 1, 'Delete', '105.158.203.113', 'Linux', 'Firefox 150.0', '2026-05-01 12:22:29', NULL),
(211, 'Record updated On  users id 9', '9', 0, 'Update', '105.158.203.113', 'Linux', 'Chrome 147.0.0.0', '2026-05-01 12:23:47', NULL),
(212, 'New Record inserted On student fees master id 47', '47', 1, 'Insert', '105.158.203.113', 'Linux', 'Firefox 150.0', '2026-05-01 12:24:44', NULL),
(213, 'New Record inserted On student fees master id 48', '48', 1, 'Insert', '105.158.203.113', 'Linux', 'Firefox 150.0', '2026-05-01 12:24:44', NULL),
(214, 'New Record inserted On student fees master id 49', '49', 1, 'Insert', '105.158.203.113', 'Linux', 'Firefox 150.0', '2026-05-01 12:24:44', NULL),
(215, 'New Record inserted On student fees master id 50', '50', 1, 'Insert', '105.158.203.113', 'Linux', 'Firefox 150.0', '2026-05-01 12:24:44', NULL),
(216, 'New Record inserted On student fees master id 51', '51', 1, 'Insert', '105.158.203.113', 'Linux', 'Firefox 150.0', '2026-05-01 12:24:44', NULL),
(217, 'New Record inserted On student fees master id 52', '52', 1, 'Insert', '105.158.203.113', 'Linux', 'Firefox 150.0', '2026-05-01 12:24:44', NULL),
(218, 'New Record inserted On student fees master id 53', '53', 1, 'Insert', '105.158.203.113', 'Linux', 'Firefox 150.0', '2026-05-01 12:24:44', NULL),
(219, 'New Record inserted On student fees master id 54', '54', 1, 'Insert', '105.158.203.113', 'Linux', 'Firefox 150.0', '2026-05-01 12:24:44', NULL),
(220, 'New Record inserted On student fees master id 55', '55', 1, 'Insert', '105.158.203.113', 'Linux', 'Firefox 150.0', '2026-05-01 12:24:44', NULL),
(221, 'New Record inserted On student fees master id 56', '56', 1, 'Insert', '105.158.203.113', 'Linux', 'Firefox 150.0', '2026-05-01 12:24:44', NULL),
(222, 'New Record inserted On student fees master id 57', '57', 1, 'Insert', '105.158.203.113', 'Linux', 'Firefox 150.0', '2026-05-01 12:24:44', NULL),
(223, 'New Record inserted On student fees master id 58', '58', 1, 'Insert', '105.158.203.113', 'Linux', 'Firefox 150.0', '2026-05-01 12:24:44', NULL),
(224, 'New Record inserted On student fees master id 59', '59', 1, 'Insert', '105.158.203.113', 'Linux', 'Firefox 150.0', '2026-05-01 12:24:44', NULL),
(225, 'New Record inserted On student fees master id 60', '60', 1, 'Insert', '105.158.203.113', 'Linux', 'Firefox 150.0', '2026-05-01 12:24:44', NULL),
(226, 'New Record inserted On student fees master id 61', '61', 1, 'Insert', '105.158.203.113', 'Linux', 'Firefox 150.0', '2026-05-01 12:24:44', NULL),
(227, 'New Record inserted On student fees master id 62', '62', 1, 'Insert', '105.158.203.113', 'Linux', 'Firefox 150.0', '2026-05-01 12:24:44', NULL),
(228, 'New Record inserted On student fees master id 63', '63', 1, 'Insert', '105.158.203.113', 'Linux', 'Firefox 150.0', '2026-05-01 12:24:44', NULL),
(229, 'New Record inserted On student fees master id 64', '64', 1, 'Insert', '105.158.203.113', 'Linux', 'Firefox 150.0', '2026-05-01 12:24:44', NULL),
(230, 'New Record inserted On student fees master id 65', '65', 1, 'Insert', '105.158.203.113', 'Linux', 'Firefox 150.0', '2026-05-01 12:24:44', NULL),
(231, 'New Record inserted On student fees master id 66', '66', 1, 'Insert', '105.158.203.113', 'Linux', 'Firefox 150.0', '2026-05-01 12:24:44', NULL),
(232, 'New Record inserted On student fees master id 67', '67', 1, 'Insert', '105.158.203.113', 'Linux', 'Firefox 150.0', '2026-05-01 12:24:44', NULL),
(233, 'New Record inserted On student fees master id 68', '68', 1, 'Insert', '105.158.203.113', 'Linux', 'Firefox 150.0', '2026-05-01 12:24:44', NULL),
(234, 'New Record inserted On student fees master id 69', '69', 1, 'Insert', '105.158.203.113', 'Linux', 'Firefox 150.0', '2026-05-01 12:25:08', NULL),
(235, 'New Record inserted On student fees master id 70', '70', 1, 'Insert', '105.158.203.113', 'Linux', 'Firefox 150.0', '2026-05-01 12:25:08', NULL),
(236, 'New Record inserted On student fees master id 71', '71', 1, 'Insert', '105.158.203.113', 'Linux', 'Firefox 150.0', '2026-05-01 12:25:08', NULL),
(237, 'New Record inserted On student fees master id 72', '72', 1, 'Insert', '105.158.203.113', 'Linux', 'Firefox 150.0', '2026-05-01 12:25:08', NULL),
(238, 'New Record inserted On student fees master id 73', '73', 1, 'Insert', '105.158.203.113', 'Linux', 'Firefox 150.0', '2026-05-01 12:25:08', NULL),
(239, 'New Record inserted On student fees master id 74', '74', 1, 'Insert', '105.158.203.113', 'Linux', 'Firefox 150.0', '2026-05-01 12:25:08', NULL),
(240, 'New Record inserted On student fees master id 75', '75', 1, 'Insert', '105.158.203.113', 'Linux', 'Firefox 150.0', '2026-05-01 12:25:08', NULL),
(241, 'New Record inserted On student fees master id 76', '76', 1, 'Insert', '105.158.203.113', 'Linux', 'Firefox 150.0', '2026-05-01 12:25:08', NULL),
(242, 'New Record inserted On student fees master id 77', '77', 1, 'Insert', '105.158.203.113', 'Linux', 'Firefox 150.0', '2026-05-01 12:25:08', NULL),
(243, 'New Record inserted On student fees master id 78', '78', 1, 'Insert', '105.158.203.113', 'Linux', 'Firefox 150.0', '2026-05-01 12:25:08', NULL),
(244, 'New Record inserted On student fees master id 79', '79', 1, 'Insert', '105.158.203.113', 'Linux', 'Firefox 150.0', '2026-05-01 12:25:08', NULL),
(245, 'New Record inserted On student fees master id 80', '80', 1, 'Insert', '105.158.203.113', 'Linux', 'Firefox 150.0', '2026-05-01 12:25:08', NULL),
(246, 'New Record inserted On student fees master id 81', '81', 1, 'Insert', '105.158.203.113', 'Linux', 'Firefox 150.0', '2026-05-01 12:25:08', NULL),
(247, 'New Record inserted On student fees master id 82', '82', 1, 'Insert', '105.158.203.113', 'Linux', 'Firefox 150.0', '2026-05-01 12:25:08', NULL),
(248, 'New Record inserted On student fees master id 83', '83', 1, 'Insert', '105.158.203.113', 'Linux', 'Firefox 150.0', '2026-05-01 12:25:08', NULL),
(249, 'New Record inserted On student fees master id 84', '84', 1, 'Insert', '105.158.203.113', 'Linux', 'Firefox 150.0', '2026-05-01 12:25:08', NULL),
(250, 'New Record inserted On student fees master id 85', '85', 1, 'Insert', '105.158.203.113', 'Linux', 'Firefox 150.0', '2026-05-01 12:25:08', NULL),
(251, 'New Record inserted On student fees master id 86', '86', 1, 'Insert', '105.158.203.113', 'Linux', 'Firefox 150.0', '2026-05-01 12:25:08', NULL),
(252, 'New Record inserted On student fees master id 87', '87', 1, 'Insert', '105.158.203.113', 'Linux', 'Firefox 150.0', '2026-05-01 12:25:08', NULL),
(253, 'New Record inserted On student fees master id 88', '88', 1, 'Insert', '105.158.203.113', 'Linux', 'Firefox 150.0', '2026-05-01 12:25:08', NULL),
(254, 'New Record inserted On student fees master id 89', '89', 1, 'Insert', '105.158.203.113', 'Linux', 'Firefox 150.0', '2026-05-01 12:25:08', NULL),
(255, 'New Record inserted On student fees master id 90', '90', 1, 'Insert', '105.158.203.113', 'Linux', 'Firefox 150.0', '2026-05-01 12:25:08', NULL),
(256, 'New Record inserted On student fees master id 91', '91', 1, 'Insert', '105.158.203.113', 'Linux', 'Firefox 150.0', '2026-05-01 12:25:08', NULL),
(257, 'New Record inserted On student fees master id 92', '92', 1, 'Insert', '105.158.203.113', 'Linux', 'Firefox 150.0', '2026-05-01 12:25:08', NULL),
(258, 'Record updated On  users id 9', '9', 0, 'Update', '105.158.203.113', 'Linux', 'Chrome 147.0.0.0', '2026-05-01 12:28:23', NULL),
(259, 'Record updated On  users id 9', '9', 0, 'Update', '105.158.203.113', 'Linux', 'Chrome 147.0.0.0', '2026-05-01 12:33:22', NULL),
(260, 'Record updated On  users id 9', '9', 0, 'Update', '105.191.42.135', 'Linux', 'Firefox 150.0', '2026-05-01 13:02:38', NULL),
(261, 'Record updated On  users id 9', '9', 0, 'Update', '105.191.42.135', 'Linux', 'Chrome 147.0.0.0', '2026-05-01 13:06:13', NULL),
(262, 'Record updated On  users id 9', '9', 0, 'Update', '105.191.42.135', 'Linux', 'Firefox 150.0', '2026-05-01 13:59:10', NULL),
(263, 'Record updated On settings id 1', '1', 1, 'Update', '105.191.42.135', 'Linux', 'Firefox 150.0', '2026-05-01 14:23:46', NULL),
(264, 'Record updated On  users id 9', '9', 0, 'Update', '105.191.42.135', 'Linux', 'Chrome 147.0.0.0', '2026-05-01 14:33:27', NULL),
(265, 'Record updated On  users id 9', '9', 0, 'Update', '105.191.42.135', 'Linux', 'Firefox 150.0', '2026-05-01 14:40:49', NULL),
(266, 'Record updated On QR Attendance settings id 1', '1', 1, 'Update', '105.191.42.135', 'Android', 'Chrome 147.0.0.0', '2026-05-01 14:48:43', NULL),
(267, 'Record updated On QR Attendance settings id 1', '1', 1, 'Update', '105.191.42.135', 'Android', 'Chrome 147.0.0.0', '2026-05-01 14:48:43', NULL),
(268, 'New Record inserted On send notification id 1', '1', 1, 'Insert', '160.178.248.38', 'Android', 'Chrome 147.0.0.0', '2026-05-01 17:59:05', NULL),
(269, 'Record updated On  users id 9', '9', 0, 'Update', '160.178.248.38', 'Linux', 'Chrome 147.0.0.0', '2026-05-01 18:01:49', NULL),
(270, 'Record updated On  users id 9', '9', 1, 'Update', '160.178.248.38', 'Linux', 'Firefox 150.0', '2026-05-01 19:46:30', NULL),
(271, 'Record updated On settings id 1', '1', 1, 'Update', '105.191.42.135', 'Windows 10', 'Chrome 147.0.0.0', '2026-05-01 23:26:22', NULL),
(272, 'Record updated On  users id 184', '184', 1, 'Update', '105.191.42.135', 'Windows 10', 'Chrome 147.0.0.0', '2026-05-02 00:15:07', NULL),
(273, 'Record updated On  users id 187', '187', 0, 'Update', '105.191.42.135', 'Windows 10', 'Chrome 147.0.0.0', '2026-05-02 00:38:05', NULL),
(274, 'Record updated On  users id 187', '187', 0, 'Update', '105.191.42.135', 'Windows 10', 'Chrome 147.0.0.0', '2026-05-02 00:42:28', NULL),
(275, 'Record updated On  users id 184', '184', 0, 'Update', '105.191.42.135', 'Windows 10', 'Chrome 147.0.0.0', '2026-05-02 00:51:24', NULL),
(276, 'Record updated On  users id 182', '182', 0, 'Update', '105.191.42.135', 'Windows 10', 'Chrome 147.0.0.0', '2026-05-02 01:25:41', NULL),
(277, 'New Record inserted On disable reason id 1', '1', 1, 'Insert', '105.191.42.135', 'Windows 10', 'Chrome 147.0.0.0', '2026-05-02 11:51:57', NULL),
(278, 'Record updated On  disable reason id 1', '1', 1, 'Update', '105.191.42.135', 'Windows 10', 'Chrome 147.0.0.0', '2026-05-02 11:52:16', NULL),
(279, 'New Record inserted On disable reason id 2', '2', 1, 'Insert', '105.191.42.135', 'Windows 10', 'Chrome 147.0.0.0', '2026-05-02 11:52:28', NULL),
(280, 'New Record inserted On disable reason id 3', '3', 1, 'Insert', '105.191.42.135', 'Windows 10', 'Chrome 147.0.0.0', '2026-05-02 11:52:37', NULL),
(281, 'Record updated On  users id 413', '413', 1, 'Update', '105.191.42.135', 'Windows 10', 'Chrome 147.0.0.0', '2026-05-02 11:54:15', NULL),
(282, 'New Record inserted On transport route id 1', '1', 1, 'Insert', '105.191.42.135', 'Windows 10', 'Chrome 147.0.0.0', '2026-05-02 20:48:13', NULL),
(283, 'New Record inserted On transport route id 2', '2', 1, 'Insert', '105.191.42.135', 'Windows 10', 'Chrome 147.0.0.0', '2026-05-02 20:48:19', NULL),
(284, 'New Record inserted On transport route id 3', '3', 1, 'Insert', '105.191.42.135', 'Windows 10', 'Chrome 147.0.0.0', '2026-05-02 20:48:24', NULL),
(285, 'New Record inserted On transport route id 1', '1', 1, 'Insert', '105.191.42.135', 'Windows 10', 'Chrome 147.0.0.0', '2026-05-02 20:49:43', NULL),
(286, 'New Record inserted On transport route id 2', '2', 1, 'Insert', '105.191.42.135', 'Windows 10', 'Chrome 147.0.0.0', '2026-05-02 20:50:33', NULL),
(287, 'New Record inserted On transport route id 3', '3', 1, 'Insert', '105.191.42.135', 'Windows 10', 'Chrome 147.0.0.0', '2026-05-02 20:50:40', NULL),
(288, 'Record updated On  transport route id 2', '2', 1, 'Update', '105.191.42.135', 'Windows 10', 'Chrome 147.0.0.0', '2026-05-02 20:51:30', NULL),
(289, 'Record updated On  transport route id 1', '1', 1, 'Update', '105.191.42.135', 'Windows 10', 'Chrome 147.0.0.0', '2026-05-02 20:52:14', NULL),
(290, 'Record updated On  transport route id 3', '3', 1, 'Update', '105.191.42.135', 'Windows 10', 'Chrome 147.0.0.0', '2026-05-02 20:52:55', NULL),
(291, 'Record updated On  transport route id 3', '3', 1, 'Update', '105.191.42.135', 'Windows 10', 'Chrome 147.0.0.0', '2026-05-02 20:53:19', NULL),
(292, 'New Record inserted On vehicles id 1', '1', 1, 'Insert', '105.191.42.135', 'Windows 10', 'Chrome 147.0.0.0', '2026-05-02 20:54:39', NULL),
(293, 'New Record inserted On vehicles id 2', '2', 1, 'Insert', '105.191.42.135', 'Windows 10', 'Chrome 147.0.0.0', '2026-05-02 20:54:50', NULL),
(294, 'New Record inserted On vehicle routes id 1', '1', 1, 'Insert', '105.191.42.135', 'Windows 10', 'Chrome 147.0.0.0', '2026-05-02 20:55:00', NULL),
(295, 'New Record inserted On vehicle routes id 2', '2', 1, 'Insert', '105.191.42.135', 'Windows 10', 'Chrome 147.0.0.0', '2026-05-02 20:55:05', NULL),
(296, 'New Record inserted On vehicle routes id 3', '3', 1, 'Insert', '105.191.42.135', 'Windows 10', 'Chrome 147.0.0.0', '2026-05-02 20:55:11', NULL),
(297, 'New Record inserted On transport route id 1', '1', 1, 'Insert', '105.191.42.135', 'Windows 10', 'Chrome 147.0.0.0', '2026-05-02 20:58:25', NULL),
(298, 'New Record inserted On transport route id 2', '2', 1, 'Insert', '105.191.42.135', 'Windows 10', 'Chrome 147.0.0.0', '2026-05-02 20:58:25', NULL),
(299, 'New Record inserted On transport route id 3', '3', 1, 'Insert', '105.191.42.135', 'Windows 10', 'Chrome 147.0.0.0', '2026-05-02 20:58:25', NULL),
(300, 'Record updated On  transport route id 1', '1', 1, 'Update', '105.191.42.135', 'Windows 10', 'Chrome 147.0.0.0', '2026-05-02 20:59:04', NULL),
(301, 'Record updated On  transport route id 2', '2', 1, 'Update', '105.191.42.135', 'Windows 10', 'Chrome 147.0.0.0', '2026-05-02 20:59:04', NULL),
(302, 'Record updated On  transport route id 3', '3', 1, 'Update', '105.191.42.135', 'Windows 10', 'Chrome 147.0.0.0', '2026-05-02 20:59:04', NULL),
(303, 'New Record inserted On transport route id 4', '4', 1, 'Insert', '105.191.42.135', 'Windows 10', 'Chrome 147.0.0.0', '2026-05-02 20:59:50', NULL),
(304, 'New Record inserted On transport route id 5', '5', 1, 'Insert', '105.191.42.135', 'Windows 10', 'Chrome 147.0.0.0', '2026-05-02 21:00:02', NULL),
(305, 'New Record inserted On  fees discounts id 2', '2', 1, 'Insert', '105.191.42.135', 'Windows 10', 'Chrome 147.0.0.0', '2026-05-02 21:02:06', NULL),
(306, 'New Record inserted On  fees discounts id 3', '3', 1, 'Insert', '105.191.42.135', 'Windows 10', 'Chrome 147.0.0.0', '2026-05-02 21:03:01', NULL),
(307, 'Record updated On  fees discounts id 2', '2', 1, 'Update', '105.191.42.135', 'Windows 10', 'Chrome 147.0.0.0', '2026-05-02 21:03:11', NULL),
(308, 'New Record inserted On subjects id 1', '1', 1, 'Insert', '105.191.42.135', 'Windows 10', 'Chrome 147.0.0.0', '2026-05-02 21:08:38', NULL),
(309, 'New Record inserted On subjects id 2', '2', 1, 'Insert', '105.191.42.135', 'Windows 10', 'Chrome 147.0.0.0', '2026-05-02 21:08:48', NULL),
(310, 'New Record inserted On subjects id 3', '3', 1, 'Insert', '105.191.42.135', 'Windows 10', 'Chrome 147.0.0.0', '2026-05-02 21:08:57', NULL),
(311, 'New Record inserted On subjects id 4', '4', 1, 'Insert', '105.191.42.135', 'Windows 10', 'Chrome 147.0.0.0', '2026-05-02 21:09:08', NULL),
(312, 'New Record inserted On subjects id 5', '5', 1, 'Insert', '105.191.42.135', 'Windows 10', 'Chrome 147.0.0.0', '2026-05-02 21:09:19', NULL),
(313, 'New Record inserted On subjects id 6', '6', 1, 'Insert', '105.191.42.135', 'Windows 10', 'Chrome 147.0.0.0', '2026-05-02 21:09:31', NULL),
(314, 'New Record inserted On subjects id 7', '7', 1, 'Insert', '105.191.42.135', 'Windows 10', 'Chrome 147.0.0.0', '2026-05-02 21:09:58', NULL),
(315, 'New Record inserted On subjects id 8', '8', 1, 'Insert', '105.191.42.135', 'Windows 10', 'Chrome 147.0.0.0', '2026-05-02 21:10:06', NULL),
(316, 'New Record inserted On subjects id 9', '9', 1, 'Insert', '105.191.42.135', 'Windows 10', 'Chrome 147.0.0.0', '2026-05-02 21:10:21', NULL),
(317, 'New Record inserted On subjects id 10', '10', 1, 'Insert', '105.191.42.135', 'Windows 10', 'Chrome 147.0.0.0', '2026-05-02 21:10:41', NULL),
(318, 'New Record inserted On subjects id 11', '11', 1, 'Insert', '105.191.42.135', 'Windows 10', 'Chrome 147.0.0.0', '2026-05-02 21:10:52', NULL),
(319, 'New Record inserted On subjects id 12', '12', 1, 'Insert', '105.191.42.135', 'Windows 10', 'Chrome 147.0.0.0', '2026-05-02 21:11:07', NULL),
(320, 'New Record inserted On subject groups id 1', '1', 1, 'Insert', '105.191.42.135', 'Windows 10', 'Chrome 147.0.0.0', '2026-05-02 21:13:43', NULL),
(321, 'Record updated On sections id 2', '2', 1, 'Update', '105.191.42.135', 'Windows 10', 'Chrome 147.0.0.0', '2026-05-02 21:28:14', NULL),
(322, 'Record updated On sections id 3', '3', 1, 'Update', '105.191.42.135', 'Windows 10', 'Chrome 147.0.0.0', '2026-05-02 21:28:26', NULL),
(323, 'Record updated On classes id 14', '14', 1, 'Update', '105.191.42.135', 'Windows 10', 'Chrome 147.0.0.0', '2026-05-02 21:29:57', NULL),
(324, 'Record updated On classes id 16', '16', 1, 'Update', '105.191.42.135', 'Windows 10', 'Chrome 147.0.0.0', '2026-05-02 21:30:25', NULL),
(325, 'Record deleted On classes id 15', '15', 1, 'Delete', '105.191.42.135', 'Windows 10', 'Chrome 147.0.0.0', '2026-05-02 21:31:17', NULL),
(326, 'Record deleted On classes id 17', '17', 1, 'Delete', '105.191.42.135', 'Windows 10', 'Chrome 147.0.0.0', '2026-05-02 21:49:16', NULL),
(327, 'Record deleted On classes id 32', '32', 1, 'Delete', '105.191.42.135', 'Windows 10', 'Chrome 147.0.0.0', '2026-05-02 23:29:03', NULL),
(328, 'Record deleted On classes id 31', '31', 1, 'Delete', '105.191.42.135', 'Windows 10', 'Chrome 147.0.0.0', '2026-05-02 23:29:07', NULL),
(329, 'Record deleted On classes id 30', '30', 1, 'Delete', '105.191.42.135', 'Windows 10', 'Chrome 147.0.0.0', '2026-05-02 23:29:11', NULL),
(330, 'Record deleted On classes id 29', '29', 1, 'Delete', '105.191.42.135', 'Windows 10', 'Chrome 147.0.0.0', '2026-05-02 23:29:16', NULL),
(331, 'Record updated On classes id 18', '18', 1, 'Update', '105.191.42.135', 'Windows 10', 'Chrome 147.0.0.0', '2026-05-02 23:31:34', NULL),
(332, 'Record updated On classes id 19', '19', 1, 'Update', '105.191.42.135', 'Windows 10', 'Chrome 147.0.0.0', '2026-05-02 23:33:02', NULL),
(333, 'Record deleted On classes id 19', '19', 1, 'Delete', '105.191.42.135', 'Windows 10', 'Chrome 147.0.0.0', '2026-05-02 23:42:56', NULL),
(334, 'Record updated On classes id 20', '20', 1, 'Update', '105.191.42.135', 'Windows 10', 'Chrome 147.0.0.0', '2026-05-02 23:48:49', NULL),
(335, 'Record updated On classes id 21', '21', 1, 'Update', '105.191.42.135', 'Windows 10', 'Chrome 147.0.0.0', '2026-05-02 23:48:56', NULL),
(336, 'Record deleted On classes id 21', '21', 1, 'Delete', '105.191.42.135', 'Windows 10', 'Chrome 147.0.0.0', '2026-05-02 23:57:19', NULL),
(337, 'Record updated On classes id 22', '22', 1, 'Update', '105.191.42.135', 'Windows 10', 'Chrome 147.0.0.0', '2026-05-02 23:57:29', NULL),
(338, 'Record updated On classes id 23', '23', 1, 'Update', '105.191.42.135', 'Windows 10', 'Chrome 147.0.0.0', '2026-05-02 23:57:36', NULL),
(339, 'Record deleted On classes id 23', '23', 1, 'Delete', '105.191.42.135', 'Windows 10', 'Chrome 147.0.0.0', '2026-05-03 00:00:40', NULL),
(340, 'Record updated On classes id 25', '25', 1, 'Update', '105.191.42.135', 'Windows 10', 'Chrome 147.0.0.0', '2026-05-03 00:01:36', NULL);
INSERT INTO `logs` (`id`, `message`, `record_id`, `user_id`, `action`, `ip_address`, `platform`, `agent`, `time`, `created_at`) VALUES
(341, 'Record updated On classes id 26', '26', 1, 'Update', '105.191.42.135', 'Windows 10', 'Chrome 147.0.0.0', '2026-05-03 00:01:42', NULL),
(342, 'Record updated On classes id 27', '27', 1, 'Update', '105.191.42.135', 'Windows 10', 'Chrome 147.0.0.0', '2026-05-03 00:03:36', NULL),
(343, 'Record deleted On classes id 26', '26', 1, 'Delete', '105.191.42.135', 'Windows 10', 'Chrome 147.0.0.0', '2026-05-03 00:04:08', NULL),
(344, 'Record updated On classes id 28', '28', 1, 'Update', '105.191.42.135', 'Windows 10', 'Chrome 147.0.0.0', '2026-05-03 00:06:24', NULL),
(345, 'Record deleted On classes id 28', '28', 1, 'Delete', '105.191.42.135', 'Windows 10', 'Chrome 147.0.0.0', '2026-05-03 00:15:19', NULL),
(346, 'Record deleted On subject groups id 1', '1', 1, 'Delete', '105.191.42.135', 'Windows 10', 'Chrome 147.0.0.0', '2026-05-03 00:28:11', NULL),
(347, 'New Record inserted On subject groups id 2', '2', 1, 'Insert', '105.191.42.135', 'Windows 10', 'Chrome 147.0.0.0', '2026-05-03 00:28:31', NULL),
(348, 'New Record inserted On subject groups id 3', '3', 1, 'Insert', '105.191.42.135', 'Windows 10', 'Chrome 147.0.0.0', '2026-05-03 00:29:44', NULL),
(349, 'New Record inserted On subject groups id 4', '4', 1, 'Insert', '105.191.42.135', 'Windows 10', 'Chrome 147.0.0.0', '2026-05-03 00:30:22', NULL),
(350, 'New Record inserted On gmeet settings id 1', '1', 1, 'Insert', '105.191.42.135', 'Windows 10', 'Chrome 147.0.0.0', '2026-05-03 01:01:05', NULL),
(351, 'Record updated On settings id 1', '1', 1, 'Update', '105.191.42.135', 'Windows 10', 'Chrome 147.0.0.0', '2026-05-03 16:30:47', NULL),
(352, 'Record updated On settings id 1', '1', 1, 'Update', '105.191.42.135', 'Windows 10', 'Chrome 147.0.0.0', '2026-05-03 16:32:20', NULL),
(353, 'Record updated On settings id 1', '1', 1, 'Update', '105.191.42.135', 'Windows 10', 'Chrome 147.0.0.0', '2026-05-03 16:33:27', NULL),
(354, 'Record updated On settings id 1', '1', 1, 'Update', '105.191.42.135', 'Windows 10', 'Chrome 147.0.0.0', '2026-05-03 16:34:41', NULL),
(355, 'Record updated On  users id 94', '94', 1, 'Update', '105.191.42.135', 'Windows 10', 'Chrome 147.0.0.0', '2026-05-03 17:09:23', NULL),
(356, 'Record updated On staff id 76', '76', 1, 'Update', '105.191.42.135', 'Windows 10', 'Chrome 147.0.0.0', '2026-05-03 21:07:35', NULL),
(357, 'Record updated On staff id 76', '76', 1, 'Update', '105.191.42.135', 'Windows 10', 'Chrome 147.0.0.0', '2026-05-03 21:07:35', NULL),
(358, 'Record updated On  users id 94', '94', 1, 'Update', '105.191.42.135', 'Windows 10', 'Chrome 147.0.0.0', '2026-05-03 21:08:39', NULL),
(359, 'Record updated On  users id 94', '94', 1, 'Update', '105.191.42.135', 'Windows 10', 'Chrome 147.0.0.0', '2026-05-04 10:27:39', NULL),
(360, 'Record updated On  users id 94', '94', 0, 'Update', '105.191.42.135', 'Windows 10', 'Chrome 147.0.0.0', '2026-05-04 10:32:59', NULL),
(361, 'Record updated On  users id 94', '94', 0, 'Update', '105.191.42.135', 'Windows 10', 'Chrome 147.0.0.0', '2026-05-04 11:27:58', NULL),
(362, 'Record updated On  users id 175', '175', 1, 'Update', '105.191.42.135', 'Windows 10', 'Chrome 147.0.0.0', '2026-05-04 13:13:43', NULL),
(363, 'Record updated On  users id 139', '139', 0, 'Update', '105.191.42.135', 'Windows 10', 'Chrome 147.0.0.0', '2026-05-04 13:15:24', NULL),
(364, 'Record updated On  users id 138', '138', 0, 'Update', '105.191.42.135', 'Windows 10', 'Chrome 147.0.0.0', '2026-05-04 13:16:09', NULL),
(365, 'Record updated On  users id 94', '94', 1, 'Update', '105.191.42.135', 'Windows 10', 'Chrome 147.0.0.0', '2026-05-04 14:44:45', NULL),
(366, 'New Record inserted On whatsapp config id 2', '2', 1, 'Insert', '105.191.42.135', 'Windows 10', 'Chrome 147.0.0.0', '2026-05-04 16:23:42', NULL),
(367, 'Record updated On whatsapp config id meta', 'meta', 1, 'Update', '105.191.42.135', 'Windows 10', 'Chrome 147.0.0.0', '2026-05-04 16:24:55', NULL),
(368, 'Record updated On  users id 71', '71', 0, 'Update', '105.190.102.118', 'Android', 'Chrome 147.0.0.0', '2026-05-05 00:07:15', NULL),
(369, 'Record deleted On student fees deposite id 10', '10', 1, 'Delete', '105.191.42.135', 'Windows 10', 'Chrome 147.0.0.0', '2026-05-05 00:11:05', NULL),
(370, 'Record deleted On student applied discounts id 10 and subinvoice id1', '10', 1, 'Delete', '105.191.42.135', 'Windows 10', 'Chrome 147.0.0.0', '2026-05-05 00:11:05', NULL),
(371, 'Record updated On settings id 1', '1', 1, 'Update', '41.142.117.221', 'Windows 10', 'Chrome 148.0.0.0', '2026-05-12 14:53:12', NULL),
(372, 'Record updated On settings id 1', '1', 1, 'Update', '41.142.117.221', 'Windows 10', 'Chrome 147.0.0.0', '2026-05-12 14:58:58', NULL),
(373, 'Record updated On settings id 1', '1', 1, 'Update', '41.142.117.221', 'Windows 10', 'Chrome 147.0.0.0', '2026-05-12 15:45:56', NULL),
(374, 'Record deleted On fee groups fee type id 2', '2', 1, 'Delete', '105.158.204.146', 'Windows 10', 'Chrome 148.0.0.0', '2026-05-13 12:07:40', NULL),
(375, 'Record deleted On Cumulative Fine id 2', '2', 1, 'Delete', '105.158.204.146', 'Windows 10', 'Chrome 148.0.0.0', '2026-05-13 12:07:40', NULL),
(376, 'Record deleted On fee groups fee type id 3', '3', 1, 'Delete', '105.158.204.146', 'Windows 10', 'Chrome 148.0.0.0', '2026-05-13 12:07:54', NULL),
(377, 'Record deleted On Cumulative Fine id 3', '3', 1, 'Delete', '105.158.204.146', 'Windows 10', 'Chrome 148.0.0.0', '2026-05-13 12:07:54', NULL),
(378, 'Record deleted On student fees deposite id 13', '13', 1, 'Delete', '105.158.204.146', 'Windows 10', 'Chrome 148.0.0.0', '2026-05-13 12:26:13', NULL),
(379, 'Record deleted On student applied discounts id 13 and subinvoice id1', '13', 1, 'Delete', '105.158.204.146', 'Windows 10', 'Chrome 148.0.0.0', '2026-05-13 12:26:13', NULL),
(380, 'New Record inserted On users id 447', '447', 3, 'Insert', '105.158.204.146', 'Windows 10', 'Chrome 148.0.0.0', '2026-05-13 12:33:36', NULL),
(381, 'Record updated On students id 188', '188', 3, 'Update', '105.158.204.146', 'Windows 10', 'Chrome 148.0.0.0', '2026-05-13 12:33:36', NULL),
(382, 'New Record inserted On users id 449', '449', 3, 'Insert', '105.158.204.146', 'Windows 10', 'Chrome 148.0.0.0', '2026-05-13 12:39:18', NULL),
(383, 'Record updated On students id 189', '189', 3, 'Update', '105.158.204.146', 'Windows 10', 'Chrome 148.0.0.0', '2026-05-13 12:39:18', NULL),
(384, 'New Record inserted On users id 451', '451', 3, 'Insert', '105.158.204.146', 'Windows 10', 'Chrome 148.0.0.0', '2026-05-13 12:46:35', NULL),
(385, 'Record updated On students id 190', '190', 3, 'Update', '105.158.204.146', 'Windows 10', 'Chrome 148.0.0.0', '2026-05-13 12:46:35', NULL),
(386, 'New Record inserted On users id 453', '453', 3, 'Insert', '105.158.204.146', 'Windows 10', 'Chrome 148.0.0.0', '2026-05-13 13:00:17', NULL),
(387, 'Record updated On students id 191', '191', 3, 'Update', '105.158.204.146', 'Windows 10', 'Chrome 148.0.0.0', '2026-05-13 13:00:17', NULL),
(388, 'New Record inserted On users id 455', '455', 3, 'Insert', '105.158.204.146', 'Windows 10', 'Chrome 148.0.0.0', '2026-05-13 13:02:30', NULL),
(389, 'Record updated On students id 192', '192', 3, 'Update', '105.158.204.146', 'Windows 10', 'Chrome 148.0.0.0', '2026-05-13 13:02:30', NULL),
(390, 'New Record inserted On users id 457', '457', 3, 'Insert', '105.158.204.146', 'Windows 10', 'Chrome 148.0.0.0', '2026-05-13 13:04:42', NULL),
(391, 'Record updated On students id 193', '193', 3, 'Update', '105.158.204.146', 'Windows 10', 'Chrome 148.0.0.0', '2026-05-13 13:04:42', NULL),
(392, 'New Record inserted On users id 459', '459', 3, 'Insert', '105.158.204.146', 'Windows 10', 'Chrome 148.0.0.0', '2026-05-13 13:20:57', NULL),
(393, 'Record updated On students id 194', '194', 3, 'Update', '105.158.204.146', 'Windows 10', 'Chrome 148.0.0.0', '2026-05-13 13:20:57', NULL),
(394, 'New Record inserted On users id 461', '461', 3, 'Insert', '105.158.204.146', 'Windows 10', 'Chrome 148.0.0.0', '2026-05-13 13:23:15', NULL),
(395, 'Record updated On students id 195', '195', 3, 'Update', '105.158.204.146', 'Windows 10', 'Chrome 148.0.0.0', '2026-05-13 13:23:15', NULL),
(396, 'New Record inserted On users id 463', '463', 3, 'Insert', '105.158.204.146', 'Windows 10', 'Chrome 148.0.0.0', '2026-05-13 13:57:00', NULL),
(397, 'Record updated On students id 196', '196', 3, 'Update', '105.158.204.146', 'Windows 10', 'Chrome 148.0.0.0', '2026-05-13 13:57:00', NULL),
(398, 'Record updated On student fees deposite id 12', '12', 1, 'Update', '41.248.19.162', 'Windows 10', 'Chrome 148.0.0.0', '2026-05-18 11:41:29', NULL),
(399, 'Record deleted On student applied discounts id 12 and subinvoice id1', '12', 1, 'Delete', '41.248.19.162', 'Windows 10', 'Chrome 148.0.0.0', '2026-05-18 11:41:29', NULL),
(400, 'Record updated On student fees deposite id 12', '12', 1, 'Update', '41.248.19.162', 'Windows 10', 'Chrome 148.0.0.0', '2026-05-18 11:41:29', NULL),
(401, 'Record deleted On student applied discounts id 12 and subinvoice id1', '12', 1, 'Delete', '41.248.19.162', 'Windows 10', 'Chrome 148.0.0.0', '2026-05-18 11:41:29', NULL),
(402, 'Record deleted On student fees deposite id 12', '12', 1, 'Delete', '41.248.19.162', 'Windows 10', 'Chrome 148.0.0.0', '2026-05-18 11:41:38', NULL),
(403, 'Record deleted On student applied discounts id 12 and subinvoice id2', '12', 1, 'Delete', '41.248.19.162', 'Windows 10', 'Chrome 148.0.0.0', '2026-05-18 11:41:38', NULL),
(404, 'Record deleted On student fees deposite id 11', '11', 1, 'Delete', '41.248.19.162', 'Windows 10', 'Chrome 148.0.0.0', '2026-05-18 11:42:29', NULL),
(405, 'Record deleted On student applied discounts id 11 and subinvoice id1', '11', 1, 'Delete', '41.248.19.162', 'Windows 10', 'Chrome 148.0.0.0', '2026-05-18 11:42:29', NULL),
(406, 'New Record inserted On users id 465', '465', 3, 'Insert', '160.177.136.60', 'Windows 10', 'Chrome 148.0.0.0', '2026-05-20 14:07:58', NULL),
(407, 'Record updated On students id 197', '197', 3, 'Update', '160.177.136.60', 'Windows 10', 'Chrome 148.0.0.0', '2026-05-20 14:07:58', NULL),
(408, 'New Record inserted On users id 467', '467', 3, 'Insert', '196.74.142.194', 'Windows 10', 'Chrome 148.0.0.0', '2026-06-02 12:04:36', NULL),
(409, 'Record updated On students id 198', '198', 3, 'Update', '196.74.142.194', 'Windows 10', 'Chrome 148.0.0.0', '2026-06-02 12:04:36', NULL),
(410, 'New Record inserted On users id 469', '469', 3, 'Insert', '196.74.142.194', 'Windows 10', 'Chrome 148.0.0.0', '2026-06-02 12:12:02', NULL),
(411, 'Record updated On students id 199', '199', 3, 'Update', '196.74.142.194', 'Windows 10', 'Chrome 148.0.0.0', '2026-06-02 12:12:02', NULL),
(412, 'New Record inserted On users id 471', '471', 3, 'Insert', '196.74.142.194', 'Windows 10', 'Chrome 148.0.0.0', '2026-06-02 12:16:59', NULL),
(413, 'Record updated On students id 200', '200', 3, 'Update', '196.74.142.194', 'Windows 10', 'Chrome 148.0.0.0', '2026-06-02 12:16:59', NULL),
(414, 'New Record inserted On users id 473', '473', 3, 'Insert', '196.74.142.194', 'Windows 10', 'Chrome 148.0.0.0', '2026-06-02 12:42:55', NULL),
(415, 'Record updated On students id 201', '201', 3, 'Update', '196.74.142.194', 'Windows 10', 'Chrome 148.0.0.0', '2026-06-02 12:42:55', NULL),
(416, 'New Record inserted On  fee group id 4', '4', 1, 'Insert', '160.178.254.7', 'Windows 10', 'Chrome 148.0.0.0', '2026-06-03 10:38:30', NULL),
(417, 'New Record inserted On  fee group id 5', '5', 1, 'Insert', '160.178.254.7', 'Windows 10', 'Chrome 148.0.0.0', '2026-06-03 10:38:51', NULL),
(418, 'New Record inserted On  fee groups feetype id 25', '25', 1, 'Insert', '160.178.254.7', 'Windows 10', 'Chrome 148.0.0.0', '2026-06-03 10:39:31', NULL),
(419, 'New Record inserted On  fee groups feetype id 26', '26', 1, 'Insert', '160.178.254.7', 'Windows 10', 'Chrome 148.0.0.0', '2026-06-03 10:42:29', NULL),
(420, 'New Record inserted On  fee groups feetype id 27', '27', 1, 'Insert', '160.178.254.7', 'Windows 10', 'Chrome 148.0.0.0', '2026-06-03 10:42:38', NULL),
(421, 'New Record inserted On  fee groups feetype id 28', '28', 1, 'Insert', '160.178.254.7', 'Windows 10', 'Chrome 148.0.0.0', '2026-06-03 10:42:50', NULL),
(422, 'New Record inserted On  fee groups feetype id 29', '29', 1, 'Insert', '160.178.254.7', 'Windows 10', 'Chrome 148.0.0.0', '2026-06-03 10:43:04', NULL),
(423, 'New Record inserted On  fee groups feetype id 30', '30', 1, 'Insert', '160.178.254.7', 'Windows 10', 'Chrome 148.0.0.0', '2026-06-03 10:43:22', NULL),
(424, 'New Record inserted On  fee groups feetype id 31', '31', 1, 'Insert', '160.178.254.7', 'Windows 10', 'Chrome 148.0.0.0', '2026-06-03 10:43:35', NULL),
(425, 'New Record inserted On  fee groups feetype id 32', '32', 1, 'Insert', '160.178.254.7', 'Windows 10', 'Chrome 148.0.0.0', '2026-06-03 10:43:51', NULL),
(426, 'New Record inserted On  fee groups feetype id 33', '33', 1, 'Insert', '160.178.254.7', 'Windows 10', 'Chrome 148.0.0.0', '2026-06-03 10:44:08', NULL),
(427, 'New Record inserted On  fee groups feetype id 34', '34', 1, 'Insert', '160.178.254.7', 'Windows 10', 'Chrome 148.0.0.0', '2026-06-03 10:44:30', NULL),
(428, 'New Record inserted On student fees master id 380', '380', 1, 'Insert', '160.178.254.7', 'Windows 10', 'Chrome 148.0.0.0', '2026-06-03 10:45:10', NULL),
(429, 'New Record inserted On student fees master id 381', '381', 1, 'Insert', '160.178.254.7', 'Windows 10', 'Chrome 148.0.0.0', '2026-06-03 10:45:17', NULL),
(430, 'New Record inserted On student fees master id 382', '382', 1, 'Insert', '160.178.254.7', 'Windows 10', 'Chrome 148.0.0.0', '2026-06-03 10:45:17', NULL),
(431, 'New Record inserted On  fee groups feetype id 35', '35', 1, 'Insert', '160.178.254.7', 'Windows 10', 'Chrome 148.0.0.0', '2026-06-03 10:51:53', NULL),
(432, 'New Record inserted On  fee groups feetype id 36', '36', 1, 'Insert', '160.178.254.7', 'Windows 10', 'Chrome 148.0.0.0', '2026-06-03 10:52:08', NULL),
(433, 'New Record inserted On  fee groups feetype id 37', '37', 1, 'Insert', '160.178.254.7', 'Windows 10', 'Chrome 148.0.0.0', '2026-06-03 10:53:36', NULL),
(434, 'New Record inserted On  fee groups feetype id 38', '38', 1, 'Insert', '160.178.254.7', 'Windows 10', 'Chrome 148.0.0.0', '2026-06-03 10:53:48', NULL),
(435, 'New Record inserted On  fee groups feetype id 39', '39', 1, 'Insert', '160.178.254.7', 'Windows 10', 'Chrome 148.0.0.0', '2026-06-03 10:54:01', NULL),
(436, 'New Record inserted On  fee groups feetype id 40', '40', 1, 'Insert', '160.178.254.7', 'Windows 10', 'Chrome 148.0.0.0', '2026-06-03 10:54:16', NULL),
(437, 'New Record inserted On  fee groups feetype id 41', '41', 1, 'Insert', '160.178.254.7', 'Windows 10', 'Chrome 148.0.0.0', '2026-06-03 10:54:34', NULL),
(438, 'New Record inserted On  fee groups feetype id 42', '42', 1, 'Insert', '160.178.254.7', 'Windows 10', 'Chrome 148.0.0.0', '2026-06-03 10:54:53', NULL),
(439, 'New Record inserted On  fee groups feetype id 43', '43', 1, 'Insert', '160.178.254.7', 'Windows 10', 'Chrome 148.0.0.0', '2026-06-03 10:55:14', NULL),
(440, 'New Record inserted On  fee groups feetype id 44', '44', 1, 'Insert', '160.178.254.7', 'Windows 10', 'Chrome 148.0.0.0', '2026-06-03 10:55:33', NULL),
(441, 'New Record inserted On  fee group id 6', '6', 1, 'Insert', '160.178.254.7', 'Windows 10', 'Chrome 148.0.0.0', '2026-06-03 10:59:34', NULL),
(442, 'New Record inserted On  fee groups feetype id 45', '45', 1, 'Insert', '160.178.254.7', 'Windows 10', 'Chrome 148.0.0.0', '2026-06-03 11:00:13', NULL),
(443, 'Record updated On  fee type id 2', '2', 1, 'Update', '160.178.254.7', 'Windows 10', 'Chrome 148.0.0.0', '2026-06-03 11:00:48', NULL),
(444, 'Record updated On  fee group id 6', '6', 1, 'Update', '160.178.254.7', 'Windows 10', 'Chrome 148.0.0.0', '2026-06-03 11:02:07', NULL),
(445, 'New Record inserted On  fee type id 15', '15', 1, 'Insert', '160.178.254.7', 'Windows 10', 'Chrome 148.0.0.0', '2026-06-03 11:03:35', NULL),
(446, 'New Record inserted On  fee group id 7', '7', 1, 'Insert', '160.178.254.7', 'Windows 10', 'Chrome 148.0.0.0', '2026-06-03 11:04:12', NULL),
(447, 'New Record inserted On  fee groups feetype id 46', '46', 1, 'Insert', '160.178.254.7', 'Windows 10', 'Chrome 148.0.0.0', '2026-06-03 11:04:46', NULL),
(448, 'Record deleted On  fee type id 14', '14', 1, 'Delete', '160.178.254.7', 'Windows 10', 'Chrome 148.0.0.0', '2026-06-03 11:04:55', NULL),
(449, 'New Record inserted On users id 475', '475', 3, 'Insert', '196.74.139.159', 'Windows 10', 'Chrome 148.0.0.0', '2026-06-08 09:06:08', NULL),
(450, 'Record updated On students id 202', '202', 3, 'Update', '196.74.139.159', 'Windows 10', 'Chrome 148.0.0.0', '2026-06-08 09:06:08', NULL),
(451, 'New Record inserted On users id 477', '477', 3, 'Insert', '196.70.86.172', 'Windows 10', 'Chrome 148.0.0.0', '2026-06-08 13:40:00', NULL),
(452, 'Record updated On students id 203', '203', 3, 'Update', '196.70.86.172', 'Windows 10', 'Chrome 148.0.0.0', '2026-06-08 13:40:00', NULL),
(453, 'Record updated On  transport route id 4', '4', 1, 'Update', '196.70.86.172', 'Windows 10', 'Chrome 149.0.0.0', '2026-06-08 16:00:30', NULL),
(454, 'Record updated On  transport route id 1', '1', 1, 'Update', '196.70.86.172', 'Windows 10', 'Chrome 149.0.0.0', '2026-06-08 16:01:30', NULL),
(455, 'Record updated On  transport route id 3', '3', 1, 'Update', '196.70.86.172', 'Windows 10', 'Chrome 149.0.0.0', '2026-06-08 16:01:30', NULL),
(456, 'Record updated On  transport route id 2', '2', 1, 'Update', '196.70.86.172', 'Windows 10', 'Chrome 149.0.0.0', '2026-06-08 16:01:30', NULL),
(457, 'Record updated On  transport route id 4', '4', 1, 'Update', '196.70.86.172', 'Windows 10', 'Chrome 149.0.0.0', '2026-06-08 16:01:39', NULL),
(458, 'Record updated On  transport route id 5', '5', 1, 'Update', '196.70.86.172', 'Windows 10', 'Chrome 149.0.0.0', '2026-06-08 16:01:44', NULL),
(459, 'Record deleted On transport route id 2', '2', 1, 'Delete', '196.70.86.172', 'Windows 10', 'Chrome 149.0.0.0', '2026-06-08 16:02:10', NULL),
(460, 'Record deleted On transport route id 3', '3', 1, 'Delete', '196.70.86.172', 'Windows 10', 'Chrome 149.0.0.0', '2026-06-08 16:02:10', NULL),
(461, 'Record updated On  transport route id 1', '1', 1, 'Update', '196.70.86.172', 'Windows 10', 'Chrome 149.0.0.0', '2026-06-08 16:02:10', NULL),
(462, 'New Record inserted On users id 479', '479', 3, 'Insert', '105.155.53.186', 'Windows 10', 'Chrome 149.0.0.0', '2026-06-12 14:19:59', NULL),
(463, 'Record updated On students id 204', '204', 3, 'Update', '105.155.53.186', 'Windows 10', 'Chrome 149.0.0.0', '2026-06-12 14:19:59', NULL),
(464, 'New Record inserted On users id 481', '481', 3, 'Insert', '105.155.53.186', 'Windows 10', 'Chrome 149.0.0.0', '2026-06-12 14:28:35', NULL),
(465, 'Record updated On students id 205', '205', 3, 'Update', '105.155.53.186', 'Windows 10', 'Chrome 149.0.0.0', '2026-06-12 14:28:35', NULL),
(466, 'New Record inserted On users id 483', '483', 3, 'Insert', '41.249.77.125', 'Windows 10', 'Chrome 149.0.0.0', '2026-06-16 12:15:02', NULL),
(467, 'Record updated On students id 206', '206', 3, 'Update', '41.249.77.125', 'Windows 10', 'Chrome 149.0.0.0', '2026-06-16 12:15:02', NULL),
(468, 'New Record inserted On users id 485', '485', 3, 'Insert', '41.143.102.221', 'Windows 10', 'Chrome 149.0.0.0', '2026-06-19 11:38:37', NULL),
(469, 'Record updated On students id 207', '207', 3, 'Update', '41.143.102.221', 'Windows 10', 'Chrome 149.0.0.0', '2026-06-19 11:38:37', NULL),
(470, 'New Record inserted On users id 487', '487', 3, 'Insert', '196.65.251.129', 'Windows 10', 'Chrome 149.0.0.0', '2026-06-22 13:56:24', NULL),
(471, 'Record updated On students id 208', '208', 3, 'Update', '196.65.251.129', 'Windows 10', 'Chrome 149.0.0.0', '2026-06-22 13:56:24', NULL),
(472, 'New Record inserted On users id 489', '489', 3, 'Insert', '105.155.33.137', 'Windows 10', 'Chrome 149.0.0.0', '2026-06-24 14:51:49', NULL),
(473, 'Record updated On students id 209', '209', 3, 'Update', '105.155.33.137', 'Windows 10', 'Chrome 149.0.0.0', '2026-06-24 14:51:49', NULL),
(474, 'New Record inserted On users id 491', '491', 3, 'Insert', '196.89.245.125', 'Windows 10', 'Chrome 149.0.0.0', '2026-06-26 11:36:55', NULL),
(475, 'Record updated On students id 210', '210', 3, 'Update', '196.89.245.125', 'Windows 10', 'Chrome 149.0.0.0', '2026-06-26 11:36:55', NULL),
(476, 'New Record inserted On users id 493', '493', 3, 'Insert', '196.89.245.125', 'Windows 10', 'Chrome 149.0.0.0', '2026-06-26 12:52:32', NULL),
(477, 'Record updated On students id 211', '211', 3, 'Update', '196.89.245.125', 'Windows 10', 'Chrome 149.0.0.0', '2026-06-26 12:52:32', NULL);

-- --------------------------------------------------------

--
-- Structure de la table `mark_divisions`
--

CREATE TABLE `mark_divisions` (
  `id` int(11) NOT NULL,
  `name` varchar(200) DEFAULT NULL,
  `percentage_from` decimal(10,2) DEFAULT NULL,
  `percentage_to` decimal(10,2) DEFAULT NULL,
  `is_active` int(11) DEFAULT 1,
  `created_at` timestamp NOT NULL DEFAULT current_timestamp(),
  `updated_at` timestamp NOT NULL DEFAULT current_timestamp() ON UPDATE current_timestamp()
) ENGINE=InnoDB DEFAULT CHARSET=utf8mb3 COLLATE=utf8mb3_uca1400_ai_ci;

-- --------------------------------------------------------

--
-- Structure de la table `messages`
--

CREATE TABLE `messages` (
  `id` int(11) NOT NULL,
  `title` varchar(200) DEFAULT NULL,
  `template_id` varchar(100) DEFAULT NULL,
  `email_template_id` int(11) DEFAULT NULL,
  `sms_template_id` int(11) DEFAULT NULL,
  `send_through` varchar(20) DEFAULT NULL,
  `message` text DEFAULT NULL,
  `send_mail` varchar(10) DEFAULT '0',
  `send_sms` varchar(10) DEFAULT '0',
  `is_group` varchar(10) DEFAULT '0',
  `is_individual` varchar(10) DEFAULT '0',
  `is_class` int(11) NOT NULL DEFAULT 0,
  `is_schedule` int(11) NOT NULL,
  `sent` int(11) DEFAULT NULL,
  `schedule_date_time` datetime DEFAULT NULL,
  `group_list` text DEFAULT NULL,
  `user_list` text DEFAULT NULL,
  `send_to` varchar(255) DEFAULT NULL,
  `schedule_class` int(11) DEFAULT NULL,
  `schedule_section` varchar(255) DEFAULT NULL,
  `created_at` timestamp NOT NULL DEFAULT current_timestamp(),
  `updated_at` timestamp NOT NULL DEFAULT current_timestamp() ON UPDATE current_timestamp()
) ENGINE=InnoDB DEFAULT CHARSET=utf8mb3 COLLATE=utf8mb3_uca1400_ai_ci;

-- --------------------------------------------------------

--
-- Structure de la table `migrations`
--

CREATE TABLE `migrations` (
  `version` bigint(20) NOT NULL
) ENGINE=InnoDB DEFAULT CHARSET=utf8mb3 COLLATE=utf8mb3_uca1400_ai_ci;

-- --------------------------------------------------------

--
-- Structure de la table `notification_roles`
--

CREATE TABLE `notification_roles` (
  `id` int(11) NOT NULL,
  `send_notification_id` int(11) DEFAULT NULL,
  `role_id` int(11) DEFAULT NULL,
  `is_active` int(11) DEFAULT 0,
  `created_at` timestamp NOT NULL DEFAULT current_timestamp(),
  `updated_at` timestamp NOT NULL DEFAULT current_timestamp() ON UPDATE current_timestamp()
) ENGINE=InnoDB DEFAULT CHARSET=utf8mb3 COLLATE=utf8mb3_uca1400_ai_ci;

--
-- Déchargement des données de la table `notification_roles`
--

INSERT INTO `notification_roles` (`id`, `send_notification_id`, `role_id`, `is_active`, `created_at`, `updated_at`) VALUES
(1, 1, 1, 0, '2026-05-01 16:59:05', '2026-05-01 16:59:05'),
(2, 1, 2, 0, '2026-05-01 16:59:05', '2026-05-01 16:59:05'),
(3, 1, 3, 0, '2026-05-01 16:59:05', '2026-05-01 16:59:05'),
(4, 1, 4, 0, '2026-05-01 16:59:05', '2026-05-01 16:59:05'),
(5, 1, 6, 0, '2026-05-01 16:59:05', '2026-05-01 16:59:05'),
(6, 1, 7, 0, '2026-05-01 16:59:05', '2026-05-01 16:59:05'),
(7, 1, 8, 0, '2026-05-01 16:59:05', '2026-05-01 16:59:05');

-- --------------------------------------------------------

--
-- Structure de la table `notification_setting`
--

CREATE TABLE `notification_setting` (
  `id` int(11) NOT NULL,
  `type` varchar(100) DEFAULT NULL,
  `is_mail` varchar(10) DEFAULT '0',
  `is_whatsapp` int(11) DEFAULT 0,
  `is_sms` varchar(10) DEFAULT '0',
  `is_notification` int(11) NOT NULL DEFAULT 0,
  `display_notification` int(11) NOT NULL DEFAULT 0,
  `display_sms` int(11) NOT NULL DEFAULT 1,
  `display_whatsapp` int(11) NOT NULL DEFAULT 1,
  `is_student_recipient` int(11) DEFAULT NULL,
  `is_guardian_recipient` int(11) DEFAULT NULL,
  `is_staff_recipient` int(11) DEFAULT NULL,
  `display_student_recipient` int(11) DEFAULT NULL,
  `display_guardian_recipient` int(11) DEFAULT NULL,
  `display_staff_recipient` int(11) DEFAULT NULL,
  `subject` varchar(255) NOT NULL,
  `template_id` varchar(100) NOT NULL,
  `whatsapp_template_id` varchar(255) NOT NULL,
  `template` longtext NOT NULL,
  `variables` text NOT NULL,
  `notification_order` int(11) DEFAULT NULL,
  `created_at` timestamp NOT NULL DEFAULT current_timestamp(),
  `updated_at` timestamp NOT NULL DEFAULT current_timestamp() ON UPDATE current_timestamp()
) ENGINE=InnoDB DEFAULT CHARSET=utf8mb3 COLLATE=utf8mb3_uca1400_ai_ci;

--
-- Déchargement des données de la table `notification_setting`
--

INSERT INTO `notification_setting` (`id`, `type`, `is_mail`, `is_whatsapp`, `is_sms`, `is_notification`, `display_notification`, `display_sms`, `display_whatsapp`, `is_student_recipient`, `is_guardian_recipient`, `is_staff_recipient`, `display_student_recipient`, `display_guardian_recipient`, `display_staff_recipient`, `subject`, `template_id`, `whatsapp_template_id`, `template`, `variables`, `notification_order`, `created_at`, `updated_at`) VALUES
(1, 'student_admission', '1', 0, '0', 0, 0, 1, 1, 1, 1, 0, 1, 1, NULL, 'Student Admission', '', '', 'Dear {{student_name}} your admission is confirm in Class: {{class}} Section:  {{section}} for Session: {{current_session_name}} for more \r\ndetail\r\n contact\r\n System\r\n Admin\r\n {{class}} {{section}} {{admission_no}} {{roll_no}} {{admission_date}} {{mobileno}} {{email}} {{dob}} {{guardian_name}} {{guardian_relation}} {{guardian_phone}} {{father_name}} {{father_phone}} {{blood_group}} {{mother_name}} {{gender}} {{guardian_email}}', '{{student_name}} {{class}}  {{section}}  {{admission_no}}  {{roll_no}}  {{admission_date}}   {{mobileno}}  {{email}}  {{dob}}  {{guardian_name}}  {{guardian_relation}}  {{guardian_phone}}  {{father_name}}  {{father_phone}}  {{blood_group}}  {{mother_name}}  {{gender}} {{guardian_email}} {{current_session_name}} ', NULL, '2022-12-28 09:52:24', '2025-02-13 10:21:49'),
(2, 'exam_result', '1', 0, '0', 0, 1, 1, 1, 1, 1, 0, 1, 1, NULL, 'Exam Result', '', '', 'Dear {{student_name}} - {{exam_roll_no}}, your {{exam}} result has been published.', '{{student_name}} {{exam_roll_no}} {{exam}} {{exam_marksheet_url}} ', NULL, '2022-12-28 09:52:24', '2025-12-27 07:46:57'),
(3, 'fee_submission', '1', 1, '0', 1, 1, 1, 1, 1, 1, 0, 1, 1, NULL, 'Fee Submission', '', '', 'Dear parents, we have received Fees Amount {{fee_amount}} for  {{student_name}}  by Your School Name \r\n{{class}} {{section}} {{fine_type}} {{fine_percentage}} {{fine_amount}} {{fee_group_name}} {{type}} {{code}} {{email}} {{contact_no}} {{invoice_id}} {{sub_invoice_id}} {{due_date}} {{amount}} {{fee_amount}}', '{{student_name}} {{class}} {{section}} {{fine_type}} {{fine_percentage}} {{fine_amount}} {{fee_group_name}} {{type}} {{code}} {{email}} {{contact_no}} {{invoice_id}} {{sub_invoice_id}} {{due_date}} {{amount}} {{fee_amount}} {{fee_receipt_url}}', NULL, '2022-12-28 09:52:24', '2026-04-30 10:00:45'),
(4, 'student_absent_attendence', '1', 0, '0', 0, 1, 1, 1, 1, 1, 0, 1, 1, NULL, 'Absent Attendence', '', '', 'Absent Notice :{{student_name}}  was absent on date {{date}} in period {{subject_name}} {{subject_code}} {{subject_type}} from Your School Name', '{{student_name}} {{mobileno}} {{email}} {{father_name}} {{father_phone}} {{father_occupation}} {{mother_name}} {{mother_phone}} {{guardian_name}} {{guardian_phone}} {{guardian_occupation}} {{guardian_email}} {{date}} {{current_session_name}} {{time_from}} {{time_to}} {{subject_name}} {{subject_code}} {{subject_type}}  ', NULL, '2022-12-28 09:52:24', '2025-02-13 10:38:04'),
(6, 'homework', '1', 0, '0', 0, 1, 1, 1, 1, 1, 0, 1, 1, NULL, 'Homework', '', '', 'New Homework has been created for \r\n{{student_name}} at\r\n\r\n\r\n\r\n{{homework_date}} for the class {{class}} {{section}} {{subject}}. kindly submit your\r\n\r\n\r\n homework before {{submit_date}} .Thank you', '{{homework_date}} {{submit_date}} {{class}} {{section}} {{subject}} {{student_name}} {{admission_no}} ', NULL, '2022-12-28 09:52:24', '2025-02-26 06:31:30'),
(7, 'fees_reminder', '1', 0, '0', 0, 1, 1, 1, 1, 1, 0, 1, 1, NULL, 'Fees Reminder', '', '', 'Dear parents, please pay fee amount Rs.{{due_amount}} of {{fee_type}} before {{due_date}} for {{student_name}}  from smart school (ignore if you already paid)', '{{fee_type}}{{fee_code}}{{due_date}}{{student_name}}{{school_name}}{{fee_amount}}{{due_amount}}{{deposit_amount}} ', NULL, '2022-12-28 09:52:24', '2025-02-13 10:21:49'),
(8, 'forgot_password', '1', 0, '0', 0, 0, 0, 0, 1, 1, 1, 1, 1, 1, 'Forgot Password', '', '', 'Dear  {{name}} , \r\n    Recently a request was submitted to reset password for your account. If you didn\'t make the request, just ignore this email. Otherwise you can reset your password using this link <a href=\'{{resetPassLink}}\'>Click here to reset your password</a>,\r\nif you\'re having trouble clicking the password reset button, copy and paste the URL below into your web browser. your username {{username}}\r\n{{resetPassLink}}\r\n Regards,\r\n {{school_name}}', '{{school_name}}{{name}}{{username}}{{resetPassLink}} ', NULL, '2022-12-28 09:52:24', '2026-04-29 12:30:03'),
(9, 'online_examination_publish_exam', '1', 0, '0', 0, 1, 1, 1, 1, 1, 0, 1, 1, NULL, 'Online Examination Publish Exam', '', '', 'A new exam {{exam_title}} has been created for  duration: {{time_duration}} min, which will be available from:  {{exam_from}} to  {{exam_to}}.', '{{exam_title}} {{exam_from}} {{exam_to}} {{time_duration}} {{attempt}} {{passing_percentage}}', NULL, '2022-12-28 09:52:24', '2025-02-26 06:31:30'),
(10, 'online_examination_publish_result', '1', 0, '0', 0, 1, 1, 1, 1, 1, 0, 1, 1, NULL, 'Online Examination Publish Result', '', '', 'Exam {{exam_title}} result has been declared which was conducted between  {{exam_from}} to   {{exam_to}}, for more details, please check your student portal.', '{{exam_title}} {{exam_from}} {{exam_to}} {{time_duration}} {{attempt}} {{passing_percentage}}', NULL, '2022-12-28 09:52:24', '2025-02-26 06:31:30'),
(11, 'online_admission_form_submission', '1', 0, '0', 0, 1, 1, 1, 1, 1, 0, 1, 1, NULL, 'Online Admission Form Submission', '', '', 'Dear {{firstname}}  {{lastname}} your online admission form is Submitted successfully  on date {{date}}. Your Reference number is {{reference_no}}. Please remember your reference number for further process.', ' {{firstname}} {{lastname}} {{date}} {{reference_no}}', NULL, '2022-12-28 09:52:24', '2025-02-13 10:21:49'),
(12, 'online_admission_fees_submission', '1', 0, '0', 0, 1, 1, 1, 1, 1, 0, 1, 1, NULL, 'Online Admission Fees Submission', '', '', 'Dear {{firstname}}  {{lastname}} your online admission form is Submitted successfully and the payment of {{paid_amount}} has recieved successfully on date {{date}}. Your Reference number is {{reference_no}}. Please remember your reference number for further process.', ' {{firstname}} {{lastname}} {{date}} {{paid_amount}} {{reference_no}}', NULL, '2022-12-28 09:52:24', '2025-02-26 06:30:59'),
(13, 'student_login_credential', '1', 0, '0', 0, 0, 1, 1, 1, 1, 0, 1, 1, NULL, 'Student Login Credential', '', '', 'Hello {{display_name}} your login details for Url: {{url}} Username: {{username}}  Password: {{password}} admission No: {{admission_no}}', '{{url}} {{display_name}} {{username}} {{password}} {{admission_no}}', NULL, '2022-08-06 05:34:41', '2025-02-26 06:30:11'),
(14, 'staff_login_credential', '1', 0, '0', 0, 0, 1, 1, 0, 0, 1, NULL, NULL, 1, 'Staff Login Credential', '', '', 'Hello {{first_name}} {{last_name}} your login details for Url: {{url}} Username: {{username}}  Password: {{password}} Employee ID: {{employee_id}}', '{{url}} {{first_name}} {{last_name}} {{username}} {{password}} {{employee_id}}', NULL, '2021-12-23 11:59:13', '2025-02-26 06:30:14'),
(15, 'fee_processing', '1', 0, '0', 0, 1, 1, 1, 1, 1, 0, 1, 1, NULL, 'Fee processing', '', '', 'Dear parents, we have received Fees Amount {{fee_amount}} for  {{student_name}}  by Your School Name \r\n{{class}} {{section}} {{email}} {{contact_no}}\r\n\r\n{{student_name}} {{class}} {{section}} {{email}} {{contact_no}} transaction_id :{{transaction_id}} {{fee_amount}}', '{{student_name}} {{class}} {{section}} {{email}} {{contact_no}} {{transaction_id}} {{fee_amount}}', NULL, '2021-12-22 10:15:42', '2025-02-26 06:30:42'),
(16, 'online_admission_fees_processing', '1', 0, '0', 0, 1, 1, 1, 1, 1, 0, 1, 1, NULL, 'Online Admission Fees Processing', '', '', 'Dear {{firstname}}  {{lastname}} your online admission form is Submitted successfully and the payment of {{paid_amount}} has processing on date {{date}}. Your Reference number is {{reference_no}} and your transaction id {{transaction_id}}. Please remember your reference number for further process.', ' {{firstname}} {{lastname}} {{date}} {{paid_amount}} {{reference_no}} {{transaction_id}}', NULL, '2022-08-06 11:09:47', '2025-02-26 06:30:40'),
(17, 'student_apply_leave', '1', 0, '0', 0, 0, 1, 1, 0, 1, 1, NULL, 1, 1, 'Student Apply Leave ( {{student_name}} - {{admission_no}} )', '', '', 'My Name is {{student_name}} Class {{class}} section {{section}}. I have to apply leave on {{apply_date}}and from {{from_date}} to {{to_date}}. {{message}} please provide.', '{{message}} {{apply_date}} {{from_date}} {{to_date}} {{student_name}} {{class}} {{section}}', NULL, '2022-03-12 11:58:37', '2025-02-26 06:30:24'),
(18, 'email_pdf_exam_marksheet', '1', 0, '0', 0, 0, 0, 0, 1, 1, 0, 1, 1, NULL, 'Email PDF Exam Marksheet ( {{student_name}} - {{admission_no}} )', '', '', 'Dear {{student_name}} ({{admission_no}}) {{class}} Section {{section}}. We have mailed you the marksheet of Exam {{exam}} Roll no.{{roll_no}}', '{{student_name}} {{class}}  {{section}}  {{admission_no}}  {{roll_no}} {{exam}} {{admit_card_roll_no}} ', NULL, '2022-03-12 12:24:42', '2026-04-29 12:30:03'),
(19, 'homework_evaluation', '1', 0, '0', 0, 1, 1, 1, 1, 1, 0, 1, 1, NULL, 'Homework Evaluation', '', '', 'Homework Evaluation\r\nHomework Assign Date:  {{homework_date}}  \r\nLast Submit Date: {{submit_date}}\r\nStudent Name: {{student_name}} .\r\nAdmission No {{admission_no}}\r\n{{class}}\r\nsection: {{section}}\r\nsubject : {{subject}} \r\nMarks: {{marks}}/{{max_marks}}\r\nDate:{{evaluation_date}}\r\nThank you', '{{homework_date}} {{submit_date}} {{class}} {{section}} {{subject}} {{student_name}} {{admission_no}} {{max_marks}} {{marks}} {{evaluation_date}}', 120, '2025-01-15 08:00:34', '2025-02-26 06:30:36'),
(20, 'student_present_attendence', '1', 0, '0', 0, 1, 1, 1, 1, 1, 0, 1, 1, NULL, 'Present Attendence', '', '', 'Present Notice :{{student_name}} {{admission_no}} was present on date {{date}} in in_time {{in_time}} period subject-{{subject_name}}, subject_code - {{subject_code}}, subject_type-{{subject_type}}, period_time_from-  {{period_time_from}}, period_time_to-  {{period_time_to}}, mobile no - {{mobileno}}, email -  {{email}}, father name -  {{father_name}}, father phone - {{father_phone}}, father occupation -  {{father_occupation}}, mother name -  {{mother_name}}, mother phone - {{mother_phone}}, guardian name -  {{guardian_name}}, guardian phone -  {{guardian_phone}}, guardian occupation - {{guardian_occupation}}, guardian email - {{guardian_email}}', '{{student_name}} {{mobileno}} {{email}} {{father_name}} {{father_phone}} {{father_occupation}} {{mother_name}} {{mother_phone}} {{guardian_name}} {{guardian_phone}} {{guardian_occupation}} {{guardian_email}} {{date}} {{in_time}}  ({{admission_no}}) {{period_time_from}} {{period_time_to}} {{subject_name}} {{subject_code}} {{subject_type}}', 15, '2025-01-13 05:55:46', '2025-02-26 06:33:37'),
(21, 'staff_present_attendence', '1', 0, '0', 0, 1, 1, 1, 0, 0, 1, NULL, NULL, 1, 'staff Present Attendence', '', '', 'Present Notice: Staff Name {{staff_name}} ({{employee_id}}) is Present on Date : {{date}} at Time : {{in_time}}\r\n<br>\r\nstaff contact no:{{contact_no}}\r\n<br>\r\nstaff mail id : {{email}}', '{{date}} {{in_time}} {{staff_name}} {{employee_id}} {{contact_no}} {{email}}\n', 190, '2025-02-07 11:43:28', '2025-02-13 10:40:00'),
(22, 'staff_absent_attendence', '1', 0, '0', 0, 1, 1, 1, 0, 0, 1, NULL, NULL, 1, 'staff Absent Attendence', '', '', 'Absent Notice: Staff Name {{staff_name}} ({{employee_id}}) is Absent on Date : {{date}} \r\n<br>\r\nstaff contact no:{{contact_no}}\r\n<br>\r\nstaff mail id : {{email}}', '{{date}} {{staff_name}} {{employee_id}} {{contact_no}} {{email}}\n', 200, '2025-02-07 11:43:28', '2025-02-13 10:40:00'),
(23, 'behaviour_incident_assigned', '1', 0, '1', 1, 1, 1, 1, 1, 1, 0, 1, 1, NULL, 'Behaviour Incident Assigned', '', '', 'A new {{incident_title}}  behaviour incident with {{incident_point}} point is assigned on you. {{student_name}} {{class}} {{section}} {{admission_no}} {{mobileno}} {{email}} {{guardian_name}} {{guardian_phone}} {{guardian_email}}', '{{incident_title}} {{incident_point}} {{student_name}} {{class}} {{section}} {{admission_no}} {{mobileno}} {{email}} {{guardian_name}} {{guardian_phone}} {{guardian_email}}', NULL, '2023-01-02 06:35:44', '2026-04-29 12:35:03'),
(24, 'cbse_email_pdf_exam_marksheet', '1', 0, '1', 1, 1, 1, 0, 1, 1, 0, 1, 1, NULL, 'CBSE Exam Marksheet PDF ( {{student_name}} - {{admission_no}} )', '', '', 'Dear {{student_name}} ({{admission_no}}) {{class}} Section {{section}}. We have mailed you the marksheet with Roll no.{{roll_no}}', '{{student_name}} {{class}} {{section}} {{admission_no}} {{roll_no}}', NULL, '2023-06-21 07:59:44', '2026-04-30 10:00:45'),
(25, 'cbse_exam_result', '1', 0, '1', 1, 1, 1, 1, 1, 1, 0, 1, 1, NULL, 'CBSE Exam Result', '', '', 'Dear {{student_name}} - {{roll_no}}, your {{exam}} result has been published.', '{{student_name}} {{roll_no}} {{exam}} {{exam_marksheet_url}}', NULL, '2023-06-21 07:59:47', '2026-04-30 10:00:45'),
(26, 'gmeet_online_classes', '1', 0, '1', 1, 1, 1, 1, 1, 1, 0, 1, 1, NULL, 'Gmeet Live Classes', '', '', 'Dear student, your live class {{title}} has been scheduled on {{date}} for the duration of {{duration}} minute, please do not share the link to any body.', '{{title}} {{date}} {{duration}}', NULL, '2022-07-13 05:25:28', '2026-04-29 12:37:26'),
(27, 'gmeet_online_meeting', '1', 0, '1', 0, 0, 1, 1, 0, 0, 1, NULL, NULL, 1, 'Gmeet Live Meeting', '', '', 'Dear staff, your live meeting {{title}} has been scheduled on {{date}} for the duration of {{duration}} minute, please do not share the link to any body.', '{{title}} {{date}} {{duration}} {{employee_id}} {{department}} {{designation}} {{name}} {{contact_no}} {{email}}', NULL, '2022-07-13 05:25:28', '2026-04-29 12:37:26'),
(28, 'gmeet_online_classes_start', '1', 0, '1', 1, 1, 1, 1, 1, 1, 0, 1, 1, NULL, 'Gmeet  Live Classes Start', '', '', 'Dear student, your live class {{title}} has been started  for the duration of {{duration}} minute.', '{{title}} {{date}} {{duration}}', NULL, '2022-07-13 05:25:28', '2026-04-29 12:37:26'),
(29, 'gmeet_online_meeting_start', '1', 0, '1', 0, 0, 1, 1, 0, 0, 1, NULL, NULL, 1, 'Gmeet Live Meeting Start', '', '', 'Dear {{name}},  your live meeting {{title}} has been started  for the duration of {{duration}} minute.', '{{title}} {{date}} {{duration}} {{employee_id}} {{department}} {{designation}} {{name}} {{contact_no}} {{email}}', NULL, '2022-07-13 05:25:28', '2026-04-29 12:37:26'),
(30, 'online_course_publish', '1', 0, '1', 0, 1, 1, 1, 1, 0, 0, 1, 1, NULL, 'Online Course Publish', '', '', 'Dear student, a new online course {{title}} and price {{price}} with discount {{discount}}% for {{class}} {{section}} is {{paid_free}} now available and assign to {{assign_teacher}}.', '{{title}} {{class}} {{section}} {{price}} {{discount}} {{paid_free}} {{assign_teacher}}\r\n ', NULL, '2022-11-15 06:09:13', '2026-04-30 10:00:45'),
(31, 'online_course_purchase', '1', 0, '1', 0, 1, 1, 1, 1, 0, 0, 1, 1, NULL, 'Online Course Purchase', '', '', 'Thanks for purchasing course {{title}} amount {{price}} purchase date {{purchase_date}} class {{class}} section {{section}} and assign for {{assign_teacher}}  discount {{discount}}%', '{{title}} {{class}} {{section}} {{price}} {{discount}}  \r\n{{purchase_date}}', NULL, '2022-11-19 10:09:29', '2026-04-30 10:00:45'),
(32, 'online_course_purchase_for_guest_user', '1', 0, '1', 0, 0, 1, 0, 1, 0, 0, 1, NULL, NULL, 'Online Course Purchase For Guest', '', '', 'Thanks for purchasing course {{title}} discount {{discount}} amount {{price}} purchase date {{purchase_date}}', '{{title}} {{price}} {{discount}} {{purchase_date}}', NULL, '2022-07-15 05:53:52', '2026-04-30 10:00:45'),
(33, 'online_course_guest_user_sign_up', '1', 0, '0', 0, 0, 0, 0, 1, 0, 0, 1, NULL, NULL, 'Online Course Guest User Sign Up', '', '', 'Dear {{guest_user_name}} you have successfully sign up with Email: {{email}} Url {{url}}', '{{guest_user_name}} {{email}} {{url}}', NULL, '2022-07-15 05:56:31', '2026-04-30 10:00:45'),
(34, 'online_classes', '1', 0, '1', 1, 1, 1, 1, 1, 1, 0, 1, 1, NULL, 'Zoom Online Classes', '', '', 'Dear student, your live class {{title}} has been scheduled on {{date}} for the duration of {{duration}} minute, please do not share the link to any body.', '{{title}} {{date}} {{duration}}', NULL, '2022-07-13 08:01:48', '2026-04-30 10:00:45'),
(35, 'online_meeting', '1', 0, '1', 0, 0, 1, 1, 0, 0, 1, NULL, NULL, 1, 'Zoom Online Meeting', '', '', 'Dear staff, your live meeting {{title}} has been scheduled on {{date}} for the duration of {{duration}} minute, please do not share the link to any body.', '{{title}} {{date}} {{duration}} {{employee_id}} {{department}} {{designation}} {{name}} {{contact_no}} {{email}}', NULL, '2022-07-13 07:46:54', '2026-04-30 10:00:45'),
(36, 'zoom_online_classes_start', '1', 0, '1', 1, 1, 1, 1, 1, 1, 0, 1, 1, NULL, 'Zoom Online  Classes Start', '', '', 'Dear student, your live class {{title}} has been started  for the duration of {{duration}} minute.', '{{title}} {{date}} {{duration}}', NULL, '2022-07-13 08:04:02', '2026-04-30 10:00:45'),
(37, 'zoom_online_meeting_start', '1', 0, '1', 0, 0, 1, 1, 0, 0, 1, NULL, NULL, 1, 'Zoom Live Meeting Start', '', '', 'Dear {{name}},  your live meeting {{title}}  has been started  for the duration of {{duration}} minute.', '{{title}} {{date}} {{duration}} {{employee_id}} {{department}} {{designation}} {{name}} {{contact_no}} {{email}}', NULL, '2022-07-11 07:39:06', '2026-04-30 10:00:45');

-- --------------------------------------------------------

--
-- Structure de la table `offline_fees_payments`
--

CREATE TABLE `offline_fees_payments` (
  `id` int(11) NOT NULL,
  `invoice_id` varchar(50) DEFAULT NULL,
  `student_session_id` int(11) DEFAULT NULL,
  `student_fees_master_id` int(11) DEFAULT NULL,
  `fee_groups_feetype_id` int(11) DEFAULT NULL,
  `student_transport_fee_id` int(11) DEFAULT NULL,
  `payment_date` date DEFAULT NULL,
  `bank_from` varchar(200) DEFAULT NULL,
  `bank_account_transferred` varchar(200) DEFAULT NULL,
  `reference` varchar(200) DEFAULT NULL,
  `amount` decimal(10,2) DEFAULT NULL,
  `submit_date` datetime DEFAULT NULL,
  `approve_date` datetime DEFAULT NULL,
  `attachment` text DEFAULT NULL,
  `reply` text DEFAULT NULL,
  `approved_by` int(11) DEFAULT NULL,
  `is_active` varchar(1) DEFAULT '0',
  `created_at` timestamp NOT NULL DEFAULT current_timestamp(),
  `updated_at` timestamp NOT NULL DEFAULT current_timestamp() ON UPDATE current_timestamp()
) ENGINE=InnoDB DEFAULT CHARSET=utf8mb3 COLLATE=utf8mb3_uca1400_ai_ci;

-- --------------------------------------------------------

--
-- Structure de la table `onlineexam`
--

CREATE TABLE `onlineexam` (
  `id` int(11) NOT NULL,
  `session_id` int(11) DEFAULT NULL,
  `exam` text DEFAULT NULL,
  `attempt` int(11) NOT NULL,
  `exam_from` datetime DEFAULT NULL,
  `exam_to` datetime DEFAULT NULL,
  `is_quiz` int(11) NOT NULL DEFAULT 0,
  `auto_publish_date` datetime DEFAULT NULL,
  `time_from` time DEFAULT NULL,
  `time_to` time DEFAULT NULL,
  `duration` time NOT NULL,
  `passing_percentage` float NOT NULL DEFAULT 0,
  `description` text DEFAULT NULL,
  `publish_result` int(11) NOT NULL DEFAULT 0,
  `answer_word_count` int(11) NOT NULL DEFAULT -1,
  `is_active` varchar(1) DEFAULT '0',
  `is_marks_display` int(11) NOT NULL DEFAULT 0,
  `is_neg_marking` int(11) NOT NULL DEFAULT 0,
  `is_random_question` int(11) NOT NULL DEFAULT 0,
  `is_rank_generated` int(11) NOT NULL DEFAULT 0,
  `publish_exam_notification` int(11) NOT NULL,
  `publish_result_notification` int(11) NOT NULL,
  `created_at` timestamp NOT NULL DEFAULT current_timestamp(),
  `updated_at` timestamp NOT NULL DEFAULT current_timestamp() ON UPDATE current_timestamp()
) ENGINE=InnoDB DEFAULT CHARSET=utf8mb3 COLLATE=utf8mb3_uca1400_ai_ci;

-- --------------------------------------------------------

--
-- Structure de la table `onlineexam_attempts`
--

CREATE TABLE `onlineexam_attempts` (
  `id` int(11) NOT NULL,
  `onlineexam_student_id` int(11) NOT NULL,
  `created_at` timestamp NOT NULL DEFAULT current_timestamp(),
  `updated_at` timestamp NOT NULL DEFAULT current_timestamp() ON UPDATE current_timestamp()
) ENGINE=InnoDB DEFAULT CHARSET=utf8mb3 COLLATE=utf8mb3_uca1400_ai_ci;

-- --------------------------------------------------------

--
-- Structure de la table `onlineexam_questions`
--

CREATE TABLE `onlineexam_questions` (
  `id` int(11) NOT NULL,
  `question_id` int(11) DEFAULT NULL,
  `onlineexam_id` int(11) DEFAULT NULL,
  `session_id` int(11) DEFAULT NULL,
  `marks` decimal(10,2) NOT NULL DEFAULT 0.00,
  `neg_marks` decimal(10,2) DEFAULT 0.00,
  `is_active` varchar(1) DEFAULT '0',
  `created_at` timestamp NOT NULL DEFAULT current_timestamp(),
  `updated_at` timestamp NOT NULL DEFAULT current_timestamp() ON UPDATE current_timestamp()
) ENGINE=InnoDB DEFAULT CHARSET=utf8mb3 COLLATE=utf8mb3_uca1400_ai_ci;

-- --------------------------------------------------------

--
-- Structure de la table `onlineexam_students`
--

CREATE TABLE `onlineexam_students` (
  `id` int(11) NOT NULL,
  `onlineexam_id` int(11) DEFAULT NULL,
  `student_session_id` int(11) DEFAULT NULL,
  `is_attempted` int(11) NOT NULL DEFAULT 0,
  `rank` int(11) DEFAULT 0,
  `quiz_attempted` int(11) NOT NULL DEFAULT 0,
  `created_at` timestamp NOT NULL DEFAULT current_timestamp(),
  `updated_at` timestamp NOT NULL DEFAULT current_timestamp() ON UPDATE current_timestamp()
) ENGINE=InnoDB DEFAULT CHARSET=utf8mb3 COLLATE=utf8mb3_uca1400_ai_ci;

-- --------------------------------------------------------

--
-- Structure de la table `onlineexam_student_results`
--

CREATE TABLE `onlineexam_student_results` (
  `id` int(11) NOT NULL,
  `onlineexam_student_id` int(11) NOT NULL,
  `onlineexam_question_id` int(11) NOT NULL,
  `select_option` longtext DEFAULT NULL,
  `marks` decimal(10,2) NOT NULL DEFAULT 0.00,
  `remark` text DEFAULT NULL,
  `attachment_name` text DEFAULT NULL,
  `attachment_upload_name` text CHARACTER SET utf8mb3 COLLATE utf8mb3_general_ci DEFAULT NULL,
  `created_at` timestamp NOT NULL DEFAULT current_timestamp(),
  `updated_at` timestamp NOT NULL DEFAULT current_timestamp() ON UPDATE current_timestamp()
) ENGINE=InnoDB DEFAULT CHARSET=utf8mb3 COLLATE=utf8mb3_uca1400_ai_ci;

-- --------------------------------------------------------

--
-- Structure de la table `online_admissions`
--

CREATE TABLE `online_admissions` (
  `id` int(11) NOT NULL,
  `admission_no` varchar(100) DEFAULT NULL,
  `roll_no` varchar(100) DEFAULT NULL,
  `reference_no` varchar(50) NOT NULL,
  `admission_date` date DEFAULT NULL,
  `firstname` varchar(100) DEFAULT NULL,
  `middlename` varchar(255) NOT NULL,
  `lastname` varchar(100) DEFAULT NULL,
  `rte` varchar(20) NOT NULL DEFAULT 'No',
  `image` text CHARACTER SET utf8mb3 COLLATE utf8mb3_general_ci DEFAULT NULL,
  `mobileno` varchar(100) DEFAULT NULL,
  `email` varchar(100) DEFAULT NULL,
  `state` varchar(100) DEFAULT NULL,
  `city` varchar(100) DEFAULT NULL,
  `pincode` varchar(100) DEFAULT NULL,
  `religion` varchar(100) DEFAULT NULL,
  `cast` varchar(50) NOT NULL,
  `dob` date DEFAULT NULL,
  `gender` varchar(100) DEFAULT NULL,
  `current_address` text DEFAULT NULL,
  `permanent_address` text DEFAULT NULL,
  `category_id` int(11) DEFAULT NULL,
  `class_section_id` int(11) DEFAULT NULL,
  `route_id` int(11) NOT NULL,
  `school_house_id` int(11) DEFAULT NULL,
  `blood_group` varchar(200) NOT NULL,
  `vehroute_id` int(11) NOT NULL,
  `hostel_room_id` int(11) DEFAULT NULL,
  `adhar_no` varchar(100) DEFAULT NULL,
  `samagra_id` varchar(100) DEFAULT NULL,
  `bank_account_no` varchar(100) DEFAULT NULL,
  `bank_name` varchar(100) DEFAULT NULL,
  `ifsc_code` varchar(100) DEFAULT NULL,
  `guardian_is` varchar(100) NOT NULL,
  `father_name` varchar(100) DEFAULT NULL,
  `father_phone` varchar(100) DEFAULT NULL,
  `father_occupation` varchar(100) DEFAULT NULL,
  `mother_name` varchar(100) DEFAULT NULL,
  `mother_phone` varchar(100) DEFAULT NULL,
  `mother_occupation` varchar(100) DEFAULT NULL,
  `guardian_name` varchar(100) DEFAULT NULL,
  `guardian_relation` varchar(100) DEFAULT NULL,
  `guardian_phone` varchar(100) DEFAULT NULL,
  `guardian_occupation` varchar(150) NOT NULL,
  `guardian_address` text DEFAULT NULL,
  `guardian_email` varchar(100) NOT NULL,
  `father_pic` text CHARACTER SET utf8mb3 COLLATE utf8mb3_general_ci NOT NULL,
  `mother_pic` text CHARACTER SET utf8mb3 COLLATE utf8mb3_general_ci NOT NULL,
  `guardian_pic` text CHARACTER SET utf8mb3 COLLATE utf8mb3_general_ci NOT NULL,
  `is_enroll` int(11) DEFAULT 0,
  `previous_school` text DEFAULT NULL,
  `height` varchar(100) NOT NULL,
  `weight` varchar(100) NOT NULL,
  `note` text NOT NULL,
  `form_status` int(11) NOT NULL,
  `paid_status` int(11) NOT NULL,
  `measurement_date` date DEFAULT NULL,
  `app_key` text DEFAULT NULL,
  `document` text DEFAULT NULL,
  `submit_date` date DEFAULT NULL,
  `disable_at` date DEFAULT NULL,
  `created_at` timestamp NOT NULL DEFAULT current_timestamp(),
  `updated_at` timestamp NOT NULL DEFAULT current_timestamp() ON UPDATE current_timestamp()
) ENGINE=InnoDB DEFAULT CHARSET=utf8mb3 COLLATE=utf8mb3_uca1400_ai_ci;

-- --------------------------------------------------------

--
-- Structure de la table `online_admission_custom_field_value`
--

CREATE TABLE `online_admission_custom_field_value` (
  `id` int(11) NOT NULL,
  `belong_table_id` int(11) DEFAULT NULL,
  `custom_field_id` int(11) DEFAULT NULL,
  `field_value` longtext NOT NULL,
  `created_at` timestamp NOT NULL DEFAULT current_timestamp(),
  `updated_at` timestamp NOT NULL DEFAULT current_timestamp() ON UPDATE current_timestamp()
) ENGINE=InnoDB DEFAULT CHARSET=utf8mb3 COLLATE=utf8mb3_uca1400_ai_ci;

-- --------------------------------------------------------

--
-- Structure de la table `online_admission_fields`
--

CREATE TABLE `online_admission_fields` (
  `id` int(11) NOT NULL,
  `name` varchar(250) DEFAULT NULL,
  `status` int(11) DEFAULT NULL,
  `created_at` timestamp NOT NULL DEFAULT current_timestamp(),
  `updated_at` timestamp NOT NULL DEFAULT current_timestamp() ON UPDATE current_timestamp()
) ENGINE=InnoDB DEFAULT CHARSET=utf8mb3 COLLATE=utf8mb3_uca1400_ai_ci;

--
-- Déchargement des données de la table `online_admission_fields`
--

INSERT INTO `online_admission_fields` (`id`, `name`, `status`, `created_at`, `updated_at`) VALUES
(1, 'middlename', 0, '2021-05-28 10:29:23', '2025-12-27 07:45:40'),
(2, 'lastname', 1, '2021-06-02 04:49:19', '2025-12-27 07:45:40'),
(3, 'category', 0, '2021-06-02 04:48:35', '2025-12-27 07:45:40'),
(4, 'religion', 0, '2021-06-02 04:48:35', '2025-12-27 07:45:40'),
(5, 'cast', 0, '2021-06-02 04:48:35', '2025-12-27 07:45:40'),
(6, 'mobile_no', 1, '2021-06-02 04:50:24', '2025-12-27 07:45:40'),
(7, 'admission_date', 0, '2021-06-02 04:48:35', '2025-12-27 07:45:40'),
(8, 'student_photo', 0, '2021-06-02 04:48:35', '2025-12-27 07:45:40'),
(9, 'is_student_house', 0, '2021-05-29 13:22:53', '2025-12-27 07:45:40'),
(10, 'is_blood_group', 0, '2021-06-02 04:48:35', '2025-12-27 07:45:40'),
(11, 'student_height', 0, '2021-06-02 04:48:35', '2025-12-27 07:45:40'),
(12, 'student_weight', 0, '2021-06-02 04:48:35', '2025-12-27 07:45:40'),
(13, 'father_name', 0, '2021-06-02 04:48:35', '2025-12-27 07:45:40'),
(14, 'father_phone', 0, '2021-06-02 04:48:35', '2025-12-27 07:45:40'),
(15, 'father_occupation', 0, '2021-06-02 04:48:35', '2025-12-27 07:45:40'),
(16, 'father_pic', 0, '2021-06-02 04:48:35', '2025-12-27 07:45:40'),
(17, 'mother_name', 0, '2021-06-02 04:48:35', '2025-12-27 07:45:40'),
(18, 'mother_phone', 0, '2021-06-02 04:48:35', '2025-12-27 07:45:40'),
(19, 'mother_occupation', 0, '2021-06-02 04:48:35', '2025-12-27 07:45:40'),
(20, 'mother_pic', 0, '2021-06-02 04:48:35', '2025-12-27 07:45:40'),
(21, 'guardian_name', 1, '2021-06-02 04:50:54', '2025-12-27 07:45:40'),
(22, 'guardian_phone', 1, '2021-06-02 04:50:54', '2025-12-27 07:45:40'),
(23, 'if_guardian_is', 1, '2021-06-02 04:50:54', '2025-12-27 07:45:40'),
(24, 'guardian_relation', 1, '2021-06-02 04:50:54', '2025-12-27 07:45:40'),
(25, 'guardian_email', 1, '2021-06-02 04:51:35', '2025-12-27 07:45:40'),
(26, 'guardian_occupation', 1, '2021-06-02 04:51:26', '2025-12-27 07:45:40'),
(27, 'guardian_address', 1, '2021-06-02 04:51:31', '2025-12-27 07:45:40'),
(28, 'bank_account_no', 0, '2021-06-02 04:48:35', '2025-12-27 07:45:40'),
(29, 'bank_name', 0, '2021-06-02 04:48:35', '2025-12-27 07:45:40'),
(30, 'ifsc_code', 0, '2021-06-02 04:48:35', '2025-12-27 07:45:40'),
(31, 'national_identification_no', 0, '2021-06-02 04:48:35', '2025-12-27 07:45:40'),
(32, 'local_identification_no', 0, '2021-06-02 04:48:35', '2025-12-27 07:45:40'),
(33, 'rte', 0, '2021-06-02 04:48:35', '2025-12-27 07:45:40'),
(34, 'previous_school_details', 0, '2021-06-02 04:48:35', '2025-12-27 07:45:40'),
(35, 'guardian_photo', 1, '2021-06-02 04:51:29', '2025-12-27 07:45:40'),
(36, 'student_note', 0, '2021-06-02 04:55:08', '2025-12-27 07:45:40'),
(37, 'measurement_date', 0, '2021-06-02 04:48:35', '2025-12-27 07:45:40'),
(38, 'student_email', 1, '2021-06-02 04:49:38', '2025-12-27 07:45:40'),
(39, 'current_address', 0, '2021-06-02 04:48:35', '2025-12-27 07:45:40'),
(40, 'permanent_address', 0, '2021-06-02 04:48:35', '2025-12-27 07:45:40'),
(41, 'upload_documents', 1, '2022-09-20 08:00:32', '2025-12-27 07:45:40');

-- --------------------------------------------------------

--
-- Structure de la table `online_admission_payment`
--

CREATE TABLE `online_admission_payment` (
  `id` int(11) NOT NULL,
  `online_admission_id` int(11) NOT NULL,
  `paid_amount` decimal(10,2) NOT NULL,
  `payment_mode` varchar(50) NOT NULL,
  `payment_type` varchar(100) NOT NULL,
  `transaction_id` varchar(100) NOT NULL,
  `note` varchar(100) NOT NULL,
  `date` datetime NOT NULL,
  `processing_charge_type` varchar(255) DEFAULT NULL,
  `processing_charge_value` decimal(10,2) DEFAULT NULL,
  `created_at` timestamp NOT NULL DEFAULT current_timestamp(),
  `updated_at` timestamp NOT NULL DEFAULT current_timestamp() ON UPDATE current_timestamp()
) ENGINE=InnoDB DEFAULT CHARSET=utf8mb3 COLLATE=utf8mb3_uca1400_ai_ci;

-- --------------------------------------------------------

--
-- Structure de la table `online_courses`
--

CREATE TABLE `online_courses` (
  `id` int(11) NOT NULL,
  `title` varchar(255) DEFAULT NULL,
  `slug` varchar(200) NOT NULL,
  `url` varchar(200) NOT NULL,
  `description` text DEFAULT NULL,
  `teacher_id` int(11) DEFAULT NULL,
  `category_id` int(11) NOT NULL,
  `outcomes` text DEFAULT NULL,
  `course_thumbnail` varchar(100) DEFAULT NULL,
  `course_provider` varchar(100) DEFAULT NULL,
  `course_url` varchar(255) DEFAULT NULL,
  `video_id` text DEFAULT NULL,
  `price` float(10,2) NOT NULL DEFAULT 0.00,
  `discount` float(10,2) NOT NULL DEFAULT 0.00,
  `free_course` tinyint(1) DEFAULT NULL COMMENT '0=paid,1=free',
  `view_count` int(11) DEFAULT NULL,
  `front_side_visibility` varchar(10) NOT NULL DEFAULT 'yes',
  `certificate_template_id` int(11) NOT NULL,
  `status` tinyint(1) DEFAULT 0,
  `created_by` int(11) DEFAULT NULL,
  `created_date` datetime DEFAULT current_timestamp(),
  `updated_date` datetime DEFAULT current_timestamp()
) ENGINE=InnoDB DEFAULT CHARSET=utf8mb3 COLLATE=utf8mb3_uca1400_ai_ci;

-- --------------------------------------------------------

--
-- Structure de la table `online_course_assignment`
--

CREATE TABLE `online_course_assignment` (
  `id` int(11) NOT NULL,
  `course_section_id` int(11) NOT NULL,
  `assignment_title` varchar(255) DEFAULT NULL,
  `assignment_date` date DEFAULT NULL,
  `submit_date` date DEFAULT NULL,
  `evaluation_date` date DEFAULT NULL,
  `marks` float(10,2) DEFAULT NULL,
  `description` text DEFAULT NULL,
  `document` varchar(255) DEFAULT NULL,
  `created_by` int(11) NOT NULL,
  `evaluated_by` int(11) NOT NULL,
  `created_at` timestamp NOT NULL DEFAULT current_timestamp() ON UPDATE current_timestamp()
) ENGINE=InnoDB DEFAULT CHARSET=utf8mb3 COLLATE=utf8mb3_general_ci;

-- --------------------------------------------------------

--
-- Structure de la table `online_course_assignment_evaluation`
--

CREATE TABLE `online_course_assignment_evaluation` (
  `id` int(11) NOT NULL,
  `assignment_id` int(11) NOT NULL,
  `student_id` int(11) NOT NULL,
  `guest_id` int(11) NOT NULL,
  `marks` float(10,2) DEFAULT NULL,
  `note` varchar(255) NOT NULL,
  `date` date NOT NULL COMMENT 'evaluation date',
  `created_at` timestamp NOT NULL DEFAULT current_timestamp()
) ENGINE=InnoDB DEFAULT CHARSET=utf8mb3 COLLATE=utf8mb3_general_ci;

-- --------------------------------------------------------

--
-- Structure de la table `online_course_assignment_submit`
--

CREATE TABLE `online_course_assignment_submit` (
  `id` int(11) NOT NULL,
  `assignment_id` int(11) NOT NULL,
  `student_id` int(11) NOT NULL,
  `guest_id` int(11) NOT NULL,
  `message` text DEFAULT NULL,
  `docs` varchar(225) DEFAULT NULL,
  `created_at` timestamp NOT NULL DEFAULT current_timestamp()
) ENGINE=InnoDB DEFAULT CHARSET=utf8mb3 COLLATE=utf8mb3_general_ci;

-- --------------------------------------------------------

--
-- Structure de la table `online_course_certificate_template`
--

CREATE TABLE `online_course_certificate_template` (
  `id` int(11) NOT NULL,
  `certificate_name` text CHARACTER SET utf8mb3 COLLATE utf8mb3_general_ci DEFAULT NULL,
  `certificate_text` text CHARACTER SET utf8mb3 COLLATE utf8mb3_general_ci DEFAULT NULL,
  `certificate_template` text CHARACTER SET utf8mb3 COLLATE utf8mb3_general_ci DEFAULT NULL,
  `background_image` text CHARACTER SET utf8mb3 COLLATE utf8mb3_general_ci DEFAULT NULL,
  `fontsizeselectblock` int(11) DEFAULT NULL,
  `fontsizeselectall` int(11) DEFAULT NULL,
  `status` int(11) NOT NULL DEFAULT 0,
  `create_at` datetime NOT NULL DEFAULT current_timestamp()
) ENGINE=InnoDB DEFAULT CHARSET=utf8mb3 COLLATE=utf8mb3_uca1400_ai_ci;

--
-- Déchargement des données de la table `online_course_certificate_template`
--

INSERT INTO `online_course_certificate_template` (`id`, `certificate_name`, `certificate_text`, `certificate_template`, `background_image`, `fontsizeselectblock`, `fontsizeselectall`, `status`, `create_at`) VALUES
(1, 'Sample Transfer Certificate 1', 'This is to certify that Mr./Ms. [student_name] has successfully completed the [course_name] under [assign_teacher].\nThe course ran from [start_date] to [completion_date] for Class [class_name], Section [section_name].\nIssued on [current_date].', '\r\n                                                <img width=\"100%\" id=\"preview\" src=\"default_template.jpg\">\r\n                                                <div class=\"draggable course_name\" id=\"temp_course_name\" style=\"position: absolute; font-size: 20px; top: 433.844px; left: 136.844px;\">\r\n                                                    {course_name}</div>\r\n                                                <div class=\"draggable completion_date\" id=\"temp_completion_date\" style=\"position: absolute; font-size: 20px; top: 462.844px; left: 491.844px;\">\r\n                                                    {completion_date}</div>\r\n\r\n                                                <div class=\"draggable start_date\" id=\"temp_start_date\" style=\"position: absolute; font-size: 20px; top: 427.797px; left: 533.844px;\">\r\n                                                    {start_date}</div>\r\n\r\n                                                <div class=\"draggable current_date\" id=\"temp_current_date\" style=\"position: absolute; font-size: 20px; top: 108.797px; left: 597.844px;\">\r\n                                                    {current_date}</div>\r\n\r\n                                                <div class=\"draggable assign_teacher\" id=\"temp_assign_teacher\" style=\"position: absolute; font-size: 20px; top: 468.797px; left: 135.797px;\">\r\n                                                    {assign_teacher}</div>\r\n\r\n                                                <div class=\"draggable class_name hidden-position\" id=\"temp_class_name\" style=\"position: absolute; font-size: 20px; top: 303.797px; left: 803.797px;\">\r\n                                                    {class_name}</div>\r\n\r\n                                                <div class=\"draggable section_name hidden-position\" id=\"temp_section_name\" style=\"position: absolute; font-size: 20px; top: 342.875px; left: 801.844px;\">\r\n                                                    {section_name}</div>\r\n\r\n                                                <div class=\"draggable student_name hidden-position\" id=\"temp_student_name\" style=\"position: absolute; font-size: 20px; top: 267.922px; left: 795.891px;\">\r\n                                                    {student_name}</div>\r\n\r\n                                                <div class=\"draggable certificate_text\" id=\"temp_certificate_text\" style=\"position: absolute; width: 500px; text-align: center; font-size: 20px; top: 163.938px; font-family: &quot;Pinyon Script&quot;; left: 122.891px;\">This is to certify that Mr./Ms. [student_name] has successfully completed the [course_name] under [assign_teacher].\r\nThe course ran from [start_date] to [completion_date] for Class [class_name], Section [section_name].\r\nIssued on [current_date].</div>\r\n\r\n                                                <div class=\"draggable qrCode\" id=\"qrCode\" style=\"position: absolute; height: 65px; text-align: center; font-size: 20px; top: 88.875px; left: 36.9219px;\">\r\n                                                    <p style=\"text-align: center; padding: 4px 0px;\">{qr_code}</p>\r\n                                                </div>\r\n                                            ', 'default_template.jpg', 20, 20, 0, '2025-11-24 09:00:42'),
(2, 'Sample Transfer Certificate 2', 'This is to certify that Mr./Ms. [student_name] has successfully completed the [course_name] under [assign_teacher].\r\nThe course ran from [start_date] to [completion_date] for Class [class_name], Section [section_name].\r\nIssued on [current_date].', '\r\n                                                <img width=\"100%\" id=\"preview\" src=\"default_template01.jpg\">\r\n                                                <div class=\"draggable course_name hidden-position\" id=\"temp_course_name\" style=\"position: absolute; font-size: 20px; top: 411.844px; left: 797.844px;\">\r\n                                                    {course_name}</div>\r\n                                                <div class=\"draggable completion_date\" id=\"temp_completion_date\" style=\"position: absolute; font-size: 20px; top: 462.844px; left: 539.844px;\">\r\n                                                    {completion_date}</div>\r\n\r\n                                                <div class=\"draggable start_date\" id=\"temp_start_date\" style=\"position: absolute; font-size: 20px; top: 427.797px; left: 586.844px;\">\r\n                                                    {start_date}</div>\r\n\r\n                                                <div class=\"draggable current_date\" id=\"temp_current_date\" style=\"position: absolute; font-size: 20px; top: 495.797px; left: 568.844px;\">\r\n                                                    {current_date}</div>\r\n\r\n                                                <div class=\"draggable assign_teacher hidden-position\" id=\"temp_assign_teacher\" style=\"position: absolute; font-size: 20px; top: 370.797px; left: 792.797px;\">\r\n                                                    {assign_teacher}</div>\r\n\r\n                                                <div class=\"draggable class_name hidden-position\" id=\"temp_class_name\" style=\"position: absolute; font-size: 20px; top: 299.797px; left: 799.797px;\">\r\n                                                    {class_name}</div>\r\n\r\n                                                <div class=\"draggable section_name hidden-position\" id=\"temp_section_name\" style=\"position: absolute; font-size: 20px; top: 336.875px; left: 793.844px;\">\r\n                                                    {section_name}</div>\r\n\r\n                                                <div class=\"draggable student_name hidden-position\" id=\"temp_student_name\" style=\"position: absolute; font-size: 20px; top: 263.922px; left: 794.891px;\">\r\n                                                    {student_name}</div>\r\n\r\n                                                <div class=\"draggable certificate_text\" id=\"temp_certificate_text\" style=\"position: absolute; width: 500px; text-align: center; font-size: 20px; top: 139.938px; font-family: &quot;Pinyon Script&quot;; left: 187.891px;\">This is to certify that Mr./Ms. [student_name] has successfully completed the [course_name] under [assign_teacher].\r\nThe course ran from [start_date] to [completion_date] for Class [class_name], Section [section_name].\r\nIssued on [current_date].</div>\r\n\r\n                                                <div class=\"draggable qrCode\" id=\"qrCode\" style=\"position: absolute; height: 65px; text-align: center; font-size: 20px; top: 431.875px; left: 189.922px;\">\r\n                                                    <p style=\"text-align: center; padding: 4px 0px;\">{qr_code}</p>\r\n                                                </div>\r\n                                            ', 'default_template01.jpg', 20, 20, 0, '2025-11-24 09:00:42'),
(3, 'Sample Transfer Certificate 3', 'This is to certify that Mr./Ms. [student_name] has successfully completed the [course_name] under [assign_teacher].\r\nThe course ran from [start_date] to [completion_date] for Class [class_name], Section [section_name].\r\nIssued on [current_date].', '\r\n                                                <img width=\"100%\" id=\"preview\" src=\"default_template02.jpg\">\r\n                                                <div class=\"draggable course_name hidden-position\" id=\"temp_course_name\" style=\"position: absolute; font-size: 16px; top: 648.844px; left: 129.844px;\">\r\n                                                    {course_name}</div>\r\n                                                <div class=\"draggable completion_date hidden-position\" id=\"temp_completion_date\" style=\"position: absolute; font-size: 16px; top: 684.844px; left: 485.844px;\">\r\n                                                    {completion_date}</div>\r\n\r\n                                                <div class=\"draggable start_date hidden-position\" id=\"temp_start_date\" style=\"position: absolute; font-size: 16px; top: 650.797px; left: 533.844px;\">\r\n                                                    {start_date}</div>\r\n\r\n                                                <div class=\"draggable current_date\" id=\"temp_current_date\" style=\"position: absolute; font-size: 16px; top: 303.797px; left: 598.844px;\">\r\n                                                    {current_date}</div>\r\n\r\n                                                <div class=\"draggable assign_teacher hidden-position\" id=\"temp_assign_teacher\" style=\"position: absolute; font-size: 16px; top: 681.797px; left: 130.797px;\">\r\n                                                    {assign_teacher}</div>\r\n\r\n                                                <div class=\"draggable class_name hidden-position\" id=\"temp_class_name\" style=\"position: absolute; font-size: 16px; top: 683.797px; left: 318.797px;\">\r\n                                                    {class_name}</div>\r\n\r\n                                                <div class=\"draggable section_name hidden-position\" id=\"temp_section_name\" style=\"position: absolute; font-size: 16px; top: 715.875px; left: 315.844px;\">\r\n                                                    {section_name}</div>\r\n\r\n                                                <div class=\"draggable student_name hidden-position\" id=\"temp_student_name\" style=\"position: absolute; font-size: 16px; top: 647.922px; left: 308.891px;\">\r\n                                                    {student_name}</div>\r\n\r\n                                                <div class=\"draggable certificate_text\" id=\"temp_certificate_text\" style=\"position: absolute; width: 500px; text-align: center; font-size: 28px; top: 358.938px; font-family: &quot;Pinyon Script&quot;; left: 130.891px;\">This is to certify that Mr./Ms. [student_name] has successfully completed the [course_name] under [assign_teacher].\r\nThe course ran from [start_date] to [completion_date] for Class [class_name], Section [section_name].\r\nIssued on [current_date].</div>\r\n\r\n                                                <div class=\"draggable qrCode\" id=\"qrCode\" style=\"position: absolute; height: 65px; text-align: center; font-size: 20px; top: 273.875px; left: 53.9219px;\">\r\n                                                    <p style=\"text-align: center; padding: 4px 0px;\">{qr_code}</p>\r\n                                                </div>\r\n                                            ', 'default_template02.jpg', 0, 0, 0, '2025-11-24 09:00:42'),
(4, 'Sample Transfer Certificate 4', 'This is to certify that Mr./Ms. [student_name] has successfully completed the [course_name] under [assign_teacher].\r\nThe course ran from [start_date] to [completion_date] for Class [class_name], Section [section_name].\r\nIssued on [current_date].', '\r\n                                                <img width=\"100%\" id=\"preview\" src=\"default_template03.jpg\">\r\n                                                <div class=\"draggable course_name hidden-position\" id=\"temp_course_name\" style=\"position: absolute; font-size: 16px; top: 621.844px; left: 130.844px;\">\r\n                                                    {course_name}</div>\r\n                                                <div class=\"draggable completion_date hidden-position\" id=\"temp_completion_date\" style=\"position: absolute; font-size: 16px; top: 614.844px; left: 487.844px;\">\r\n                                                    {completion_date}</div>\r\n\r\n                                                <div class=\"draggable start_date hidden-position\" id=\"temp_start_date\" style=\"position: absolute; font-size: 16px; top: 579.797px; left: 533.844px;\">\r\n                                                    {start_date}</div>\r\n\r\n                                                <div class=\"draggable current_date\" id=\"temp_current_date\" style=\"position: absolute; font-size: 16px; top: 235.797px; left: 592.844px;\">\r\n                                                    {current_date}</div>\r\n\r\n                                                <div class=\"draggable assign_teacher hidden-position\" id=\"temp_assign_teacher\" style=\"position: absolute; font-size: 16px; top: 663.797px; left: 130.797px;\">\r\n                                                    {assign_teacher}</div>\r\n\r\n                                                <div class=\"draggable class_name hidden-position\" id=\"temp_class_name\" style=\"position: absolute; font-size: 16px; top: 578.797px; left: 265.797px;\">\r\n                                                    {class_name}</div>\r\n\r\n                                                <div class=\"draggable section_name hidden-position\" id=\"temp_section_name\" style=\"position: absolute; font-size: 16px; top: 578.875px; left: 379.844px;\">\r\n                                                    {section_name}</div>\r\n\r\n                                                <div class=\"draggable student_name hidden-position\" id=\"temp_student_name\" style=\"position: absolute; font-size: 16px; top: 579.922px; left: 130.891px;\">\r\n                                                    {student_name}</div>\r\n\r\n                                                <div class=\"draggable certificate_text\" id=\"temp_certificate_text\" style=\"position: absolute; width: 500px; text-align: center; font-size: 28px; top: 279.938px; font-family: &quot;Pinyon Script&quot;; left: 130.891px;\">This is to certify that Mr./Ms. [student_name] has successfully completed the [course_name] under [assign_teacher].\r\nThe course ran from [start_date] to [completion_date] for Class [class_name], Section [section_name].\r\nIssued on [current_date].</div>\r\n\r\n                                                <div class=\"draggable qrCode\" id=\"qrCode\" style=\"position: absolute; height: 65px; text-align: center; font-size: 20px; top: 200.875px; left: 339.922px;\">\r\n                                                    <p style=\"text-align: center; padding: 4px 0px;\">{qr_code}</p>\r\n                                                </div>\r\n                                            ', 'default_template03.jpg', 0, 0, 0, '2025-11-24 09:00:42');

-- --------------------------------------------------------

--
-- Structure de la table `online_course_class_sections`
--

CREATE TABLE `online_course_class_sections` (
  `id` int(11) NOT NULL,
  `course_id` int(11) DEFAULT NULL,
  `class_section_id` int(11) DEFAULT NULL,
  `created_date` datetime DEFAULT current_timestamp()
) ENGINE=InnoDB DEFAULT CHARSET=utf8mb3 COLLATE=utf8mb3_uca1400_ai_ci;

-- --------------------------------------------------------

--
-- Structure de la table `online_course_exam`
--

CREATE TABLE `online_course_exam` (
  `id` int(11) NOT NULL,
  `course_id` int(11) DEFAULT NULL,
  `course_section_id` int(11) DEFAULT NULL,
  `exam` text DEFAULT NULL,
  `attempt` int(11) NOT NULL,
  `exam_from` datetime DEFAULT NULL,
  `exam_to` datetime DEFAULT NULL,
  `is_quiz` int(11) NOT NULL DEFAULT 0,
  `auto_publish_date` datetime DEFAULT NULL,
  `time_from` time DEFAULT NULL,
  `time_to` time DEFAULT NULL,
  `duration` time NOT NULL,
  `passing_percentage` float NOT NULL DEFAULT 0,
  `description` text DEFAULT NULL,
  `publish_result` int(11) NOT NULL DEFAULT 0,
  `answer_word_count` int(11) NOT NULL DEFAULT -1,
  `is_active` varchar(1) DEFAULT '0',
  `is_marks_display` int(11) NOT NULL DEFAULT 0,
  `is_neg_marking` int(11) NOT NULL DEFAULT 0,
  `is_random_question` int(11) NOT NULL DEFAULT 0,
  `is_rank_generated` int(11) NOT NULL DEFAULT 0,
  `publish_exam_notification` int(11) NOT NULL,
  `publish_result_notification` int(11) NOT NULL,
  `created_at` timestamp NOT NULL DEFAULT current_timestamp() ON UPDATE current_timestamp(),
  `updated_at` date DEFAULT NULL
) ENGINE=InnoDB DEFAULT CHARSET=utf8mb3 COLLATE=utf8mb3_general_ci;

-- --------------------------------------------------------

--
-- Structure de la table `online_course_exam_attempts`
--

CREATE TABLE `online_course_exam_attempts` (
  `id` int(11) NOT NULL,
  `student_id` int(11) NOT NULL,
  `guest_id` int(11) NOT NULL,
  `exam_id` int(11) NOT NULL,
  `created_at` timestamp NOT NULL DEFAULT current_timestamp(),
  `updated_at` date DEFAULT NULL
) ENGINE=InnoDB DEFAULT CHARSET=utf8mb3 COLLATE=utf8mb3_general_ci;

-- --------------------------------------------------------

--
-- Structure de la table `online_course_exam_marks`
--

CREATE TABLE `online_course_exam_marks` (
  `id` int(11) NOT NULL,
  `question_id` int(11) DEFAULT NULL,
  `online_course_exam_id` int(11) DEFAULT NULL,
  `marks` float(10,2) NOT NULL DEFAULT 0.00,
  `neg_marks` float(10,2) NOT NULL DEFAULT 0.00,
  `is_active` varchar(1) DEFAULT '0',
  `created_at` timestamp NOT NULL DEFAULT current_timestamp(),
  `updated_at` date DEFAULT NULL
) ENGINE=InnoDB DEFAULT CHARSET=utf8mb3 COLLATE=utf8mb3_general_ci;

-- --------------------------------------------------------

--
-- Structure de la table `online_course_exam_question`
--

CREATE TABLE `online_course_exam_question` (
  `id` int(11) NOT NULL,
  `staff_id` int(11) NOT NULL,
  `question_type` varchar(100) NOT NULL,
  `level` varchar(10) NOT NULL,
  `question` text NOT NULL,
  `opt_a` text NOT NULL,
  `opt_b` text NOT NULL,
  `opt_c` text NOT NULL,
  `opt_d` text NOT NULL,
  `opt_e` text NOT NULL,
  `correct` text NOT NULL,
  `descriptive_word_limit` int(11) NOT NULL,
  `question_tag` int(11) DEFAULT NULL,
  `created_at` timestamp NOT NULL DEFAULT current_timestamp(),
  `updated_at` date DEFAULT NULL
) ENGINE=InnoDB DEFAULT CHARSET=utf8mb3 COLLATE=utf8mb3_general_ci;

-- --------------------------------------------------------

--
-- Structure de la table `online_course_exam_result`
--

CREATE TABLE `online_course_exam_result` (
  `id` int(11) NOT NULL,
  `student_id` int(11) NOT NULL,
  `guest_id` int(11) NOT NULL,
  `question_id` int(11) NOT NULL,
  `select_option` longtext DEFAULT NULL,
  `marks` float(10,2) NOT NULL,
  `remark` text DEFAULT NULL,
  `attachment_name` text DEFAULT NULL,
  `attachment_upload_name` varchar(250) DEFAULT NULL,
  `created_at` timestamp NOT NULL DEFAULT current_timestamp(),
  `updated_at` date DEFAULT NULL
) ENGINE=InnoDB DEFAULT CHARSET=utf8mb3 COLLATE=utf8mb3_general_ci;

-- --------------------------------------------------------

--
-- Structure de la table `online_course_lesson`
--

CREATE TABLE `online_course_lesson` (
  `id` int(11) NOT NULL,
  `course_section_id` int(11) DEFAULT NULL,
  `lesson_title` varchar(255) DEFAULT NULL,
  `lesson_type` varchar(20) DEFAULT NULL,
  `thumbnail` varchar(100) DEFAULT NULL,
  `summary` text DEFAULT NULL,
  `attachment` varchar(200) DEFAULT NULL,
  `video_provider` varchar(20) DEFAULT NULL,
  `video_url` text DEFAULT NULL,
  `video_id` varchar(50) DEFAULT NULL,
  `duration` time DEFAULT NULL,
  `created_date` datetime DEFAULT current_timestamp()
) ENGINE=InnoDB DEFAULT CHARSET=utf8mb3 COLLATE=utf8mb3_uca1400_ai_ci;

-- --------------------------------------------------------

--
-- Structure de la table `online_course_lesson_attachment`
--

CREATE TABLE `online_course_lesson_attachment` (
  `id` int(11) NOT NULL,
  `lesson_id` int(11) NOT NULL,
  `attachment` text NOT NULL,
  `attachment_name` text NOT NULL,
  `created_date` timestamp NOT NULL DEFAULT current_timestamp()
) ENGINE=InnoDB DEFAULT CHARSET=utf8mb3 COLLATE=utf8mb3_general_ci;

-- --------------------------------------------------------

--
-- Structure de la table `online_course_payment`
--

CREATE TABLE `online_course_payment` (
  `id` int(11) NOT NULL,
  `student_id` int(11) DEFAULT NULL,
  `guest_id` int(11) DEFAULT NULL,
  `online_courses_id` int(11) DEFAULT NULL,
  `course_name` varchar(255) DEFAULT NULL,
  `actual_price` float(10,2) NOT NULL DEFAULT 0.00,
  `paid_amount` float(10,2) NOT NULL DEFAULT 0.00,
  `payment_mode` varchar(50) DEFAULT NULL,
  `payment_type` varchar(100) DEFAULT NULL,
  `transaction_id` varchar(100) DEFAULT NULL,
  `note` text DEFAULT NULL,
  `date` datetime DEFAULT NULL,
  `processing_charge_type` varchar(255) DEFAULT NULL,
  `processing_charge_amount` float(10,2) DEFAULT 0.00
) ENGINE=InnoDB DEFAULT CHARSET=utf8mb3 COLLATE=utf8mb3_uca1400_ai_ci;

-- --------------------------------------------------------

--
-- Structure de la table `online_course_processing_payment`
--

CREATE TABLE `online_course_processing_payment` (
  `id` int(11) NOT NULL,
  `student_id` int(11) DEFAULT NULL,
  `guest_id` int(11) DEFAULT NULL,
  `online_courses_id` int(11) DEFAULT NULL,
  `course_name` varchar(255) DEFAULT NULL,
  `actual_price` float(10,2) NOT NULL DEFAULT 0.00,
  `paid_amount` float(10,2) NOT NULL DEFAULT 0.00,
  `payment_mode` varchar(50) DEFAULT NULL,
  `payment_type` varchar(100) DEFAULT NULL,
  `transaction_id` varchar(100) DEFAULT NULL,
  `note` text DEFAULT NULL,
  `date` datetime DEFAULT NULL,
  `processing_charge_type` varchar(255) DEFAULT NULL,
  `processing_charge_amount` float(10,2) DEFAULT 0.00,
  `gateway_ins_id` int(11) DEFAULT NULL
) ENGINE=InnoDB DEFAULT CHARSET=utf8mb3 COLLATE=utf8mb3_uca1400_ai_ci;

-- --------------------------------------------------------

--
-- Structure de la table `online_course_quiz`
--

CREATE TABLE `online_course_quiz` (
  `id` int(11) NOT NULL,
  `course_section_id` int(11) DEFAULT NULL,
  `quiz_title` varchar(255) DEFAULT NULL,
  `quiz_instruction` text DEFAULT NULL,
  `created_by` int(10) DEFAULT NULL,
  `created_date` datetime DEFAULT current_timestamp()
) ENGINE=InnoDB DEFAULT CHARSET=utf8mb3 COLLATE=utf8mb3_uca1400_ai_ci;

-- --------------------------------------------------------

--
-- Structure de la table `online_course_section`
--

CREATE TABLE `online_course_section` (
  `id` int(11) NOT NULL,
  `online_course_id` int(11) DEFAULT NULL,
  `section_title` varchar(255) DEFAULT NULL,
  `order` int(11) DEFAULT NULL,
  `is_active` tinyint(1) DEFAULT NULL
) ENGINE=InnoDB DEFAULT CHARSET=utf8mb3 COLLATE=utf8mb3_uca1400_ai_ci;

-- --------------------------------------------------------

--
-- Structure de la table `online_course_settings`
--

CREATE TABLE `online_course_settings` (
  `id` int(11) NOT NULL,
  `guest_prefix` varchar(50) NOT NULL,
  `guest_id_start_from` int(11) NOT NULL,
  `guest_login` int(11) DEFAULT 0,
  `course_curriculum_settings` varchar(255) CHARACTER SET utf8mb3 COLLATE utf8mb3_general_ci DEFAULT NULL
) ENGINE=InnoDB DEFAULT CHARSET=utf8mb3 COLLATE=utf8mb3_uca1400_ai_ci;

--
-- Déchargement des données de la table `online_course_settings`
--

INSERT INTO `online_course_settings` (`id`, `guest_prefix`, `guest_id_start_from`, `guest_login`, `course_curriculum_settings`) VALUES
(1, 'Guest', 1, 0, '[\"online_course_quiz\",\"online_course_exam\",\"online_course_assignment\"]');

-- --------------------------------------------------------

--
-- Structure de la table `online_course_start_date`
--

CREATE TABLE `online_course_start_date` (
  `id` int(11) NOT NULL,
  `course_id` int(11) NOT NULL,
  `student_id` int(11) NOT NULL,
  `guest_id` int(11) NOT NULL,
  `start_date` date DEFAULT NULL
) ENGINE=InnoDB DEFAULT CHARSET=utf8mb3 COLLATE=utf8mb3_uca1400_ai_ci;

-- --------------------------------------------------------

--
-- Structure de la table `online_course_tag`
--

CREATE TABLE `online_course_tag` (
  `id` int(11) NOT NULL,
  `tag_name` varchar(255) NOT NULL,
  `status` int(11) NOT NULL DEFAULT 1,
  `create_at` timestamp NOT NULL DEFAULT current_timestamp()
) ENGINE=InnoDB DEFAULT CHARSET=utf8mb3 COLLATE=utf8mb3_general_ci;

-- --------------------------------------------------------

--
-- Structure de la table `payment_settings`
--

CREATE TABLE `payment_settings` (
  `id` int(11) NOT NULL,
  `payment_type` varchar(200) NOT NULL,
  `api_username` varchar(200) DEFAULT NULL,
  `api_secret_key` varchar(200) NOT NULL,
  `salt` varchar(200) NOT NULL,
  `api_publishable_key` varchar(200) NOT NULL,
  `api_password` varchar(200) DEFAULT NULL,
  `api_signature` varchar(200) DEFAULT NULL,
  `api_email` varchar(200) DEFAULT NULL,
  `paypal_demo` varchar(100) NOT NULL,
  `account_no` varchar(200) NOT NULL,
  `is_active` varchar(255) DEFAULT 'no',
  `gateway_mode` int(11) NOT NULL COMMENT '0 Testing, 1 live',
  `paytm_website` varchar(255) NOT NULL,
  `paytm_industrytype` varchar(255) NOT NULL,
  `charge_type` varchar(255) CHARACTER SET utf8mb3 COLLATE utf8mb3_general_ci DEFAULT NULL,
  `charge_value` varchar(255) CHARACTER SET utf8mb3 COLLATE utf8mb3_general_ci DEFAULT NULL,
  `created_at` timestamp NOT NULL DEFAULT current_timestamp(),
  `updated_at` timestamp NOT NULL DEFAULT current_timestamp() ON UPDATE current_timestamp()
) ENGINE=InnoDB DEFAULT CHARSET=utf8mb3 COLLATE=utf8mb3_uca1400_ai_ci;

-- --------------------------------------------------------

--
-- Structure de la table `payslip_allowance`
--

CREATE TABLE `payslip_allowance` (
  `id` int(11) NOT NULL,
  `payslip_id` int(11) NOT NULL,
  `allowance_type` varchar(200) NOT NULL,
  `amount` float NOT NULL,
  `staff_id` int(11) NOT NULL,
  `cal_type` varchar(100) NOT NULL,
  `created_at` timestamp NOT NULL DEFAULT current_timestamp(),
  `updated_at` timestamp NOT NULL DEFAULT current_timestamp() ON UPDATE current_timestamp()
) ENGINE=InnoDB DEFAULT CHARSET=utf8mb3 COLLATE=utf8mb3_uca1400_ai_ci;

--
-- Déchargement des données de la table `payslip_allowance`
--

INSERT INTO `payslip_allowance` (`id`, `payslip_id`, `allowance_type`, `amount`, `staff_id`, `cal_type`, `created_at`, `updated_at`) VALUES
(1, 1, '', 0, 3, 'positive', '2025-10-22 13:00:36', '2025-10-22 13:00:36'),
(2, 2, '', 0, 3, 'positive', '2025-11-11 15:21:03', '2025-11-11 15:21:03'),
(3, 3, '', 0, 3, 'positive', '2025-12-08 11:02:03', '2025-12-08 11:02:03'),
(4, 4, '', 0, 3, 'positive', '2026-01-09 10:29:09', '2026-01-09 10:29:09'),
(5, 5, '', 0, 3, 'positive', '2026-02-06 13:07:23', '2026-02-06 13:07:23'),
(6, 6, '', 0, 3, 'positive', '2026-03-05 11:01:30', '2026-03-05 11:01:30'),
(7, 6, 'Déductions pour absence', 113, 3, 'negative', '2026-03-05 11:01:30', '2026-03-05 11:01:30'),
(8, 7, '', 0, 4, 'positive', '2025-10-22 13:00:44', '2025-10-22 13:00:44'),
(9, 8, '', 0, 4, 'positive', '2025-11-11 15:21:09', '2025-11-11 15:21:09'),
(10, 9, '', 0, 4, 'positive', '2025-12-08 11:02:11', '2025-12-08 11:02:11'),
(11, 10, '', 0, 4, 'positive', '2026-01-09 10:29:17', '2026-01-09 10:29:17'),
(12, 11, '', 0, 4, 'positive', '2026-02-06 13:07:31', '2026-02-06 13:07:31'),
(13, 12, '', 0, 4, 'positive', '2026-03-05 11:01:38', '2026-03-05 11:01:38'),
(14, 13, '', 0, 5, 'positive', '2025-10-22 13:00:54', '2025-10-22 13:00:54'),
(15, 14, '', 0, 5, 'positive', '2025-11-11 15:21:17', '2025-11-11 15:21:17'),
(16, 15, '', 0, 5, 'positive', '2025-12-08 11:02:18', '2025-12-08 11:02:18'),
(17, 16, '', 0, 5, 'positive', '2026-01-09 10:29:24', '2026-01-09 10:29:24'),
(18, 17, '', 0, 5, 'positive', '2026-02-06 13:07:37', '2026-02-06 13:07:37'),
(19, 18, '', 0, 5, 'positive', '2026-03-05 11:01:45', '2026-03-05 11:01:45'),
(20, 19, '', 0, 46, 'positive', '2025-10-22 13:01:02', '2025-10-22 13:01:02'),
(21, 20, '', 0, 46, 'positive', '2025-11-11 15:21:25', '2025-11-11 15:21:25'),
(22, 21, '', 0, 46, 'positive', '2025-12-08 11:02:26', '2025-12-08 11:02:26'),
(23, 22, '', 0, 46, 'positive', '2026-01-09 10:29:31', '2026-01-09 10:29:31'),
(24, 23, '', 0, 46, 'positive', '2026-02-06 13:07:45', '2026-02-06 13:07:45'),
(25, 24, '', 0, 46, 'positive', '2026-03-05 11:02:09', '2026-03-05 11:02:09'),
(26, 24, 'Déductions pour absence', 136, 46, 'negative', '2026-03-05 11:02:09', '2026-03-05 11:02:09'),
(27, 25, '', 0, 47, 'positive', '2025-10-22 13:01:10', '2025-10-22 13:01:10'),
(28, 26, '', 0, 47, 'positive', '2025-11-11 15:21:44', '2025-11-11 15:21:44'),
(29, 27, '', 0, 47, 'positive', '2025-12-08 11:02:43', '2025-12-08 11:02:43'),
(30, 28, '', 0, 47, 'positive', '2026-01-09 10:30:15', '2026-01-09 10:30:15'),
(31, 28, 'Absence', 136, 47, 'negative', '2026-01-09 10:30:15', '2026-01-09 10:30:15'),
(32, 29, '', 0, 47, 'positive', '2026-02-06 13:07:50', '2026-02-06 13:07:50'),
(33, 30, '', 0, 47, 'positive', '2026-03-05 11:02:19', '2026-03-05 11:02:19'),
(34, 31, '', 0, 48, 'positive', '2025-10-22 13:01:22', '2025-10-22 13:01:22'),
(35, 32, '', 0, 48, 'positive', '2025-11-11 15:21:54', '2025-11-11 15:21:54'),
(36, 33, '', 0, 48, 'positive', '2025-12-08 11:02:51', '2025-12-08 11:02:51'),
(37, 34, '', 0, 48, 'positive', '2026-01-09 10:30:23', '2026-01-09 10:30:23'),
(38, 35, '', 0, 48, 'positive', '2026-02-06 13:07:58', '2026-02-06 13:07:58'),
(39, 36, '', 0, 48, 'positive', '2026-03-05 11:02:29', '2026-03-05 11:02:29'),
(40, 37, '', 0, 49, 'positive', '2025-10-22 13:01:35', '2025-10-22 13:01:35'),
(41, 38, '', 0, 49, 'positive', '2025-11-11 15:22:02', '2025-11-11 15:22:02'),
(42, 39, '', 0, 49, 'positive', '2025-12-08 11:03:04', '2025-12-08 11:03:04'),
(43, 40, '', 0, 49, 'positive', '2026-01-09 10:30:30', '2026-01-09 10:30:30'),
(44, 41, '', 0, 49, 'positive', '2026-02-06 13:08:05', '2026-02-06 13:08:05'),
(45, 42, '', 0, 49, 'positive', '2026-03-05 11:02:39', '2026-03-05 11:02:39'),
(46, 43, '', 0, 50, 'positive', '2025-10-22 13:03:11', '2025-10-22 13:03:11'),
(47, 44, '', 0, 50, 'positive', '2025-11-11 15:22:10', '2025-11-11 15:22:10'),
(48, 45, '', 0, 50, 'positive', '2025-12-08 11:03:11', '2025-12-08 11:03:11'),
(49, 46, '', 0, 50, 'positive', '2026-01-09 10:30:37', '2026-01-09 10:30:37'),
(50, 47, '', 0, 50, 'positive', '2026-02-06 13:08:12', '2026-02-06 13:08:12'),
(51, 48, '', 0, 50, 'positive', '2026-03-05 11:02:56', '2026-03-05 11:02:56'),
(52, 48, 'Déductions pour absence', 113, 50, 'negative', '2026-03-05 11:02:56', '2026-03-05 11:02:56'),
(53, 49, '', 0, 51, 'positive', '2025-10-22 13:04:00', '2025-10-22 13:04:00'),
(54, 50, '', 0, 51, 'positive', '2025-11-11 15:22:18', '2025-11-11 15:22:18'),
(55, 51, '', 0, 51, 'positive', '2025-12-08 11:03:18', '2025-12-08 11:03:18'),
(56, 52, '', 0, 51, 'positive', '2026-01-09 10:30:44', '2026-01-09 10:30:44'),
(57, 53, '', 0, 51, 'positive', '2026-02-06 13:08:18', '2026-02-06 13:08:18'),
(58, 54, '', 0, 51, 'positive', '2026-03-05 11:03:21', '2026-03-05 11:03:21'),
(59, 55, '', 0, 52, 'positive', '2025-10-22 13:04:28', '2025-10-22 13:04:28'),
(60, 56, '', 0, 52, 'positive', '2025-11-11 15:22:25', '2025-11-11 15:22:25'),
(61, 57, '', 0, 52, 'positive', '2025-12-08 11:03:26', '2025-12-08 11:03:26'),
(62, 58, '', 0, 52, 'positive', '2026-01-09 10:30:53', '2026-01-09 10:30:53'),
(63, 59, '', 0, 52, 'positive', '2026-02-06 13:08:24', '2026-02-06 13:08:24'),
(64, 60, '', 0, 52, 'positive', '2026-03-05 11:03:29', '2026-03-05 11:03:29'),
(65, 61, '', 0, 53, 'positive', '2025-10-22 13:04:40', '2025-10-22 13:04:40'),
(66, 62, '', 0, 53, 'positive', '2025-11-11 15:22:33', '2025-11-11 15:22:33'),
(67, 63, '', 0, 53, 'positive', '2025-12-08 11:03:37', '2025-12-08 11:03:37'),
(68, 64, '', 0, 53, 'positive', '2026-01-09 10:31:08', '2026-01-09 10:31:08'),
(69, 65, '', 0, 53, 'positive', '2026-02-06 13:08:29', '2026-02-06 13:08:29'),
(70, 66, '', 0, 53, 'positive', '2026-03-05 11:03:46', '2026-03-05 11:03:46'),
(71, 66, 'Déductions pour absence', 136, 53, 'negative', '2026-03-05 11:03:46', '2026-03-05 11:03:46'),
(72, 67, '', 0, 54, 'positive', '2025-10-22 13:04:49', '2025-10-22 13:04:49'),
(73, 68, '', 0, 54, 'positive', '2025-11-11 15:22:39', '2025-11-11 15:22:39'),
(74, 69, '', 0, 54, 'positive', '2025-12-08 11:03:43', '2025-12-08 11:03:43'),
(75, 70, '', 0, 54, 'positive', '2026-01-09 10:31:20', '2026-01-09 10:31:20'),
(76, 71, '', 0, 54, 'positive', '2026-02-06 13:08:36', '2026-02-06 13:08:36'),
(77, 72, '', 0, 54, 'positive', '2026-03-05 11:03:55', '2026-03-05 11:03:55'),
(78, 73, '', 0, 55, 'positive', '2025-10-22 13:05:01', '2025-10-22 13:05:01'),
(79, 74, '', 0, 55, 'positive', '2025-11-11 15:22:59', '2025-11-11 15:22:59'),
(80, 75, '', 0, 55, 'positive', '2025-12-08 11:03:50', '2025-12-08 11:03:50'),
(81, 76, '', 0, 55, 'positive', '2026-01-09 10:31:31', '2026-01-09 10:31:31'),
(82, 77, '', 0, 55, 'positive', '2026-02-06 13:08:42', '2026-02-06 13:08:42'),
(83, 78, '', 0, 55, 'positive', '2026-03-05 11:04:04', '2026-03-05 11:04:04'),
(84, 79, '', 0, 56, 'positive', '2025-10-22 13:05:23', '2025-10-22 13:05:23'),
(85, 80, '', 0, 56, 'positive', '2025-11-11 15:23:06', '2025-11-11 15:23:06'),
(86, 81, '', 0, 56, 'positive', '2025-12-08 11:03:57', '2025-12-08 11:03:57'),
(87, 82, '', 0, 56, 'positive', '2026-01-09 10:31:39', '2026-01-09 10:31:39'),
(88, 83, '', 0, 56, 'positive', '2026-02-06 13:08:48', '2026-02-06 13:08:48'),
(89, 84, '', 0, 56, 'positive', '2026-03-05 11:04:16', '2026-03-05 11:04:16'),
(90, 85, '', 0, 57, 'positive', '2025-10-22 13:05:35', '2025-10-22 13:05:35'),
(91, 86, '', 0, 57, 'positive', '2025-11-11 15:23:16', '2025-11-11 15:23:16'),
(92, 87, '', 0, 57, 'positive', '2025-12-08 11:04:04', '2025-12-08 11:04:04'),
(93, 88, '', 0, 57, 'positive', '2026-01-09 10:32:06', '2026-01-09 10:32:06'),
(94, 88, 'Absence', 136, 57, 'negative', '2026-01-09 10:32:06', '2026-01-09 10:32:06'),
(95, 89, '', 0, 57, 'positive', '2026-02-06 13:08:54', '2026-02-06 13:08:54'),
(96, 90, '', 0, 57, 'positive', '2026-03-05 11:04:25', '2026-03-05 11:04:25'),
(97, 91, '', 0, 58, 'positive', '2025-10-22 13:05:46', '2025-10-22 13:05:46'),
(98, 92, '', 0, 58, 'positive', '2025-11-11 15:23:22', '2025-11-11 15:23:22'),
(99, 93, '', 0, 58, 'positive', '2025-12-08 11:04:11', '2025-12-08 11:04:11'),
(100, 94, '', 0, 58, 'positive', '2026-01-09 10:32:14', '2026-01-09 10:32:14'),
(101, 95, '', 0, 58, 'positive', '2026-02-06 13:09:00', '2026-02-06 13:09:00'),
(102, 96, '', 0, 58, 'positive', '2026-03-05 11:04:34', '2026-03-05 11:04:34'),
(103, 97, '', 0, 59, 'positive', '2025-10-22 13:06:19', '2025-10-22 13:06:19'),
(104, 98, '', 0, 59, 'positive', '2025-11-11 15:23:29', '2025-11-11 15:23:29'),
(105, 99, '', 0, 59, 'positive', '2025-12-08 11:04:18', '2025-12-08 11:04:18'),
(106, 100, '', 0, 59, 'positive', '2026-01-09 10:32:30', '2026-01-09 10:32:30'),
(107, 100, 'Absence', 113, 59, 'negative', '2026-01-09 10:32:30', '2026-01-09 10:32:30'),
(108, 101, '', 0, 59, 'positive', '2026-02-06 13:09:06', '2026-02-06 13:09:06'),
(109, 102, '', 0, 59, 'positive', '2026-03-05 11:04:40', '2026-03-05 11:04:40'),
(110, 103, '', 0, 60, 'positive', '2025-10-22 13:06:27', '2025-10-22 13:06:27'),
(111, 104, '', 0, 60, 'positive', '2025-11-11 15:23:37', '2025-11-11 15:23:37'),
(112, 105, '', 0, 60, 'positive', '2025-12-08 11:04:26', '2025-12-08 11:04:26'),
(113, 106, '', 0, 60, 'positive', '2026-01-09 10:32:41', '2026-01-09 10:32:41'),
(114, 107, '', 0, 60, 'positive', '2026-02-06 13:09:11', '2026-02-06 13:09:11'),
(115, 108, '', 0, 60, 'positive', '2026-03-05 11:04:48', '2026-03-05 11:04:48'),
(116, 109, '', 0, 61, 'positive', '2025-10-22 13:06:59', '2025-10-22 13:06:59'),
(117, 110, '', 0, 61, 'positive', '2025-11-11 15:23:48', '2025-11-11 15:23:48'),
(118, 111, '', 0, 61, 'positive', '2025-12-08 11:04:34', '2025-12-08 11:04:34'),
(119, 112, '', 0, 61, 'positive', '2026-01-09 10:33:10', '2026-01-09 10:33:10'),
(120, 112, 'Absence', 113, 61, 'negative', '2026-01-09 10:33:10', '2026-01-09 10:33:10'),
(121, 113, '', 0, 61, 'positive', '2026-02-06 13:09:17', '2026-02-06 13:09:17'),
(122, 114, '', 0, 61, 'positive', '2026-03-05 11:05:05', '2026-03-05 11:05:05'),
(123, 115, '', 0, 62, 'positive', '2025-10-22 13:07:11', '2025-10-22 13:07:11'),
(124, 116, '', 0, 62, 'positive', '2025-11-11 15:24:03', '2025-11-11 15:24:03'),
(125, 117, '', 0, 62, 'positive', '2025-12-08 11:04:44', '2025-12-08 11:04:44'),
(126, 118, '', 0, 62, 'positive', '2026-01-09 10:33:17', '2026-01-09 10:33:17'),
(127, 119, '', 0, 62, 'positive', '2026-02-06 13:09:23', '2026-02-06 13:09:23'),
(128, 120, '', 0, 62, 'positive', '2026-03-05 11:05:23', '2026-03-05 11:05:23'),
(129, 121, '', 0, 63, 'positive', '2025-10-22 13:07:19', '2025-10-22 13:07:19'),
(130, 122, '', 0, 63, 'positive', '2025-11-11 15:24:11', '2025-11-11 15:24:11'),
(131, 123, '', 0, 63, 'positive', '2025-12-08 11:05:03', '2025-12-08 11:05:03'),
(132, 124, '', 0, 63, 'positive', '2026-01-09 10:33:24', '2026-01-09 10:33:24'),
(133, 125, '', 0, 63, 'positive', '2026-02-06 13:09:29', '2026-02-06 13:09:29'),
(134, 126, '', 0, 63, 'positive', '2026-03-05 11:05:38', '2026-03-05 11:05:38'),
(135, 127, '', 0, 64, 'positive', '2025-10-22 13:07:35', '2025-10-22 13:07:35'),
(136, 128, '', 0, 64, 'positive', '2025-11-11 15:24:21', '2025-11-11 15:24:21'),
(137, 129, '', 0, 64, 'positive', '2025-12-08 11:05:26', '2025-12-08 11:05:26'),
(138, 130, '', 0, 64, 'positive', '2026-01-09 10:33:31', '2026-01-09 10:33:31'),
(139, 131, '', 0, 64, 'positive', '2026-02-06 13:09:35', '2026-02-06 13:09:35'),
(140, 132, '', 0, 64, 'positive', '2026-03-05 11:05:51', '2026-03-05 11:05:51'),
(141, 133, '', 0, 65, 'positive', '2025-10-22 13:07:45', '2025-10-22 13:07:45'),
(142, 134, '', 0, 65, 'positive', '2025-11-11 15:24:31', '2025-11-11 15:24:31'),
(143, 135, '', 0, 65, 'positive', '2025-12-08 11:05:33', '2025-12-08 11:05:33'),
(144, 136, '', 0, 65, 'positive', '2026-01-09 10:33:38', '2026-01-09 10:33:38'),
(145, 137, '', 0, 65, 'positive', '2026-02-06 13:09:41', '2026-02-06 13:09:41'),
(146, 138, '', 0, 65, 'positive', '2026-03-05 11:06:05', '2026-03-05 11:06:05'),
(147, 139, '', 0, 66, 'positive', '2025-10-22 13:07:53', '2025-10-22 13:07:53'),
(148, 140, '', 0, 66, 'positive', '2025-11-11 15:24:40', '2025-11-11 15:24:40'),
(149, 141, '', 0, 66, 'positive', '2025-12-08 11:05:51', '2025-12-08 11:05:51'),
(150, 142, '', 0, 66, 'positive', '2026-01-09 10:33:45', '2026-01-09 10:33:45'),
(151, 143, '', 0, 66, 'positive', '2026-02-06 13:09:47', '2026-02-06 13:09:47'),
(152, 144, '', 0, 66, 'positive', '2026-03-05 11:06:18', '2026-03-05 11:06:18'),
(153, 145, '', 0, 67, 'positive', '2025-10-22 13:08:02', '2025-10-22 13:08:02'),
(154, 146, '', 0, 67, 'positive', '2025-11-11 15:24:48', '2025-11-11 15:24:48'),
(155, 147, '', 0, 67, 'positive', '2025-12-08 11:05:59', '2025-12-08 11:05:59'),
(156, 148, '', 0, 67, 'positive', '2026-01-09 10:33:52', '2026-01-09 10:33:52'),
(157, 149, '', 0, 67, 'positive', '2026-02-06 13:09:53', '2026-02-06 13:09:53'),
(158, 150, '', 0, 67, 'positive', '2026-03-05 11:06:30', '2026-03-05 11:06:30'),
(159, 151, '', 0, 68, 'positive', '2025-10-22 13:08:29', '2025-10-22 13:08:29'),
(160, 152, '', 0, 68, 'positive', '2025-11-11 15:25:01', '2025-11-11 15:25:01'),
(161, 153, '', 0, 68, 'positive', '2025-12-08 11:06:06', '2025-12-08 11:06:06'),
(162, 154, '', 0, 68, 'positive', '2026-01-09 10:33:58', '2026-01-09 10:33:58'),
(163, 155, '', 0, 68, 'positive', '2026-02-06 13:09:58', '2026-02-06 13:09:58'),
(164, 156, '', 0, 68, 'positive', '2026-03-05 11:06:42', '2026-03-05 11:06:42'),
(165, 157, '', 0, 69, 'positive', '2025-10-22 13:19:47', '2025-10-22 13:19:47'),
(166, 158, '', 0, 69, 'positive', '2025-11-11 15:25:09', '2025-11-11 15:25:09'),
(167, 159, '', 0, 69, 'positive', '2025-12-08 11:06:14', '2025-12-08 11:06:14'),
(168, 160, '', 0, 69, 'positive', '2026-01-09 10:55:54', '2026-01-09 10:55:54'),
(169, 161, '', 0, 69, 'positive', '2026-02-06 13:10:05', '2026-02-06 13:10:05'),
(170, 162, '', 0, 69, 'positive', '2026-03-05 11:06:56', '2026-03-05 11:06:56'),
(171, 163, '', 0, 70, 'positive', '2025-10-22 13:08:56', '2025-10-22 13:08:56'),
(172, 164, '', 0, 70, 'positive', '2025-11-11 15:25:15', '2025-11-11 15:25:15'),
(173, 165, '', 0, 70, 'positive', '2025-12-08 11:06:28', '2025-12-08 11:06:28'),
(174, 166, '', 0, 70, 'positive', '2026-01-09 10:56:02', '2026-01-09 10:56:02'),
(175, 167, '', 0, 70, 'positive', '2026-02-06 13:10:11', '2026-02-06 13:10:11'),
(176, 168, '', 0, 70, 'positive', '2026-03-05 11:07:06', '2026-03-05 11:07:06'),
(177, 169, '', 0, 71, 'positive', '2025-10-22 13:09:08', '2025-10-22 13:09:08'),
(178, 170, '', 0, 71, 'positive', '2025-11-11 15:25:41', '2025-11-11 15:25:41'),
(179, 171, '', 0, 71, 'positive', '2025-12-08 11:06:37', '2025-12-08 11:06:37'),
(180, 172, '', 0, 71, 'positive', '2026-01-09 10:56:11', '2026-01-09 10:56:11'),
(181, 173, '', 0, 71, 'positive', '2026-02-06 13:10:16', '2026-02-06 13:10:16'),
(182, 174, '', 0, 71, 'positive', '2026-03-05 11:07:16', '2026-03-05 11:07:16'),
(183, 175, '', 0, 72, 'positive', '2025-10-22 13:09:17', '2025-10-22 13:09:17'),
(184, 176, '', 0, 72, 'positive', '2025-11-11 15:29:16', '2025-11-11 15:29:16'),
(185, 177, '', 0, 72, 'positive', '2025-12-08 11:06:47', '2025-12-08 11:06:47'),
(186, 178, '', 0, 72, 'positive', '2026-01-09 10:56:19', '2026-01-09 10:56:19'),
(187, 179, '', 0, 72, 'positive', '2026-02-06 13:10:22', '2026-02-06 13:10:22'),
(188, 180, '', 0, 72, 'positive', '2026-03-05 11:07:29', '2026-03-05 11:07:29'),
(189, 181, '', 0, 73, 'positive', '2025-10-22 13:09:35', '2025-10-22 13:09:35'),
(190, 182, '', 0, 73, 'positive', '2025-11-11 15:29:23', '2025-11-11 15:29:23'),
(191, 183, '', 0, 73, 'positive', '2025-12-08 11:06:55', '2025-12-08 11:06:55'),
(192, 184, '', 0, 73, 'positive', '2026-01-09 10:56:26', '2026-01-09 10:56:26'),
(193, 185, '', 0, 73, 'positive', '2026-02-06 13:10:28', '2026-02-06 13:10:28'),
(194, 186, '', 0, 73, 'positive', '2026-03-05 11:07:38', '2026-03-05 11:07:38'),
(195, 187, '', 0, 74, 'positive', '2025-10-22 13:09:55', '2025-10-22 13:09:55'),
(196, 188, '', 0, 74, 'positive', '2025-11-11 15:29:36', '2025-11-11 15:29:36'),
(197, 189, '', 0, 74, 'positive', '2025-12-08 11:07:07', '2025-12-08 11:07:07'),
(198, 190, '', 0, 74, 'positive', '2026-01-09 10:56:43', '2026-01-09 10:56:43'),
(199, 191, '', 0, 74, 'positive', '2026-02-06 13:10:35', '2026-02-06 13:10:35'),
(200, 192, '', 0, 74, 'positive', '2026-03-05 11:07:49', '2026-03-05 11:07:49'),
(201, 193, '', 0, 75, 'positive', '2025-10-22 13:10:05', '2025-10-22 13:10:05'),
(202, 194, '', 0, 75, 'positive', '2025-11-11 15:29:43', '2025-11-11 15:29:43'),
(203, 195, '', 0, 75, 'positive', '2025-12-08 11:07:16', '2025-12-08 11:07:16'),
(204, 196, '', 0, 75, 'positive', '2026-01-09 11:08:54', '2026-01-09 11:08:54'),
(205, 196, 'Absence', 113, 75, 'negative', '2026-01-09 11:08:54', '2026-01-09 11:08:54'),
(206, 197, '', 0, 75, 'positive', '2026-02-06 13:10:41', '2026-02-06 13:10:41'),
(207, 198, '', 0, 75, 'positive', '2026-03-05 11:07:57', '2026-03-05 11:07:57'),
(208, 199, '', 0, 76, 'positive', '2025-12-08 11:19:03', '2025-12-08 11:19:03'),
(209, 200, '', 0, 76, 'positive', '2026-01-09 10:57:12', '2026-01-09 10:57:12'),
(210, 201, '', 0, 76, 'positive', '2026-02-06 13:10:48', '2026-02-06 13:10:48'),
(211, 202, '', 0, 76, 'positive', '2026-03-05 11:08:12', '2026-03-05 11:08:12'),
(212, 203, '', 0, 78, 'positive', '2025-11-12 12:37:59', '2025-11-12 12:37:59'),
(213, 204, '', 0, 78, 'positive', '2025-11-12 12:39:55', '2025-11-12 12:39:55'),
(214, 205, '', 0, 78, 'positive', '2025-12-08 11:08:44', '2025-12-08 11:08:44'),
(215, 205, 'avance ', 0, 78, 'negative', '2025-12-08 11:08:44', '2025-12-08 11:08:44'),
(216, 206, '', 0, 78, 'positive', '2026-01-09 10:57:21', '2026-01-09 10:57:21'),
(217, 207, '', 0, 78, 'positive', '2026-02-06 13:10:55', '2026-02-06 13:10:55'),
(218, 208, '', 0, 78, 'positive', '2026-03-05 11:08:36', '2026-03-05 11:08:36'),
(219, 208, 'crédits', 500, 78, 'negative', '2026-03-05 11:08:36', '2026-03-05 11:08:36'),
(220, 209, '', 0, 79, 'positive', '2025-11-12 12:38:27', '2025-11-12 12:38:27'),
(221, 209, '15j', 1500, 79, 'negative', '2025-11-12 12:38:27', '2025-11-12 12:38:27'),
(222, 210, '', 0, 79, 'positive', '2025-11-12 12:40:04', '2025-11-12 12:40:04'),
(223, 211, '', 0, 79, 'positive', '2025-12-08 11:08:54', '2025-12-08 11:08:54'),
(224, 212, '', 0, 79, 'positive', '2026-01-09 10:57:39', '2026-01-09 10:57:39'),
(225, 213, '', 0, 79, 'positive', '2026-02-06 13:11:03', '2026-02-06 13:11:03'),
(226, 214, '', 0, 79, 'positive', '2026-03-05 11:08:44', '2026-03-05 11:08:44'),
(227, 215, '', 0, 80, 'positive', '2025-11-12 12:38:55', '2025-11-12 12:38:55'),
(228, 216, '', 0, 80, 'positive', '2025-11-12 12:40:11', '2025-11-12 12:40:11'),
(229, 217, '', 0, 80, 'positive', '2025-12-08 11:09:24', '2025-12-08 11:09:24'),
(230, 218, '', 0, 80, 'positive', '2026-01-09 10:57:45', '2026-01-09 10:57:45'),
(231, 219, '', 0, 80, 'positive', '2026-02-06 13:11:11', '2026-02-06 13:11:11'),
(232, 220, '', 0, 80, 'positive', '2026-03-05 11:08:53', '2026-03-05 11:08:53');

-- --------------------------------------------------------

--
-- Structure de la table `permission_category`
--

CREATE TABLE `permission_category` (
  `id` int(11) NOT NULL,
  `perm_group_id` int(11) DEFAULT NULL,
  `name` varchar(100) DEFAULT NULL,
  `short_code` varchar(100) DEFAULT NULL,
  `enable_view` int(11) DEFAULT 0,
  `enable_add` int(11) DEFAULT 0,
  `enable_edit` int(11) DEFAULT 0,
  `enable_delete` int(11) DEFAULT 0,
  `created_at` timestamp NOT NULL DEFAULT current_timestamp(),
  `updated_at` timestamp NOT NULL DEFAULT current_timestamp() ON UPDATE current_timestamp()
) ENGINE=InnoDB DEFAULT CHARSET=utf8mb3 COLLATE=utf8mb3_uca1400_ai_ci;

--
-- Déchargement des données de la table `permission_category`
--

INSERT INTO `permission_category` (`id`, `perm_group_id`, `name`, `short_code`, `enable_view`, `enable_add`, `enable_edit`, `enable_delete`, `created_at`, `updated_at`) VALUES
(1, 1, 'Student', 'student', 1, 1, 1, 1, '2019-10-24 05:42:03', '2025-12-27 07:45:40'),
(2, 1, 'Import Student', 'import_student', 1, 0, 0, 0, '2018-06-22 10:17:19', '2025-12-27 07:45:40'),
(3, 1, 'Student Categories', 'student_categories', 1, 1, 1, 1, '2018-06-22 10:17:36', '2025-12-27 07:45:40'),
(4, 1, 'Student Houses', 'student_houses', 1, 1, 1, 1, '2018-06-22 10:17:53', '2025-12-27 07:45:40'),
(5, 2, 'Collect Fees', 'collect_fees', 1, 1, 0, 1, '2018-06-22 10:21:03', '2025-12-27 07:45:40'),
(6, 2, 'Fees Carry Forward', 'fees_carry_forward', 1, 0, 0, 0, '2018-06-27 00:18:15', '2025-12-27 07:45:40'),
(7, 2, 'Fees Master', 'fees_master', 1, 1, 1, 1, '2018-06-27 00:18:57', '2025-12-27 07:45:40'),
(8, 2, 'Fees Group', 'fees_group', 1, 1, 1, 1, '2018-06-22 10:21:46', '2025-12-27 07:45:40'),
(9, 3, 'Income', 'income', 1, 1, 1, 1, '2018-06-22 10:23:21', '2025-12-27 07:45:40'),
(10, 3, 'Income Head', 'income_head', 1, 1, 1, 1, '2018-06-22 10:22:44', '2025-12-27 07:45:40'),
(11, 3, 'Search Income', 'search_income', 1, 0, 0, 0, '2018-06-22 10:23:00', '2025-12-27 07:45:40'),
(12, 4, 'Expense', 'expense', 1, 1, 1, 1, '2018-06-22 10:24:06', '2025-12-27 07:45:40'),
(13, 4, 'Expense Head', 'expense_head', 1, 1, 1, 1, '2018-06-22 10:23:47', '2025-12-27 07:45:40'),
(14, 4, 'Search Expense', 'search_expense', 1, 0, 0, 0, '2018-06-22 10:24:13', '2025-12-27 07:45:40'),
(15, 5, 'Student / Period Attendance', 'student_attendance', 1, 1, 1, 0, '2019-11-29 01:19:05', '2025-12-27 07:45:40'),
(20, 6, 'Marks Grade', 'marks_grade', 1, 1, 1, 1, '2018-06-22 10:25:25', '2025-12-27 07:45:40'),
(21, 7, 'Class Timetable', 'class_timetable', 1, 0, 1, 0, '2019-11-24 03:05:17', '2025-12-27 07:45:40'),
(23, 7, 'Subject', 'subject', 1, 1, 1, 1, '2018-06-22 10:32:17', '2025-12-27 07:45:40'),
(24, 7, 'Class', 'class', 1, 1, 1, 1, '2018-06-22 10:32:35', '2025-12-27 07:45:40'),
(25, 7, 'Section', 'section', 1, 1, 1, 1, '2018-06-22 10:31:10', '2025-12-27 07:45:40'),
(26, 7, 'Promote Student', 'promote_student', 1, 0, 0, 0, '2018-06-22 10:32:47', '2025-12-27 07:45:40'),
(27, 8, 'Upload Content', 'upload_content', 1, 1, 0, 1, '2018-06-22 10:33:19', '2025-12-27 07:45:40'),
(28, 9, 'Books List', 'books', 1, 1, 1, 1, '2019-11-24 00:37:12', '2025-12-27 07:45:40'),
(29, 9, 'Issue Return', 'issue_return', 1, 0, 0, 0, '2019-11-24 00:37:18', '2025-12-27 07:45:40'),
(30, 9, 'Add Staff Member', 'add_staff_member', 1, 0, 0, 0, '2018-07-02 11:37:00', '2025-12-27 07:45:40'),
(31, 10, 'Issue Item', 'issue_item', 1, 1, 1, 1, '2019-11-29 06:39:27', '2025-12-27 07:45:40'),
(32, 10, 'Add Item Stock', 'item_stock', 1, 1, 1, 1, '2019-11-24 00:39:17', '2025-12-27 07:45:40'),
(33, 10, 'Add Item', 'item', 1, 1, 1, 1, '2019-11-24 00:39:39', '2025-12-27 07:45:40'),
(34, 10, 'Item Store', 'store', 1, 1, 1, 1, '2019-11-24 00:40:41', '2025-12-27 07:45:40'),
(35, 10, 'Item Supplier', 'supplier', 1, 1, 1, 1, '2019-11-24 00:40:49', '2025-12-27 07:45:40'),
(37, 11, 'Routes', 'routes', 1, 1, 1, 1, '2018-06-22 10:39:17', '2025-12-27 07:45:40'),
(38, 11, 'Vehicle', 'vehicle', 1, 1, 1, 1, '2018-06-22 10:39:36', '2025-12-27 07:45:40'),
(39, 11, 'Assign Vehicle', 'assign_vehicle', 1, 1, 1, 1, '2018-06-27 04:39:20', '2025-12-27 07:45:40'),
(40, 12, 'Hostel', 'hostel', 1, 1, 1, 1, '2018-06-22 10:40:49', '2025-12-27 07:45:40'),
(41, 12, 'Room Type', 'room_type', 1, 1, 1, 1, '2018-06-22 10:40:27', '2025-12-27 07:45:40'),
(42, 12, 'Hostel Rooms', 'hostel_rooms', 1, 1, 1, 1, '2018-06-25 06:23:03', '2025-12-27 07:45:40'),
(43, 13, 'Notice Board', 'notice_board', 1, 1, 1, 1, '2018-06-22 10:41:17', '2025-12-27 07:45:40'),
(44, 13, 'Email', 'email', 1, 0, 0, 0, '2019-11-26 05:20:37', '2025-12-27 07:45:40'),
(46, 13, 'Email / SMS Log', 'email_sms_log', 1, 0, 0, 0, '2018-06-22 10:41:23', '2025-12-27 07:45:40'),
(53, 15, 'Languages', 'languages', 1, 1, 0, 1, '2021-01-23 07:09:32', '2025-12-27 07:46:57'),
(54, 15, 'General Setting', 'general_setting', 1, 0, 1, 0, '2018-07-05 09:08:35', '2025-12-27 07:45:40'),
(55, 15, 'Session Setting', 'session_setting', 1, 1, 1, 1, '2018-06-22 10:44:15', '2025-12-27 07:45:40'),
(56, 15, 'Notification Setting', 'notification_setting', 1, 0, 1, 0, '2018-07-05 09:08:41', '2025-12-27 07:45:40'),
(57, 15, 'SMS Setting', 'sms_setting', 1, 0, 1, 0, '2018-07-05 09:08:47', '2025-12-27 07:45:40'),
(58, 15, 'Email Setting', 'email_setting', 1, 0, 1, 0, '2018-07-05 09:08:51', '2025-12-27 07:45:40'),
(59, 15, 'Front CMS Setting', 'front_cms_setting', 1, 0, 1, 0, '2018-07-05 09:08:55', '2025-12-27 07:45:40'),
(60, 15, 'Payment Methods', 'payment_methods', 1, 0, 1, 0, '2018-07-05 09:08:59', '2025-12-27 07:45:40'),
(61, 16, 'Menus', 'menus', 1, 0, 0, 0, '2018-07-09 03:50:06', '2025-12-27 07:46:57'),
(62, 16, 'Media Manager', 'media_manager', 1, 1, 0, 1, '2018-07-09 03:50:26', '2025-12-27 07:45:40'),
(63, 16, 'Banner Images', 'banner_images', 1, 1, 0, 1, '2018-06-22 10:46:02', '2025-12-27 07:45:40'),
(64, 16, 'Pages', 'pages', 1, 1, 1, 1, '2018-06-22 10:46:21', '2025-12-27 07:45:40'),
(65, 16, 'Gallery', 'gallery', 1, 1, 1, 1, '2018-06-22 10:47:02', '2025-12-27 07:45:40'),
(66, 16, 'Event', 'event', 1, 1, 1, 1, '2018-06-22 10:47:20', '2025-12-27 07:45:40'),
(67, 16, 'News', 'notice', 1, 1, 1, 1, '2018-07-03 08:39:34', '2025-12-27 07:45:40'),
(68, 2, 'Fees Group Assign', 'fees_group_assign', 1, 0, 0, 0, '2018-06-22 10:20:42', '2025-12-27 07:45:40'),
(69, 2, 'Fees Type', 'fees_type', 1, 1, 1, 1, '2018-06-22 10:19:34', '2025-12-27 07:45:40'),
(70, 2, 'Fees Discount', 'fees_discount', 1, 1, 1, 1, '2018-06-22 10:20:10', '2025-12-27 07:45:40'),
(71, 2, 'Fees Discount Assign', 'fees_discount_assign', 1, 0, 0, 0, '2018-06-22 10:20:17', '2025-12-27 07:45:40'),
(73, 2, 'Search Fees Payment', 'search_fees_payment', 1, 0, 0, 0, '2018-06-22 10:20:27', '2025-12-27 07:45:40'),
(74, 2, 'Search Due Fees', 'search_due_fees', 1, 0, 0, 0, '2018-06-22 10:20:35', '2025-12-27 07:45:40'),
(77, 7, 'Assign Class Teacher', 'assign_class_teacher', 1, 1, 1, 1, '2018-06-22 10:30:52', '2025-12-27 07:45:40'),
(78, 17, 'Admission Enquiry', 'admission_enquiry', 1, 1, 1, 1, '2018-06-22 10:51:24', '2025-12-27 07:45:40'),
(79, 17, 'Follow Up Admission Enquiry', 'follow_up_admission_enquiry', 1, 1, 0, 1, '2018-06-22 10:51:39', '2025-12-27 07:45:40'),
(80, 17, 'Visitor Book', 'visitor_book', 1, 1, 1, 1, '2018-06-22 10:48:58', '2025-12-27 07:45:40'),
(81, 17, 'Phone Call Log', 'phone_call_log', 1, 1, 1, 1, '2018-06-22 10:50:57', '2025-12-27 07:45:40'),
(82, 17, 'Postal Dispatch', 'postal_dispatch', 1, 1, 1, 1, '2018-06-22 10:50:21', '2025-12-27 07:45:40'),
(83, 17, 'Postal Receive', 'postal_receive', 1, 1, 1, 1, '2018-06-22 10:50:04', '2025-12-27 07:45:40'),
(84, 17, 'Complain', 'complaint', 1, 1, 1, 1, '2018-07-03 08:40:55', '2025-12-27 07:45:40'),
(85, 17, 'Setup Front Office', 'setup_font_office', 1, 1, 1, 1, '2025-02-13 09:03:14', '2025-12-27 07:45:40'),
(86, 18, 'Staff', 'staff', 1, 1, 1, 1, '2018-06-22 10:53:31', '2025-12-27 07:45:40'),
(87, 18, 'Disable Staff', 'disable_staff', 1, 0, 0, 0, '2018-06-22 10:53:12', '2025-12-27 07:45:40'),
(88, 18, 'Staff Attendance', 'staff_attendance', 1, 1, 1, 0, '2018-06-22 10:53:10', '2025-12-27 07:45:40'),
(90, 18, 'Staff Payroll', 'staff_payroll', 1, 1, 0, 1, '2018-06-22 10:52:51', '2025-12-27 07:45:40'),
(93, 19, 'Homework', 'homework', 1, 1, 1, 1, '2018-06-22 10:53:50', '2025-12-27 07:45:40'),
(94, 19, 'Homework Evaluation', 'homework_evaluation', 1, 1, 0, 0, '2018-06-27 03:07:21', '2025-12-27 07:45:40'),
(96, 20, 'Student Certificate', 'student_certificate', 1, 1, 1, 1, '2018-07-06 10:41:07', '2025-12-27 07:45:40'),
(97, 20, 'Generate Certificate', 'generate_certificate', 1, 0, 0, 0, '2018-07-06 10:37:16', '2025-12-27 07:45:40'),
(98, 20, 'Student ID Card', 'student_id_card', 1, 1, 1, 1, '2018-07-06 10:41:28', '2025-12-27 07:45:40'),
(99, 20, 'Generate ID Card', 'generate_id_card', 1, 0, 0, 0, '2018-07-06 10:41:49', '2025-12-27 07:45:40'),
(102, 21, 'Calendar To Do List', 'calendar_to_do_list', 1, 1, 1, 1, '2018-06-22 10:54:41', '2025-12-27 07:45:40'),
(104, 10, 'Item Category', 'item_category', 1, 1, 1, 1, '2018-06-22 10:34:33', '2025-12-27 07:45:40'),
(106, 22, 'Quick Session Change', 'quick_session_change', 1, 0, 0, 0, '2018-06-22 10:54:45', '2025-12-27 07:45:40'),
(107, 1, 'Disable Student', 'disable_student', 1, 0, 0, 0, '2018-06-25 06:21:34', '2025-12-27 07:45:40'),
(108, 18, ' Approve Leave Request', 'approve_leave_request', 1, 1, 1, 1, '2020-10-05 08:56:27', '2025-12-27 07:46:57'),
(109, 18, 'Apply Leave', 'apply_leave', 1, 1, 0, 0, '2019-11-28 23:47:46', '2025-12-27 07:45:40'),
(110, 18, 'Leave Types ', 'leave_types', 1, 1, 1, 1, '2018-07-02 10:17:56', '2025-12-27 07:45:40'),
(111, 18, 'Department', 'department', 1, 1, 1, 1, '2018-06-26 03:57:07', '2025-12-27 07:45:40'),
(112, 18, 'Designation', 'designation', 1, 1, 1, 1, '2018-06-26 03:57:07', '2025-12-27 07:45:40'),
(113, 22, 'Fees Collection And Expense Monthly Chart', 'fees_collection_and_expense_monthly_chart', 1, 0, 0, 0, '2018-07-03 07:08:15', '2025-12-27 07:45:40'),
(114, 22, 'Fees Collection And Expense Yearly Chart', 'fees_collection_and_expense_yearly_chart', 1, 0, 0, 0, '2018-07-03 07:08:15', '2025-12-27 07:45:40'),
(115, 22, 'Monthly Fees Collection Widget', 'Monthly fees_collection_widget', 1, 0, 0, 0, '2018-07-03 07:13:35', '2025-12-27 07:45:40'),
(116, 22, 'Monthly Expense Widget', 'monthly_expense_widget', 1, 0, 0, 0, '2018-07-03 07:13:35', '2025-12-27 07:45:40'),
(117, 22, 'Student Count Widget', 'student_count_widget', 1, 0, 0, 0, '2018-07-03 07:13:35', '2025-12-27 07:45:40'),
(118, 22, 'Staff Role Count Widget', 'staff_role_count_widget', 1, 0, 0, 0, '2018-07-03 07:13:35', '2025-12-27 07:45:40'),
(122, 5, 'Attendance By Date', 'attendance_by_date', 1, 0, 0, 0, '2018-07-03 08:42:29', '2025-12-27 07:45:40'),
(123, 9, 'Add Student', 'add_student', 1, 0, 0, 0, '2018-07-03 08:42:29', '2025-12-27 07:45:40'),
(126, 15, 'User Status', 'user_status', 1, 0, 0, 0, '2018-07-03 08:42:29', '2025-12-27 07:45:40'),
(127, 18, 'Can See Other Users Profile', 'can_see_other_users_profile', 1, 0, 0, 0, '2018-07-03 08:42:29', '2025-12-27 07:45:40'),
(128, 1, 'Student Timeline', 'student_timeline', 1, 1, 1, 1, '2022-12-28 09:52:24', '2025-12-27 07:45:40'),
(129, 18, 'Staff Timeline', 'staff_timeline', 1, 1, 1, 1, '2022-12-28 09:52:24', '2025-12-27 07:45:40'),
(130, 15, 'Backup', 'backup', 1, 1, 0, 1, '2018-07-09 04:17:17', '2025-12-27 07:45:40'),
(131, 15, 'Restore', 'restore', 1, 0, 0, 0, '2018-07-09 04:17:17', '2025-12-27 07:45:40'),
(134, 1, 'Disable Reason', 'disable_reason', 1, 1, 1, 1, '2019-11-27 06:39:21', '2025-12-27 07:45:40'),
(135, 2, 'Fees Reminder', 'fees_reminder', 1, 0, 1, 0, '2019-10-25 00:39:49', '2025-12-27 07:45:40'),
(136, 5, 'Approve Leave', 'approve_leave', 1, 1, 1, 1, '2022-12-28 09:52:24', '2025-12-27 07:45:40'),
(137, 6, 'Exam Group', 'exam_group', 1, 1, 1, 1, '2019-10-25 01:02:34', '2025-12-27 07:45:40'),
(141, 6, 'Design Admit Card', 'design_admit_card', 1, 1, 1, 1, '2019-10-25 01:06:59', '2025-12-27 07:45:40'),
(142, 6, 'Print Admit Card', 'print_admit_card', 1, 0, 0, 0, '2019-11-23 23:57:51', '2025-12-27 07:45:40'),
(143, 6, 'Design Marksheet', 'design_marksheet', 1, 1, 1, 1, '2019-10-25 01:10:25', '2025-12-27 07:45:40'),
(144, 6, 'Print Marksheet', 'print_marksheet', 1, 0, 0, 0, '2019-10-25 01:11:02', '2025-12-27 07:45:40'),
(145, 7, 'Teachers Timetable', 'teachers_time_table', 1, 0, 0, 0, '2019-11-30 02:52:21', '2025-12-27 07:45:40'),
(146, 14, 'Student Report', 'student_report', 1, 0, 0, 0, '2019-10-25 01:27:00', '2025-12-27 07:45:40'),
(147, 14, 'Guardian Report', 'guardian_report', 1, 0, 0, 0, '2019-10-25 01:30:27', '2025-12-27 07:45:40'),
(148, 14, 'Student History', 'student_history', 1, 0, 0, 0, '2019-10-25 01:39:07', '2025-12-27 07:45:40'),
(149, 14, 'Student Login Credential Report', 'student_login_credential_report', 1, 0, 0, 0, '2019-10-25 01:39:07', '2025-12-27 07:45:40'),
(150, 14, 'Class Subject Report', 'class_subject_report', 1, 0, 0, 0, '2019-10-25 01:39:07', '2025-12-27 07:45:40'),
(151, 14, 'Admission Report', 'admission_report', 1, 0, 0, 0, '2019-10-25 01:39:07', '2025-12-27 07:45:40'),
(152, 14, 'Sibling Report', 'sibling_report', 1, 0, 0, 0, '2019-10-25 01:39:07', '2025-12-27 07:45:40'),
(153, 14, 'Homework Evaluation Report', 'homehork_evaluation_report', 1, 0, 0, 0, '2019-11-24 01:04:24', '2025-12-27 07:45:40'),
(154, 14, 'Student Profile', 'student_profile', 1, 0, 0, 0, '2019-10-25 01:39:07', '2025-12-27 07:45:40'),
(155, 14, 'Fees Statement', 'fees_statement', 1, 0, 0, 0, '2019-10-25 01:55:52', '2025-12-27 07:45:40'),
(156, 14, 'Balance Fees Report', 'balance_fees_report', 1, 0, 0, 0, '2019-10-25 01:55:52', '2025-12-27 07:45:40'),
(157, 14, 'Fees Collection Report', 'fees_collection_report', 1, 0, 0, 0, '2019-10-25 01:55:52', '2025-12-27 07:45:40'),
(158, 14, 'Online Fees Collection Report', 'online_fees_collection_report', 1, 0, 0, 0, '2019-10-25 01:55:52', '2025-12-27 07:45:40'),
(159, 14, 'Income Report', 'income_report', 1, 0, 0, 0, '2019-10-25 01:55:52', '2025-12-27 07:45:40'),
(160, 14, 'Expense Report', 'expense_report', 1, 0, 0, 0, '2019-10-25 01:55:52', '2025-12-27 07:45:40'),
(161, 14, 'PayRoll Report', 'payroll_report', 1, 0, 0, 0, '2019-10-31 00:23:22', '2025-12-27 07:45:40'),
(162, 14, 'Income Group Report', 'income_group_report', 1, 0, 0, 0, '2019-10-25 01:55:52', '2025-12-27 07:45:40'),
(163, 14, 'Expense Group Report', 'expense_group_report', 1, 0, 0, 0, '2019-10-25 01:55:52', '2025-12-27 07:45:40'),
(164, 14, 'Attendance Report', 'attendance_report', 1, 0, 0, 0, '2019-10-25 02:08:06', '2025-12-27 07:45:40'),
(165, 14, 'Staff Attendance Report', 'staff_attendance_report', 1, 0, 0, 0, '2019-10-25 02:08:06', '2025-12-27 07:45:40'),
(174, 14, 'Transport Report', 'transport_report', 1, 0, 0, 0, '2019-10-25 02:13:56', '2025-12-27 07:45:40'),
(175, 14, 'Hostel Report', 'hostel_report', 1, 0, 0, 0, '2019-11-27 06:51:53', '2025-12-27 07:45:40'),
(176, 14, 'Audit Trail Report', 'audit_trail_report', 1, 0, 0, 0, '2019-10-25 02:16:39', '2025-12-27 07:45:40'),
(177, 14, 'User Log', 'user_log', 1, 0, 0, 0, '2019-10-25 02:19:27', '2025-12-27 07:45:40'),
(178, 14, 'Book Issue Report', 'book_issue_report', 1, 0, 0, 0, '2019-10-25 02:29:04', '2025-12-27 07:45:40'),
(179, 14, 'Book Due Report', 'book_due_report', 1, 0, 0, 0, '2019-10-25 02:29:04', '2025-12-27 07:45:40'),
(180, 14, 'Book Inventory Report', 'book_inventory_report', 1, 0, 0, 0, '2019-10-25 02:29:04', '2025-12-27 07:45:40'),
(181, 14, 'Stock Report', 'stock_report', 1, 0, 0, 0, '2019-10-25 02:31:28', '2025-12-27 07:45:40'),
(182, 14, 'Add Item Report', 'add_item_report', 1, 0, 0, 0, '2019-10-25 02:31:28', '2025-12-27 07:45:40'),
(183, 14, 'Issue Item Report', 'issue_item_report', 1, 0, 0, 0, '2019-11-29 03:48:06', '2025-12-27 07:45:40'),
(185, 23, 'Online Examination', 'online_examination', 1, 1, 1, 1, '2019-11-23 23:54:50', '2025-12-27 07:45:40'),
(186, 23, 'Question Bank', 'question_bank', 1, 1, 1, 1, '2019-11-23 23:55:18', '2025-12-27 07:45:40'),
(187, 6, 'Exam Result', 'exam_result', 1, 0, 0, 0, '2019-11-23 23:58:50', '2025-12-27 07:45:40'),
(188, 7, 'Subject Group', 'subject_group', 1, 1, 1, 1, '2019-11-24 00:34:32', '2025-12-27 07:45:40'),
(189, 18, 'Teachers Rating', 'teachers_rating', 1, 0, 1, 1, '2019-11-24 03:12:54', '2025-12-27 07:45:40'),
(190, 22, 'Fees Awaiting Payment Widegts', 'fees_awaiting_payment_widegts', 1, 0, 0, 0, '2019-11-24 00:52:51', '2025-12-27 07:45:40'),
(191, 22, 'Converted Leads Widegts', 'conveted_leads_widegts', 1, 0, 0, 0, '2025-02-13 09:03:14', '2025-12-27 07:45:40'),
(192, 22, 'Fees Overview Widegts', 'fees_overview_widegts', 1, 0, 0, 0, '2019-11-24 00:57:41', '2025-12-27 07:45:40'),
(193, 22, 'Enquiry Overview Widegts', 'enquiry_overview_widegts', 1, 0, 0, 0, '2019-12-02 05:06:09', '2025-12-27 07:45:40'),
(194, 22, 'Library Overview Widegts', 'book_overview_widegts', 1, 0, 0, 0, '2019-12-01 01:13:04', '2025-12-27 07:45:40'),
(195, 22, 'Student Today Attendance Widegts', 'today_attendance_widegts', 1, 0, 0, 0, '2019-12-03 04:57:45', '2025-12-27 07:45:40'),
(196, 6, 'Marks Import', 'marks_import', 1, 0, 0, 0, '2019-11-24 01:02:11', '2025-12-27 07:45:40'),
(197, 14, 'Student Attendance Type Report', 'student_attendance_type_report', 1, 0, 0, 0, '2019-11-24 01:06:32', '2025-12-27 07:45:40'),
(200, 14, 'Online Exam Wise Report', 'online_exam_wise_report', 1, 0, 0, 0, '2019-11-24 01:18:14', '2025-12-27 07:45:40'),
(201, 14, 'Online Exams Report', 'online_exams_report', 1, 0, 0, 0, '2019-11-29 02:48:05', '2025-12-27 07:45:40'),
(202, 14, 'Online Exams Attempt Report', 'online_exams_attempt_report', 1, 0, 0, 0, '2019-11-29 02:46:24', '2025-12-27 07:45:40'),
(203, 14, 'Online Exams Rank Report', 'online_exams_rank_report', 1, 0, 0, 0, '2019-11-24 01:22:25', '2025-12-27 07:45:40'),
(204, 14, 'Staff Report', 'staff_report', 1, 0, 0, 0, '2019-11-24 01:25:27', '2025-12-27 07:45:40'),
(205, 6, 'Exam', 'exam', 1, 1, 1, 1, '2019-11-24 04:55:48', '2025-12-27 07:45:40'),
(207, 6, 'Exam Publish', 'exam_publish', 1, 0, 0, 0, '2019-11-24 05:15:04', '2025-12-27 07:45:40'),
(208, 6, 'Link Exam', 'link_exam', 1, 0, 1, 0, '2019-11-24 05:15:04', '2025-12-27 07:45:40'),
(210, 6, 'Assign / View student', 'exam_assign_view_student', 1, 0, 1, 0, '2019-11-24 05:15:04', '2025-12-27 07:45:40'),
(211, 6, 'Exam Subject', 'exam_subject', 1, 0, 1, 0, '2019-11-24 05:15:04', '2025-12-27 07:45:40'),
(212, 6, 'Exam Marks', 'exam_marks', 1, 0, 1, 0, '2019-11-24 05:15:04', '2025-12-27 07:45:40'),
(213, 15, 'Language Switcher', 'language_switcher', 1, 0, 0, 0, '2019-11-24 05:17:11', '2025-12-27 07:45:40'),
(214, 23, 'Add Questions in Exam ', 'add_questions_in_exam', 1, 0, 1, 0, '2019-11-28 01:38:57', '2025-12-27 07:45:40'),
(215, 15, 'Custom Fields', 'custom_fields', 1, 0, 0, 0, '2019-11-29 04:08:35', '2025-12-27 07:45:40'),
(216, 15, 'System Fields', 'system_fields', 1, 0, 0, 0, '2019-11-25 00:15:01', '2025-12-27 07:45:40'),
(217, 13, 'SMS', 'sms', 1, 0, 0, 0, '2018-06-22 10:40:54', '2025-12-27 07:45:40'),
(219, 14, 'Student / Period Attendance Report', 'student_period_attendance_report', 1, 0, 0, 0, '2019-11-29 02:19:31', '2025-12-27 07:45:40'),
(220, 14, 'Biometric Attendance Log', 'biometric_attendance_log', 1, 0, 0, 0, '2019-11-27 05:59:16', '2025-12-27 07:45:40'),
(221, 14, 'Book Issue Return Report', 'book_issue_return_report', 1, 0, 0, 0, '2019-11-27 06:30:23', '2025-12-27 07:45:40'),
(222, 23, 'Assign / View Student', 'online_assign_view_student', 1, 0, 1, 0, '2019-11-28 04:20:22', '2025-12-27 07:45:40'),
(223, 14, 'Rank Report', 'rank_report', 1, 0, 0, 0, '2019-11-29 02:30:21', '2025-12-27 07:45:40'),
(224, 25, 'Chat', 'chat', 1, 0, 0, 0, '2019-11-29 04:10:28', '2025-12-27 07:45:40'),
(226, 22, 'Income Donut Graph', 'income_donut_graph', 1, 0, 0, 0, '2019-11-29 05:00:33', '2025-12-27 07:45:40'),
(227, 22, 'Expense Donut Graph', 'expense_donut_graph', 1, 0, 0, 0, '2019-11-29 05:01:10', '2025-12-27 07:45:40'),
(228, 9, 'Import Book', 'import_book', 1, 0, 0, 0, '2019-11-29 06:21:01', '2025-12-27 07:45:40'),
(229, 22, 'Staff Present Today Widegts', 'staff_present_today_widegts', 1, 0, 0, 0, '2019-11-29 06:48:00', '2025-12-27 07:45:40'),
(230, 22, 'Student Present Today Widegts', 'student_present_today_widegts', 1, 0, 0, 0, '2019-11-29 06:47:42', '2025-12-27 07:45:40'),
(231, 26, 'Multi Class Student', 'multi_class_student', 1, 1, 1, 1, '2020-10-05 08:56:27', '2025-12-27 07:45:40'),
(232, 27, 'Online Admission', 'online_admission', 1, 0, 1, 1, '2019-12-02 06:11:10', '2025-12-27 07:45:40'),
(233, 15, 'Print Header Footer', 'print_header_footer', 1, 0, 0, 0, '2020-02-12 02:02:02', '2025-12-27 07:45:40'),
(234, 28, 'Manage Alumni', 'manage_alumni', 1, 1, 1, 1, '2020-06-02 03:15:46', '2025-12-27 07:45:40'),
(235, 28, 'Events', 'events', 1, 1, 1, 1, '2020-05-28 21:48:52', '2025-12-27 07:45:40'),
(236, 29, 'Manage Lesson Plan', 'manage_lesson_plan', 1, 1, 1, 0, '2020-05-28 22:17:37', '2025-12-27 07:45:40'),
(237, 29, 'Manage Syllabus Status', 'manage_syllabus_status', 1, 0, 1, 0, '2020-05-28 22:20:11', '2025-12-27 07:45:40'),
(238, 29, 'Lesson', 'lesson', 1, 1, 1, 1, '2020-05-28 22:20:11', '2025-12-27 07:45:40'),
(239, 29, 'Topic', 'topic', 1, 1, 1, 1, '2020-05-28 22:20:11', '2025-12-27 07:45:40'),
(240, 14, 'Syllabus Status Report', 'syllabus_status_report', 1, 0, 0, 0, '2020-05-28 23:17:54', '2025-12-27 07:45:40'),
(241, 14, 'Subject Lesson Plan Report', 'subject_lesson_plan_report', 1, 0, 0, 0, '2020-05-28 23:17:54', '2025-12-27 07:46:57'),
(242, 14, 'Alumni Report', 'alumni_report', 1, 0, 0, 0, '2020-06-07 23:59:54', '2025-12-27 07:45:40'),
(243, 15, 'Student Profile Update', 'student_profile_update', 1, 0, 0, 0, '2020-08-21 05:36:33', '2025-12-27 07:45:40'),
(244, 14, 'Student Gender Ratio Report', 'student_gender_ratio_report', 1, 0, 0, 0, '2020-08-22 12:37:51', '2025-12-27 07:45:40'),
(245, 14, 'Student Teacher Ratio Report', 'student_teacher_ratio_report', 1, 0, 0, 0, '2020-08-22 12:42:27', '2025-12-27 07:45:40'),
(246, 14, 'Daily Attendance Report', 'daily_attendance_report', 1, 0, 0, 0, '2020-08-22 12:43:16', '2025-12-27 07:45:40'),
(247, 23, 'Import Question', 'import_question', 1, 0, 0, 0, '2019-11-23 18:25:18', '2025-12-27 07:45:40'),
(248, 20, 'Staff ID Card', 'staff_id_card', 1, 1, 1, 1, '2018-07-06 10:41:28', '2025-12-27 07:45:40'),
(249, 20, 'Generate Staff ID Card', 'generate_staff_id_card', 1, 0, 0, 0, '2018-07-06 10:41:49', '2025-12-27 07:45:40'),
(250, 19, 'Daily Assignment', 'daily_assignment', 1, 0, 0, 0, '2022-03-02 07:28:23', '2025-12-27 07:45:40'),
(251, 6, 'Marks Division', 'marks_division', 1, 1, 1, 1, '2022-07-01 15:24:16', '2025-12-27 07:45:40'),
(252, 13, 'Schedule Email SMS Log', 'schedule_email_sms_log', 1, 0, 1, 1, '2022-07-09 11:25:16', '2025-12-27 07:46:57'),
(253, 13, 'Login Credentials Send', 'login_credentials_send', 1, 0, 0, 0, '2022-07-01 15:46:10', '2025-12-27 07:45:40'),
(254, 13, 'Email Template', 'email_template', 1, 1, 1, 1, '2022-07-01 15:46:10', '2025-12-27 07:45:40'),
(255, 13, 'SMS Template', 'sms_template', 1, 1, 1, 1, '2022-07-01 15:46:10', '2025-12-27 07:45:40'),
(256, 14, 'Balance Fees Report With Remark', 'balance_fees_report_with_remark', 1, 0, 0, 0, '2019-10-25 01:55:52', '2025-12-27 07:45:40'),
(257, 14, 'Balance Fees Statement', 'balance_fees_statement', 1, 0, 0, 0, '2019-10-25 01:55:52', '2025-12-27 07:45:40'),
(258, 14, 'Daily Collection Report', 'daily_collection_report', 1, 0, 0, 0, '2019-10-25 01:55:52', '2025-12-27 07:45:40'),
(259, 11, 'Fees Master', 'transport_fees_master', 1, 0, 1, 0, '2022-07-05 09:29:19', '2025-12-27 07:45:40'),
(260, 11, 'Pickup Point', 'pickup_point', 1, 1, 1, 1, '2022-07-04 09:50:08', '2025-12-27 07:45:40'),
(261, 11, 'Route Pickup Point', 'route_pickup_point', 1, 1, 1, 1, '2022-07-04 09:50:08', '2025-12-27 07:45:40'),
(262, 11, 'Student Transport Fees', 'student_transport_fees', 1, 1, 1, 0, '2022-07-05 10:15:55', '2025-12-27 07:45:40'),
(263, 29, 'Comments', 'lesson_plan_comments', 1, 1, 0, 1, '2020-05-28 22:20:11', '2025-12-27 07:45:40'),
(264, 15, 'Sidebar Menu', 'sidebar_menu', 1, 0, 0, 0, '2022-07-11 12:01:17', '2025-12-27 07:45:40'),
(265, 15, 'Currency', 'currency', 1, 0, 0, 0, '2020-08-21 05:36:33', '2025-12-27 07:45:40'),
(266, 6, 'Exam Schedule', 'exam_schedule', 1, 0, 0, 0, '2019-11-23 23:58:50', '2025-12-27 07:45:40'),
(267, 6, 'Generate Rank', 'generate_rank', 1, 0, 0, 0, '2019-11-24 05:15:04', '2025-12-27 07:45:40'),
(268, 8, 'Content Type', 'content_type', 1, 1, 1, 1, '2022-07-08 05:18:54', '2025-12-27 07:45:40'),
(269, 8, 'Content Share List', 'content_share_list', 1, 0, 0, 1, '2022-07-08 05:18:58', '2025-12-27 07:45:40'),
(270, 8, 'Video Tutorial', 'video_tutorial', 1, 1, 1, 1, '2022-07-08 05:19:01', '2025-12-27 07:45:40'),
(271, 15, 'Currency Switcher', 'currency_switcher', 1, 0, 0, 0, '2019-11-24 05:17:11', '2025-12-27 07:45:40'),
(272, 2, 'Offline Bank Payments', 'offline_bank_payments', 1, 0, 0, 0, '2018-06-27 00:18:15', '2025-12-27 07:45:40'),
(273, 29, 'Copy Old Lessons', 'copy_old_lesson', 1, 0, 0, 0, '2020-05-28 22:20:11', '2025-12-27 07:45:40'),
(274, 30, 'Annual Calendar', 'annual_calendar', 1, 1, 1, 1, '2020-05-28 22:20:11', '2025-12-27 07:45:40'),
(275, 30, 'Holiday Type', 'holiday_type', 1, 1, 1, 1, '2024-10-14 12:31:14', '2025-12-27 07:45:40'),
(276, 14, 'Online Admission Report', 'online_admission_report', 1, 0, 0, 0, '2020-08-22 12:42:27', '2025-12-27 07:45:40'),
(277, 31, 'Download CV', 'download_cv', 1, 0, 0, 0, '2024-12-10 11:06:30', '2025-12-27 07:45:40'),
(278, 31, 'Build CV', 'build_cv', 1, 1, 0, 1, '2024-12-13 07:05:10', '2025-12-27 07:45:40'),
(279, 31, 'Setting', 'download_cv_setting', 1, 0, 0, 0, '2024-12-10 11:06:30', '2025-12-27 07:45:40'),
(280, 22, 'Student Head Count Widget', 'student_head_count_widget', 1, 0, 0, 0, '2018-07-03 07:13:35', '2025-12-27 07:45:40'),
(281, 22, 'Staff Approved Leave Widegts', 'staff_approved_leave_widegts', 1, 0, 0, 0, '2018-07-03 07:13:35', '2025-12-27 07:45:40'),
(282, 22, 'Student Approved Leave Widegts', 'student_approved_leave_widegts', 1, 0, 0, 0, '2018-07-03 07:13:35', '2025-12-27 07:45:40'),
(283, 14, 'Income Expense Balance Report', 'income_expense_balance_report', 1, 0, 0, 0, '2019-10-24 23:55:52', '2025-10-03 11:54:07'),
(284, 14, 'Due Fees Report', 'due_fees_report', 1, 0, 0, 0, '2019-10-24 23:55:52', '2025-10-03 11:54:07'),
(285, 14, 'Homework Marks Report', 'homework_marks_report', 1, 0, 0, 0, '2019-11-24 00:04:24', '2025-10-03 11:54:07'),
(286, 14, 'Online Admission Fees Collection Report', 'online_admission_fees_collection_report', 1, 0, 0, 0, '2019-10-24 23:55:52', '2025-10-03 11:54:07'),
(288, 14, 'Class Section Report', 'class_section_report', 1, 0, 0, 0, '2019-10-24 23:27:00', '2025-10-03 11:54:07'),
(289, 20, 'Download Transfer Certificate', 'download_tc', 1, 0, 0, 0, '2024-12-10 10:06:30', '2025-10-03 11:54:07'),
(290, 20, 'Build Transfer Certificate', 'prepare_tc', 1, 0, 0, 0, '2024-12-10 10:06:30', '2025-10-03 11:54:07'),
(291, 20, 'Transfer Certificate Settings', 'tc_settings', 1, 0, 0, 0, '2024-12-10 10:06:30', '2025-10-03 11:54:07'),
(292, 20, 'Verify Transfer Certificate', 'verify_tc', 1, 0, 0, 0, '2024-12-10 10:06:30', '2025-10-03 11:54:07'),
(293, 14, 'Leave Request Report', 'staff_leave_request_report', 1, 0, 0, 0, '2019-10-24 23:39:07', '2025-10-03 11:54:07'),
(294, 14, 'My Leave Request Report', 'my_leave_request_report', 1, 0, 0, 0, '2019-10-24 23:39:07', '2025-10-03 11:54:07'),
(5001, 500, 'Setting', 'setting', 1, 0, 1, 0, '2020-06-10 13:39:04', '2026-04-29 12:42:24'),
(5002, 500, 'Live Classes', 'live_classes', 1, 1, 0, 1, '2020-05-31 15:41:32', '2026-04-29 12:42:24'),
(5003, 500, 'Live Meeting', 'live_meeting', 1, 1, 0, 1, '2020-06-01 12:41:41', '2026-04-29 12:42:24'),
(5004, 500, 'Live Meeting Report', 'live_meeting_report', 1, 0, 0, 0, '2020-06-10 05:07:40', '2026-04-29 12:42:24'),
(5005, 500, 'Live Classes Report', 'live_classes_report', 1, 0, 0, 0, '2020-06-10 06:29:53', '2026-04-29 12:42:24'),
(6001, 600, 'Live Classes', 'gmeet_live_classes', 1, 1, 0, 1, '2020-09-22 10:03:29', '2026-04-29 12:37:26'),
(6002, 600, 'Live Meeting', 'gmeet_live_meeting', 1, 1, 0, 1, '2020-09-22 10:03:44', '2026-04-29 12:37:26'),
(6003, 600, 'Live Meeting Report', 'gmeet_live_meeting_report', 1, 0, 0, 0, '2020-09-22 10:03:57', '2026-04-29 12:37:26'),
(6004, 600, 'Live Classes Report', 'gmeet_live_classes_report', 1, 0, 0, 0, '2020-09-22 10:04:08', '2026-04-29 12:37:26'),
(6005, 600, 'Setting', 'gmeet_setting', 1, 0, 1, 0, '2020-09-22 10:04:08', '2026-04-29 12:37:26'),
(7001, 700, 'Online Course', 'online_course', 1, 1, 1, 1, '2019-11-23 18:25:18', '2026-04-29 12:37:42'),
(7002, 700, 'Course Publish', 'course_publish', 1, 0, 0, 0, '2019-11-23 18:25:18', '2026-04-29 12:37:42'),
(7003, 700, 'Course Section', 'online_course_section', 1, 1, 1, 1, '2021-05-17 05:26:33', '2026-04-29 12:37:42'),
(7004, 700, 'Course Lesson', 'online_course_lesson', 1, 1, 1, 1, '2021-05-17 05:26:24', '2026-04-29 12:37:42'),
(7005, 700, 'Course Quiz', 'online_course_quiz', 1, 1, 1, 1, '2021-05-17 05:26:20', '2026-04-29 12:37:42'),
(7006, 700, 'Offline Payment', 'online_course_offline_payment', 1, 1, 0, 0, '2021-05-17 05:26:17', '2026-04-29 12:37:42'),
(7007, 700, 'Student Course Purchase Report', 'student_course_purchase_report', 1, 0, 0, 0, '2021-05-17 05:25:56', '2026-04-29 12:37:42'),
(7008, 700, 'Course Sell Count Report', 'course_sell_count_report', 1, 0, 0, 0, '2021-05-17 05:25:52', '2026-04-29 12:37:42'),
(7009, 700, 'Course Trending Report', 'course_trending_report', 1, 0, 0, 0, '2021-05-17 05:25:49', '2026-04-29 12:37:42'),
(7010, 700, 'Course Complete Report', 'course_complete_report', 1, 0, 0, 0, '2021-05-17 05:25:42', '2026-04-29 12:37:42'),
(7011, 700, 'Setting', 'online_course_setting', 1, 0, 0, 0, '2021-05-17 05:25:37', '2026-04-29 12:37:42'),
(7012, 700, 'Course Rating Report', 'course_rating_report', 1, 0, 0, 1, '2022-06-14 11:24:57', '2026-04-29 12:37:42'),
(7013, 700, 'Guest Report', 'guest_report', 1, 0, 1, 1, '2022-06-14 11:33:09', '2026-04-29 12:37:42'),
(7014, 700, 'Course Category', 'course_category', 1, 1, 1, 1, '2019-11-23 18:25:18', '2026-04-29 12:37:42'),
(7015, 700, 'Question Bank', 'online_course_question_bank', 1, 1, 1, 1, '2024-12-24 06:47:52', '2026-04-29 12:37:42'),
(7016, 700, 'Question Tag', 'online_course_question_tag', 1, 1, 1, 1, '2024-12-24 06:47:59', '2026-04-29 12:37:42'),
(7017, 700, 'Course Exam', 'online_course_exam', 1, 1, 1, 1, '2021-05-17 05:26:24', '2026-04-29 12:37:42'),
(7018, 700, 'Course Assignment', 'online_course_assignment', 1, 1, 1, 1, '2021-05-17 05:26:33', '2026-04-29 12:37:42'),
(7019, 700, 'Course Add Questions in Exam ', 'online_course_add_questions_in_exam', 1, 0, 1, 1, '2024-12-25 11:48:07', '2026-04-29 12:37:42'),
(7020, 700, 'Course Evalute Assignment', 'online_course_evalute_assignment', 1, 1, 0, 0, '2024-12-25 10:16:20', '2026-04-29 12:37:42'),
(7021, 700, 'Course Assignment Report', 'course_assignment_report', 1, 0, 0, 0, '2025-01-06 11:16:36', '2026-04-29 12:37:42'),
(7022, 700, 'Course Exam Result Report', 'course_exam_result_report', 1, 0, 0, 0, '2025-01-06 11:16:33', '2026-04-29 12:37:42'),
(7023, 700, 'Course Exam Report', 'course_exam_report', 1, 0, 0, 0, '2025-01-06 11:16:27', '2026-04-29 12:37:42'),
(7024, 700, 'Course Exam Attempt Report', 'course_exam_attempt_report', 1, 0, 0, 0, '2025-01-06 11:16:24', '2026-04-29 12:37:42'),
(7025, 700, 'Course Certificate Template', 'course_certificate_template', 1, 1, 1, 1, '2025-01-06 10:16:24', '2025-10-04 06:41:15'),
(8001, 800, 'Behaviour Records Assign Incident', 'behaviour_records_assign_incident', 1, 1, 0, 1, '2022-05-03 08:56:15', '2026-04-29 12:35:03'),
(8002, 800, 'Behaviour Records Incident', 'behaviour_records_incident', 1, 1, 1, 1, '2022-05-03 07:25:10', '2026-04-29 12:35:03'),
(8003, 800, 'Student Incident Report', 'student_incident_report', 1, 0, 0, 0, '2022-05-03 07:24:48', '2026-04-29 12:35:03'),
(8004, 800, 'Student Behaviour Rank Report', 'student_behaviour_rank_report', 1, 0, 0, 0, '2022-05-03 07:24:45', '2026-04-29 12:35:03'),
(8005, 800, 'Class Wise Rank Report', 'class_wise_rank_report', 1, 0, 0, 0, '2022-05-03 07:24:37', '2026-04-29 12:35:03'),
(8006, 800, 'Class Section Wise Rank Report', 'class_section_wise_rank_report', 1, 0, 0, 0, '2022-05-03 07:24:33', '2026-04-29 12:35:03'),
(8007, 800, 'House Wise Rank Report', 'house_wise_rank_report', 1, 0, 0, 0, '2022-05-03 07:24:30', '2026-04-29 12:35:03'),
(8008, 800, 'Incident Wise Report', 'incident_wise_report', 1, 0, 0, 0, '2022-05-03 07:24:26', '2026-04-29 12:35:03'),
(8009, 800, 'Behaviour Records Setting', 'behaviour_records_setting', 1, 0, 1, 0, '2022-05-03 07:24:05', '2026-04-29 12:35:03'),
(9001, 900, 'CBSE Exam', 'cbse_exam', 1, 1, 1, 1, '2022-11-03 08:58:30', '2026-04-29 12:35:42'),
(9002, 900, 'CBSE Exam Schedule', 'cbse_exam_schedule', 1, 0, 0, 0, '2023-05-09 11:01:34', '2026-04-29 12:35:42'),
(9003, 900, 'CBSE Exam Assign / View Student', 'cbse_exam_assign_view_student', 1, 0, 1, 0, '2022-11-03 09:18:15', '2026-04-29 12:35:42'),
(9004, 900, 'CBSE Exam Subjects', 'cbse_exam_subjects', 1, 0, 1, 0, '2022-11-04 08:01:41', '2026-04-29 12:35:42'),
(9005, 900, 'CBSE Exam Marks', 'cbse_exam_marks', 1, 0, 1, 0, '2022-11-03 09:18:24', '2026-04-29 12:35:42'),
(9006, 900, 'CBSE Exam Attendance', 'cbse_exam_attendance', 1, 0, 1, 0, '2022-11-03 09:18:28', '2026-04-29 12:35:42'),
(9007, 900, 'CBSE Exam Teacher Remark', 'cbse_exam_teacher_remark', 1, 0, 1, 0, '2022-11-03 09:18:32', '2026-04-29 12:35:42'),
(9008, 900, 'CBSE Exam Print Marksheet', 'cbse_exam_print_marksheet', 1, 0, 0, 0, '2022-11-03 09:18:43', '2026-04-29 12:35:42'),
(9009, 900, 'CBSE Exam Grade', 'cbse_exam_grade', 1, 1, 1, 1, '2022-11-03 09:18:46', '2026-04-29 12:35:42'),
(9010, 900, 'CBSE Exam Assign Observation', 'cbse_exam_assign_observation', 1, 1, 1, 1, '2023-05-08 12:33:23', '2026-04-29 12:35:42'),
(9011, 900, 'CBSE Exam Observation', 'cbse_exam_observation', 1, 1, 1, 1, '2023-05-09 10:57:16', '2026-04-29 12:35:42'),
(9012, 900, 'CBSE Exam Observation Parameter', 'cbse_exam_observation_parameter', 1, 1, 1, 1, '2023-05-09 11:01:54', '2026-04-29 12:35:42'),
(9013, 900, 'CBSE Exam Assessment', 'cbse_exam_assessment', 1, 1, 1, 1, '2023-05-09 11:01:51', '2026-04-29 12:35:42'),
(9014, 900, 'CBSE Exam Term', 'cbse_exam_term', 1, 1, 1, 1, '2023-05-09 11:01:47', '2026-04-29 12:35:42'),
(9015, 900, 'CBSE Exam Template', 'cbse_exam_template', 1, 1, 1, 1, '2023-05-09 11:01:43', '2026-04-29 12:35:42'),
(9016, 900, 'CBSE Exam Link Exam', 'cbse_exam_link_exam', 1, 0, 0, 0, '2023-05-09 11:01:40', '2026-04-29 12:35:42'),
(9017, 900, 'CBSE Exam Subject Marks Report', 'subject_marks_report', 1, 0, 0, 0, '2023-05-09 11:01:38', '2026-04-29 12:35:42'),
(9018, 900, 'CBSE Exam Template Marks Report', 'template_marks_report', 1, 0, 0, 0, '2023-05-09 11:01:34', '2026-04-29 12:35:42'),
(9019, 900, 'CBSE Exam Setting', 'cbse_exam_setting', 1, 0, 0, 0, '2023-07-03 05:24:57', '2026-04-29 12:35:42'),
(9020, 900, 'CBSE Exam Generate Rank', 'cbse_exam_generate_rank', 1, 0, 0, 0, '2023-07-03 05:24:57', '2026-04-29 12:35:42'),
(9021, 900, 'CBSE Exam Design Admit Card', 'cbse_exam_admit_card', 1, 1, 1, 1, '2023-07-03 03:24:57', '2025-10-04 06:41:15'),
(9022, 900, 'CBSE Exam Print Admit Card', 'cbse_exam_print_admit_card', 1, 0, 0, 0, '2023-07-03 03:24:57', '2025-10-04 06:41:15'),
(9023, 900, 'CBSE Exam Category', 'cbse_exam_category', 1, 1, 1, 1, '2023-07-03 03:24:57', '2025-10-04 06:41:15'),
(11001, 1100, 'Setting', 'google_authenticate_setting', 1, 0, 0, 0, '2018-07-06 10:41:49', '2026-04-29 12:40:36'),
(11002, 1100, 'Setup 2FA', 'google_authenticate_setup_two_fa', 1, 0, 0, 0, '2018-07-06 10:41:49', '2026-04-29 12:40:36'),
(12001, 1200, 'Attendance', 'qr_code_attendance', 1, 0, 0, 0, '2023-12-11 12:34:11', '2026-04-29 12:32:39'),
(12002, 1200, 'Setting', 'qr_code_setting', 1, 0, 0, 0, '2023-12-11 12:34:25', '2026-04-29 12:32:39'),
(13001, 1300, 'Quick Fees Create', 'quick_fees', 1, 1, 0, 1, '2024-12-18 08:12:35', '2026-04-29 12:34:20'),
(14001, 1400, 'Thermal Print', 'thermal_print', 1, 0, 0, 0, '2024-12-18 08:12:35', '2026-04-29 12:38:41'),
(15001, 1500, 'Whatsapp Messaging', 'whatsapp_messaging', 1, 0, 0, 0, '2024-12-18 07:12:35', '2025-10-04 06:41:15');

-- --------------------------------------------------------

--
-- Structure de la table `permission_group`
--

CREATE TABLE `permission_group` (
  `id` int(11) NOT NULL,
  `name` varchar(100) DEFAULT NULL,
  `short_code` varchar(100) NOT NULL,
  `is_active` int(11) DEFAULT 0,
  `system` int(11) NOT NULL,
  `created_at` timestamp NOT NULL DEFAULT current_timestamp(),
  `updated_at` timestamp NOT NULL DEFAULT current_timestamp() ON UPDATE current_timestamp()
) ENGINE=InnoDB DEFAULT CHARSET=utf8mb3 COLLATE=utf8mb3_uca1400_ai_ci;

--
-- Déchargement des données de la table `permission_group`
--

INSERT INTO `permission_group` (`id`, `name`, `short_code`, `is_active`, `system`, `created_at`, `updated_at`) VALUES
(1, 'Student Information', 'student_information', 1, 1, '2019-03-15 09:30:22', '2025-12-27 07:45:40'),
(2, 'Fees Collection', 'fees_collection', 1, 0, '2020-06-11 00:51:35', '2025-12-27 07:45:40'),
(3, 'Income', 'income', 1, 0, '2020-06-01 01:57:39', '2025-12-27 07:45:40'),
(4, 'Expense', 'expense', 1, 0, '2019-03-15 09:06:22', '2025-12-27 07:45:40'),
(5, 'Student Attendance', 'student_attendance', 1, 0, '2018-07-02 07:48:08', '2025-12-27 07:45:40'),
(6, 'Examination', 'examination', 1, 0, '2018-07-11 02:49:08', '2025-12-27 07:45:40'),
(7, 'Academics', 'academics', 1, 1, '2018-07-02 07:25:43', '2025-12-27 07:45:40'),
(8, 'Download Center', 'download_center', 1, 0, '2018-07-02 07:49:29', '2025-12-27 07:45:40'),
(9, 'Library', 'library', 0, 0, '2018-06-28 11:13:14', '2026-04-30 13:47:20'),
(10, 'Inventory', 'inventory', 0, 0, '2018-06-27 00:48:58', '2026-04-30 13:47:30'),
(11, 'Transport', 'transport', 1, 0, '2018-06-27 07:51:26', '2025-12-27 07:45:40'),
(12, 'Hostel', 'hostel', 0, 0, '2018-07-02 07:49:32', '2026-04-30 13:46:41'),
(13, 'Communicate', 'communicate', 1, 0, '2018-07-02 07:50:00', '2025-12-27 07:45:40'),
(14, 'Reports', 'reports', 1, 1, '2018-06-27 03:40:22', '2025-12-27 07:45:40'),
(15, 'System Settings', 'system_settings', 1, 1, '2018-06-27 03:40:28', '2025-12-27 07:45:40'),
(16, 'Front CMS', 'front_cms', 1, 0, '2018-07-10 05:16:54', '2025-12-27 07:45:40'),
(17, 'Front Office', 'front_office', 1, 0, '2018-06-27 03:45:30', '2025-12-27 07:45:40'),
(18, 'Human Resource', 'human_resource', 1, 1, '2018-06-27 03:41:02', '2025-12-27 07:45:40'),
(19, 'Homework', 'homework', 1, 0, '2018-06-27 00:49:38', '2025-12-27 07:45:40'),
(20, 'Certificate', 'certificate', 1, 0, '2018-06-27 07:51:29', '2025-12-27 07:45:40'),
(21, 'Calendar To Do List', 'calendar_to_do_list', 1, 0, '2019-03-15 09:06:25', '2025-12-27 07:45:40'),
(22, 'Dashboard and Widgets', 'dashboard_and_widgets', 1, 1, '2018-06-27 03:41:17', '2025-12-27 07:45:40'),
(23, 'Online Examination', 'online_examination', 1, 0, '2020-06-01 02:25:36', '2025-12-27 07:45:40'),
(25, 'Chat', 'chat', 1, 0, '2019-11-23 23:54:04', '2025-12-27 07:45:40'),
(26, 'Multi Class', 'multi_class', 1, 0, '2019-11-27 12:14:14', '2025-12-27 07:45:40'),
(27, 'Online Admission', 'online_admission', 1, 0, '2019-11-27 02:42:13', '2025-12-27 07:45:40'),
(28, 'Alumni', 'alumni', 1, 0, '2020-05-29 00:26:38', '2025-12-27 07:45:40'),
(29, 'Lesson Plan', 'lesson_plan', 1, 0, '2020-06-07 05:38:30', '2025-12-27 07:45:40'),
(30, 'Annual Calendar', 'annual_calendar', 1, 0, '2024-10-22 10:45:56', '2025-12-27 07:45:40'),
(31, 'Student CV', 'student_cv', 1, 0, '2024-12-13 11:54:57', '2025-12-27 07:45:40'),
(500, 'Zoom Live Classes', 'zoom_live_classes', 1, 0, '2020-06-10 13:37:23', '2026-04-29 12:42:24'),
(600, 'Gmeet Live Classes', 'gmeet_live_classes', 1, 0, '2020-11-12 13:37:03', '2026-04-29 12:37:26'),
(700, 'Online Course', 'online_course', 1, 0, '2021-05-15 11:35:53', '2026-04-29 12:37:42'),
(800, 'Behaviour Records', 'behaviour_records', 1, 0, '2022-05-03 10:20:33', '2026-04-29 12:35:03'),
(900, 'CBSE Examination', 'cbseexam', 1, 0, '2023-05-25 12:04:56', '2026-04-29 12:35:42'),
(1100, 'Two Factor Authenticator', 'google_authenticator', 0, 0, '2022-11-17 10:53:36', '2026-04-30 13:47:02'),
(1200, 'QR Code Attendence', 'qr_code_attendence', 1, 0, '2023-12-13 09:21:57', '2026-04-29 12:32:39'),
(1300, 'Quick Fees Create', 'quick_fees', 1, 0, '2024-12-18 08:12:58', '2026-04-29 12:34:20'),
(1400, 'Thermal Print', 'thermal_print', 1, 0, '2025-01-10 05:36:34', '2026-04-29 12:38:41'),
(1500, 'Whatsapp Messaging', 'whatsapp_messaging', 1, 0, '2025-01-10 04:36:34', '2025-10-04 06:41:15');

-- --------------------------------------------------------

--
-- Structure de la table `permission_student`
--

CREATE TABLE `permission_student` (
  `id` int(11) NOT NULL,
  `name` varchar(100) DEFAULT NULL,
  `short_code` varchar(100) NOT NULL,
  `system` int(11) NOT NULL,
  `student` int(11) NOT NULL,
  `parent` int(11) NOT NULL,
  `group_id` int(11) DEFAULT NULL,
  `created_at` timestamp NOT NULL DEFAULT current_timestamp(),
  `updated_at` timestamp NOT NULL DEFAULT current_timestamp() ON UPDATE current_timestamp()
) ENGINE=InnoDB DEFAULT CHARSET=utf8mb3 COLLATE=utf8mb3_uca1400_ai_ci;

--
-- Déchargement des données de la table `permission_student`
--

INSERT INTO `permission_student` (`id`, `name`, `short_code`, `system`, `student`, `parent`, `group_id`, `created_at`, `updated_at`) VALUES
(1, 'Fees', 'fees', 0, 1, 1, 2, '2020-06-11 00:51:35', '2025-12-27 07:45:40'),
(2, 'Class Timetable', 'class_timetable', 1, 1, 1, 7, '2020-05-30 19:57:50', '2025-12-27 07:45:40'),
(3, 'Homework', 'homework', 0, 1, 1, 19, '2020-06-01 02:49:14', '2025-12-27 07:45:40'),
(4, 'Download Center', 'download_center', 0, 1, 1, 8, '2020-06-01 02:52:49', '2025-12-27 07:45:40'),
(5, 'Attendance', 'attendance', 0, 1, 1, 5, '2020-06-01 02:57:18', '2025-12-27 07:45:40'),
(7, 'Examinations', 'examinations', 0, 1, 1, 6, '2020-06-01 02:59:50', '2025-12-27 07:45:40'),
(8, 'Notice Board', 'notice_board', 0, 1, 1, 13, '2020-06-01 03:00:35', '2025-12-27 07:45:40'),
(11, 'Library', 'library', 0, 0, 0, 9, '2020-06-01 03:02:37', '2026-04-30 13:47:20'),
(12, 'Transport Routes', 'transport_routes', 0, 1, 1, 11, '2020-06-01 03:51:30', '2025-12-27 07:45:40'),
(13, 'Hostel Rooms', 'hostel_rooms', 0, 0, 0, 12, '2020-06-01 03:52:27', '2026-04-30 13:46:41'),
(14, 'Calendar To Do List', 'calendar_to_do_list', 0, 1, 1, 21, '2020-06-01 03:53:18', '2025-12-27 07:45:40'),
(15, 'Online Examination', 'online_examination', 0, 1, 1, 23, '2020-06-11 05:20:01', '2025-12-27 07:45:40'),
(16, 'Teachers Rating', 'teachers_rating', 0, 1, 1, NULL, '2022-12-28 09:52:28', '2025-12-27 07:45:40'),
(17, 'Chat', 'chat', 0, 1, 1, 25, '2020-06-01 04:53:06', '2025-12-27 07:45:40'),
(18, 'Multi Class', 'multi_class', 1, 1, 1, 26, '2020-05-30 19:56:52', '2025-12-27 07:45:40'),
(19, 'Lesson Plan', 'lesson_plan', 0, 1, 1, 29, '2020-06-07 05:38:30', '2025-12-27 07:45:40'),
(20, 'Syllabus Status', 'syllabus_status', 0, 1, 1, 29, '2020-06-07 05:38:30', '2025-12-27 07:45:40'),
(23, 'Apply Leave', 'apply_leave', 0, 1, 1, NULL, '2022-12-28 09:52:28', '2025-12-27 07:45:40'),
(24, 'Visitor Book', 'visitor_book', 0, 1, 1, NULL, '2022-10-10 11:45:18', '2025-12-27 07:45:40'),
(25, 'Student Timeline', 'student_timeline', 0, 1, 1, NULL, '2022-10-11 04:50:29', '2025-12-27 07:45:40'),
(500, 'Zoom Live Classes', 'live_classes', 0, 1, 1, 500, '2026-04-29 12:42:24', '2026-04-29 12:42:24'),
(600, 'Gmeet Live Classes ', 'gmeet_live_classes', 0, 1, 1, 600, '2020-11-12 13:37:03', '2026-04-29 12:37:26'),
(700, 'Online Course', 'online_course', 0, 1, 1, 700, '2021-05-15 11:35:53', '2026-04-29 12:37:42'),
(800, 'Behaviour Records', 'behaviour_records', 0, 1, 1, 800, '2022-05-03 10:20:33', '2026-04-29 12:35:03'),
(900, 'CBSE Examination', 'cbseexam', 0, 1, 1, 900, '2023-05-25 12:07:15', '2026-04-29 12:35:42');

-- --------------------------------------------------------

--
-- Structure de la table `pickup_point`
--

CREATE TABLE `pickup_point` (
  `id` int(11) NOT NULL,
  `name` varchar(255) NOT NULL,
  `latitude` varchar(100) DEFAULT NULL,
  `longitude` varchar(100) DEFAULT NULL,
  `created_at` timestamp NOT NULL DEFAULT current_timestamp(),
  `updated_at` timestamp NOT NULL DEFAULT current_timestamp() ON UPDATE current_timestamp()
) ENGINE=InnoDB DEFAULT CHARSET=utf8mb3 COLLATE=utf8mb3_uca1400_ai_ci;

--
-- Déchargement des données de la table `pickup_point`
--

INSERT INTO `pickup_point` (`id`, `name`, `latitude`, `longitude`, `created_at`, `updated_at`) VALUES
(1, 'Afriquia, Wiqaya, Al Borj, Sakan Taboula', '35.5735', '-5.4048', '2026-05-02 19:49:43', '2026-05-02 19:52:14'),
(2, 'Taboula, Louwha, Somal', '35.57278', '-5.40524', '2026-05-02 19:50:33', '2026-05-02 19:51:30'),
(3, 'Touibla, Romana; Hamama, Khadak Azerbouh, Bario, Jamaa Mezouaq, Samsa, Al Nakhil, Al Medina, Marjane, Wilaya', '35.5710', '-5.3688', '2026-05-02 19:50:40', '2026-05-02 19:53:19');

-- --------------------------------------------------------

--
-- Structure de la table `print_headerfooter`
--

CREATE TABLE `print_headerfooter` (
  `id` int(11) NOT NULL,
  `print_type` varchar(255) NOT NULL,
  `header_image` text CHARACTER SET utf8mb3 COLLATE utf8mb3_general_ci DEFAULT NULL,
  `footer_content` text NOT NULL,
  `created_by` int(11) NOT NULL,
  `entry_date` timestamp NOT NULL DEFAULT current_timestamp() ON UPDATE current_timestamp(),
  `created_at` timestamp NOT NULL DEFAULT current_timestamp(),
  `updated_at` timestamp NOT NULL DEFAULT current_timestamp() ON UPDATE current_timestamp()
) ENGINE=InnoDB DEFAULT CHARSET=utf8mb3 COLLATE=utf8mb3_uca1400_ai_ci;

--
-- Déchargement des données de la table `print_headerfooter`
--

INSERT INTO `print_headerfooter` (`id`, `print_type`, `header_image`, `footer_content`, `created_by`, `entry_date`, `created_at`, `updated_at`) VALUES
(1, 'staff_payslip', '1777543539-98632512569f329735e8cd!Fiche de paie.png', 'This payslip is computer generated hence no signature is required.', 1, '2026-04-30 10:05:39', '2022-12-28 09:52:24', '2026-04-30 10:05:39'),
(2, 'student_receipt', '1777543511-33087182069f329575ee1b!reçu des frais .png', 'This receipt is computer generated hence no signature is required.', 1, '2026-04-30 10:05:11', '2022-12-28 09:52:24', '2026-04-30 10:05:11'),
(3, 'online_admission_receipt', '1777543570-203659410869f32992763cb!reçu d’admission en ligne.png', 'This receipt is for online admission  computer ffffffff generated hence no signature is required.', 1, '2026-04-30 10:06:10', '2022-12-28 09:52:24', '2026-04-30 10:06:10'),
(4, 'online_exam', '1777543561-94078174669f329894ce25!examen en ligne.png', 'This receipt is for online exam computer  generated hence no signature is required.', 1, '2026-04-30 10:06:01', '2022-09-08 17:28:34', '2026-04-30 10:06:01'),
(5, 'general_purpose', '1777543589-117212078969f329a5e35d0!Pied de page .png', '<h1>\r\n\r\n</h1><p>footer text here ....</p>', 1, '2026-04-30 10:06:29', '2022-09-08 17:28:34', '2026-04-30 10:06:29'),
(6, 'email', '1777543580-170097069869f3299c50eb2!Email.png', '<br><div>Note: This email was sent from an email address that can\"t receive emails. Please don\"t reply to this email                                            </div>', 1, '2026-04-30 10:06:20', '2022-09-08 15:28:34', '2026-04-30 10:06:20');

-- --------------------------------------------------------

--
-- Structure de la table `QR_code_settings`
--

CREATE TABLE `QR_code_settings` (
  `id` int(11) NOT NULL,
  `camera_type` varchar(15) DEFAULT NULL,
  `auto_attendance` int(11) DEFAULT 0,
  `machine_type` varchar(255) DEFAULT NULL,
  `created_at` timestamp NOT NULL DEFAULT current_timestamp() ON UPDATE current_timestamp()
) ENGINE=InnoDB DEFAULT CHARSET=utf8mb3 COLLATE=utf8mb3_uca1400_ai_ci;

--
-- Déchargement des données de la table `QR_code_settings`
--

INSERT INTO `QR_code_settings` (`id`, `camera_type`, `auto_attendance`, `machine_type`, `created_at`) VALUES
(1, 'environment', NULL, '[\"camera\"]', '2026-05-01 13:48:43');

-- --------------------------------------------------------

--
-- Structure de la table `questions`
--

CREATE TABLE `questions` (
  `id` int(11) NOT NULL,
  `staff_id` int(11) DEFAULT NULL,
  `subject_id` int(11) DEFAULT NULL,
  `question_type` varchar(100) NOT NULL,
  `level` varchar(10) NOT NULL,
  `class_id` int(11) NOT NULL,
  `section_id` int(11) DEFAULT NULL,
  `class_section_id` int(11) DEFAULT NULL,
  `question` text DEFAULT NULL,
  `opt_a` text DEFAULT NULL,
  `opt_b` text DEFAULT NULL,
  `opt_c` text DEFAULT NULL,
  `opt_d` text DEFAULT NULL,
  `opt_e` text DEFAULT NULL,
  `correct` text DEFAULT NULL,
  `descriptive_word_limit` int(11) NOT NULL,
  `created_at` timestamp NOT NULL DEFAULT current_timestamp(),
  `updated_at` timestamp NOT NULL DEFAULT current_timestamp() ON UPDATE current_timestamp()
) ENGINE=InnoDB DEFAULT CHARSET=utf8mb3 COLLATE=utf8mb3_uca1400_ai_ci;

-- --------------------------------------------------------

--
-- Structure de la table `read_notification`
--

CREATE TABLE `read_notification` (
  `id` int(11) NOT NULL,
  `student_id` int(11) DEFAULT NULL,
  `parent_id` int(11) DEFAULT NULL,
  `staff_id` int(11) DEFAULT NULL,
  `notification_id` int(11) DEFAULT NULL,
  `is_active` varchar(255) DEFAULT 'no',
  `created_at` timestamp NOT NULL DEFAULT current_timestamp(),
  `updated_at` timestamp NOT NULL DEFAULT current_timestamp() ON UPDATE current_timestamp()
) ENGINE=InnoDB DEFAULT CHARSET=utf8mb3 COLLATE=utf8mb3_uca1400_ai_ci;

--
-- Déchargement des données de la table `read_notification`
--

INSERT INTO `read_notification` (`id`, `student_id`, `parent_id`, `staff_id`, `notification_id`, `is_active`, `created_at`, `updated_at`) VALUES
(1, 94, NULL, NULL, 1, 'no', '2026-05-02 00:02:32', '2026-05-02 00:02:32'),
(2, 93, NULL, NULL, 1, 'no', '2026-05-02 00:25:49', '2026-05-02 00:25:49'),
(3, 47, NULL, NULL, 1, 'no', '2026-05-03 16:09:34', '2026-05-03 16:09:34');

-- --------------------------------------------------------

--
-- Structure de la table `reference`
--

CREATE TABLE `reference` (
  `id` int(11) NOT NULL,
  `reference` varchar(100) NOT NULL,
  `description` text NOT NULL,
  `created_at` timestamp NOT NULL DEFAULT current_timestamp(),
  `updated_at` timestamp NOT NULL DEFAULT current_timestamp() ON UPDATE current_timestamp()
) ENGINE=InnoDB DEFAULT CHARSET=utf8mb3 COLLATE=utf8mb3_uca1400_ai_ci;

-- --------------------------------------------------------

--
-- Structure de la table `resume_additional_fields_settings`
--

CREATE TABLE `resume_additional_fields_settings` (
  `id` int(11) NOT NULL,
  `name` varchar(250) CHARACTER SET utf8mb3 COLLATE utf8mb3_general_ci DEFAULT NULL,
  `status` int(11) DEFAULT NULL,
  `created_at` timestamp NOT NULL DEFAULT current_timestamp(),
  `updated_at` timestamp NOT NULL DEFAULT current_timestamp() ON UPDATE current_timestamp()
) ENGINE=InnoDB DEFAULT CHARSET=utf8mb3 COLLATE=utf8mb3_uca1400_ai_ci;

--
-- Déchargement des données de la table `resume_additional_fields_settings`
--

INSERT INTO `resume_additional_fields_settings` (`id`, `name`, `status`, `created_at`, `updated_at`) VALUES
(1, 'work_experience', 1, '2024-12-06 06:17:04', '2025-12-27 07:45:41'),
(2, 'education_qalification', 1, '2024-12-06 06:17:04', '2025-12-27 07:45:41'),
(3, 'technical_skills', 1, '2024-12-06 06:17:04', '2025-12-27 07:45:41'),
(4, 'reference', 1, '2024-12-06 06:17:04', '2025-12-27 07:45:41'),
(5, 'other_details', 1, '2024-12-06 06:17:04', '2025-12-27 07:45:41');

-- --------------------------------------------------------

--
-- Structure de la table `resume_settings_fields`
--

CREATE TABLE `resume_settings_fields` (
  `id` int(11) NOT NULL,
  `name` varchar(250) DEFAULT NULL,
  `status` int(11) DEFAULT NULL,
  `created_at` timestamp NOT NULL DEFAULT current_timestamp(),
  `updated_at` timestamp NOT NULL DEFAULT current_timestamp() ON UPDATE current_timestamp()
) ENGINE=InnoDB DEFAULT CHARSET=utf8mb3 COLLATE=utf8mb3_uca1400_ai_ci;

--
-- Déchargement des données de la table `resume_settings_fields`
--

INSERT INTO `resume_settings_fields` (`id`, `name`, `status`, `created_at`, `updated_at`) VALUES
(1, 'middlename', 1, '2025-02-14 06:40:33', '2025-02-14 06:40:33'),
(2, 'lastname', 1, '2025-02-14 06:40:34', '2025-02-14 06:40:34'),
(3, 'gender', 1, '2025-02-14 06:40:35', '2025-02-14 06:40:35'),
(4, 'dob', 1, '2025-02-14 06:40:36', '2025-02-14 06:40:36'),
(5, 'category', 1, '2025-02-14 06:40:37', '2025-02-14 06:40:37'),
(6, 'religion', 1, '2025-02-14 06:40:38', '2025-02-14 06:40:38'),
(7, 'cast', 1, '2025-02-14 06:40:40', '2025-02-14 06:40:40'),
(8, 'mobile_no', 1, '2025-02-14 06:40:41', '2025-02-14 06:40:41'),
(9, 'student_email', 1, '2025-02-14 06:40:41', '2025-02-14 06:40:41'),
(10, 'student_photo', 1, '2025-02-14 06:40:42', '2025-02-14 06:40:42'),
(11, 'is_blood_group', 1, '2025-02-14 06:40:43', '2025-02-14 06:40:43'),
(12, 'height', 1, '2025-02-14 06:40:44', '2025-02-14 06:40:44'),
(13, 'weight', 1, '2025-02-14 06:40:46', '2025-02-14 06:40:46'),
(14, 'father_name', 1, '2025-02-14 06:40:47', '2025-02-14 06:40:47'),
(15, 'father_phone', 1, '2025-02-14 06:40:48', '2025-02-14 06:40:48'),
(16, 'father_occupation', 1, '2025-02-14 06:40:49', '2025-02-14 06:40:49'),
(18, 'mother_name', 1, '2025-02-14 06:40:50', '2025-02-14 06:40:50'),
(19, 'mother_phone', 1, '2025-02-14 06:40:51', '2025-02-14 06:40:51'),
(20, 'mother_occupation', 1, '2025-02-14 06:40:52', '2025-02-14 06:40:52'),
(23, 'guardian_name', 1, '2025-02-14 06:41:31', '2025-02-14 06:42:17'),
(24, 'guardian_relation', 1, '2025-02-14 06:41:31', '2025-02-14 06:42:17'),
(25, 'guardian_email', 1, '2025-02-14 06:41:32', '2025-02-14 06:42:17'),
(27, 'guardian_phone', 1, '2025-02-14 06:41:34', '2025-02-14 06:42:17'),
(28, 'guardian_occupation', 1, '2025-02-14 06:41:34', '2025-02-14 06:42:17'),
(29, 'guardian_address', 1, '2025-02-14 06:41:35', '2025-02-14 06:42:17'),
(32, 'national_identification_no', 1, '2025-02-14 06:41:37', '2025-02-14 06:41:37'),
(33, 'local_identification_no', 1, '2025-02-14 06:41:38', '2025-02-14 06:41:38'),
(34, 'personal_details', 1, '2025-02-14 06:41:39', '2025-02-14 06:41:39'),
(35, 'parent_guardian_detail', 1, '2025-02-14 06:41:41', '2025-02-14 06:41:41');

-- --------------------------------------------------------

--
-- Structure de la table `roles`
--

CREATE TABLE `roles` (
  `id` int(11) NOT NULL,
  `name` varchar(100) DEFAULT NULL,
  `slug` varchar(150) DEFAULT NULL,
  `is_active` int(11) DEFAULT 0,
  `is_system` int(11) NOT NULL DEFAULT 0,
  `is_superadmin` int(11) NOT NULL DEFAULT 0,
  `created_at` timestamp NOT NULL DEFAULT current_timestamp(),
  `updated_at` timestamp NOT NULL DEFAULT current_timestamp() ON UPDATE current_timestamp()
) ENGINE=InnoDB DEFAULT CHARSET=utf8mb3 COLLATE=utf8mb3_uca1400_ai_ci;

--
-- Déchargement des données de la table `roles`
--

INSERT INTO `roles` (`id`, `name`, `slug`, `is_active`, `is_system`, `is_superadmin`, `created_at`, `updated_at`) VALUES
(1, 'Admin', NULL, 0, 1, 0, '2018-06-30 15:39:11', '0000-00-00 00:00:00'),
(2, 'Enseignants', NULL, 0, 1, 0, '2018-06-30 15:39:14', '2026-04-30 13:54:20'),
(3, 'Comptable', NULL, 0, 1, 0, '2018-06-30 15:39:17', '2026-04-30 14:02:51'),
(4, 'Librarian', NULL, 0, 1, 0, '2018-06-30 15:39:21', '0000-00-00 00:00:00'),
(6, 'Receptioniste', NULL, 0, 1, 0, '2018-07-02 05:39:03', '2026-04-30 13:54:38'),
(7, 'Super Admin', NULL, 0, 1, 1, '2018-07-11 14:11:29', '0000-00-00 00:00:00'),
(8, 'Directrice', NULL, 0, 0, 0, '2026-04-30 14:07:48', '2026-04-30 14:07:48');

-- --------------------------------------------------------

--
-- Structure de la table `roles_permissions`
--

CREATE TABLE `roles_permissions` (
  `id` int(11) NOT NULL,
  `role_id` int(11) DEFAULT NULL,
  `perm_cat_id` int(11) DEFAULT NULL,
  `can_view` int(11) DEFAULT NULL,
  `can_add` int(11) DEFAULT NULL,
  `can_edit` int(11) DEFAULT NULL,
  `can_delete` int(11) DEFAULT NULL,
  `created_at` timestamp NOT NULL DEFAULT current_timestamp(),
  `updated_at` timestamp NOT NULL DEFAULT current_timestamp() ON UPDATE current_timestamp()
) ENGINE=InnoDB DEFAULT CHARSET=utf8mb3 COLLATE=utf8mb3_uca1400_ai_ci;

--
-- Déchargement des données de la table `roles_permissions`
--

INSERT INTO `roles_permissions` (`id`, `role_id`, `perm_cat_id`, `can_view`, `can_add`, `can_edit`, `can_delete`, `created_at`, `updated_at`) VALUES
(11, 1, 78, 1, 1, 1, 1, '2018-07-03 00:49:43', '2025-12-27 07:45:41'),
(23, 1, 12, 1, 1, 1, 1, '2018-07-06 09:45:38', '2025-12-27 07:45:41'),
(24, 1, 13, 1, 1, 1, 1, '2018-07-06 09:48:28', '2025-12-27 07:45:41'),
(26, 1, 15, 1, 1, 1, 0, '2019-11-27 23:47:28', '2025-12-27 07:45:41'),
(31, 1, 21, 1, 0, 1, 0, '2019-11-26 04:51:15', '2025-12-27 07:45:41'),
(34, 1, 24, 1, 1, 1, 1, '2019-11-28 06:35:20', '2025-12-27 07:45:41'),
(43, 1, 32, 1, 1, 1, 1, '2018-07-06 10:22:05', '2025-12-27 07:45:41'),
(44, 1, 33, 1, 1, 1, 1, '2018-07-06 10:22:29', '2025-12-27 07:45:41'),
(45, 1, 34, 1, 1, 1, 1, '2018-07-06 10:23:59', '2025-12-27 07:45:41'),
(46, 1, 35, 1, 1, 1, 1, '2018-07-06 10:24:34', '2025-12-27 07:45:41'),
(47, 1, 104, 1, 1, 1, 1, '2018-07-06 10:23:08', '2025-12-27 07:45:41'),
(48, 1, 37, 1, 1, 1, 1, '2018-07-06 10:25:30', '2025-12-27 07:45:41'),
(49, 1, 38, 1, 1, 1, 1, '2018-07-09 05:15:27', '2025-12-27 07:45:41'),
(61, 1, 55, 1, 1, 1, 1, '2018-07-02 09:24:16', '2025-12-27 07:45:41'),
(67, 1, 61, 1, 1, 0, 1, '2018-07-09 05:59:19', '2025-12-27 07:45:41'),
(68, 1, 62, 1, 1, 0, 1, '2018-07-09 05:59:19', '2025-12-27 07:45:41'),
(69, 1, 63, 1, 1, 0, 1, '2018-07-09 03:51:38', '2025-12-27 07:45:41'),
(70, 1, 64, 1, 1, 1, 1, '2018-07-09 03:02:19', '2025-12-27 07:45:41'),
(71, 1, 65, 1, 1, 1, 1, '2018-07-09 03:11:21', '2025-12-27 07:45:41'),
(72, 1, 66, 1, 1, 1, 1, '2018-07-09 03:13:09', '2025-12-27 07:45:41'),
(73, 1, 67, 1, 1, 1, 1, '2018-07-09 03:14:47', '2025-12-27 07:45:41'),
(74, 1, 79, 1, 1, 0, 1, '2019-11-30 01:32:51', '2025-12-27 07:45:41'),
(75, 1, 80, 1, 1, 1, 1, '2018-07-06 09:41:23', '2025-12-27 07:45:41'),
(76, 1, 81, 1, 1, 1, 1, '2018-07-06 09:41:23', '2025-12-27 07:45:41'),
(78, 1, 83, 1, 1, 1, 1, '2018-07-06 09:41:23', '2025-12-27 07:45:41'),
(79, 1, 84, 1, 1, 1, 1, '2018-07-06 09:41:23', '2025-12-27 07:45:41'),
(80, 1, 85, 1, 1, 1, 1, '2018-07-12 00:16:00', '2025-12-27 07:45:41'),
(94, 1, 82, 1, 1, 1, 1, '2018-07-06 09:41:23', '2025-12-27 07:45:41'),
(120, 1, 39, 1, 1, 1, 1, '2018-07-06 10:26:28', '2025-12-27 07:45:41'),
(156, 1, 9, 1, 1, 1, 1, '2019-11-27 23:45:46', '2025-12-27 07:45:41'),
(157, 1, 10, 1, 1, 1, 1, '2019-11-27 23:45:46', '2025-12-27 07:45:41'),
(159, 1, 40, 1, 1, 1, 1, '2019-11-30 00:49:39', '2025-12-27 07:45:41'),
(160, 1, 41, 1, 1, 1, 1, '2019-12-02 05:43:41', '2025-12-27 07:45:41'),
(161, 1, 42, 1, 1, 1, 1, '2019-11-30 00:49:39', '2025-12-27 07:45:41'),
(169, 1, 27, 1, 1, 0, 1, '2019-11-29 06:15:37', '2025-12-27 07:45:41'),
(178, 1, 54, 1, 0, 1, 0, '2018-07-05 09:09:22', '2025-12-27 07:45:41'),
(179, 1, 56, 1, 0, 1, 0, '2019-11-30 00:49:54', '2025-12-27 07:45:41'),
(180, 1, 57, 1, 0, 1, 0, '2019-11-30 01:32:51', '2025-12-27 07:45:41'),
(181, 1, 58, 1, 0, 1, 0, '2019-11-30 01:32:51', '2025-12-27 07:45:41'),
(182, 1, 59, 1, 0, 1, 0, '2019-11-30 01:32:51', '2025-12-27 07:45:41'),
(183, 1, 60, 1, 0, 1, 0, '2019-11-30 00:59:57', '2025-12-27 07:45:41'),
(201, 1, 14, 1, 0, 0, 0, '2018-07-02 11:22:03', '2025-12-27 07:45:41'),
(204, 1, 26, 1, 0, 0, 0, '2018-07-02 11:32:05', '2025-12-27 07:45:41'),
(206, 1, 29, 1, 0, 0, 0, '2018-07-02 11:43:54', '2025-12-27 07:45:41'),
(207, 1, 30, 1, 0, 0, 0, '2018-07-02 11:43:54', '2025-12-27 07:45:41'),
(208, 1, 31, 1, 1, 1, 1, '2019-11-30 01:32:51', '2025-12-27 07:45:41'),
(222, 1, 1, 1, 1, 1, 1, '2019-11-27 22:55:06', '2025-12-27 07:45:41'),
(307, 1, 126, 1, 0, 0, 0, '2018-07-03 09:26:13', '2025-12-27 07:45:41'),
(315, 1, 123, 1, 0, 0, 0, '2018-07-03 10:27:03', '2025-12-27 07:45:41'),
(369, 1, 102, 1, 1, 1, 1, '2019-12-02 05:02:15', '2025-12-27 07:45:41'),
(435, 1, 96, 1, 1, 1, 1, '2018-07-09 01:03:54', '2025-12-27 07:45:41'),
(461, 1, 97, 1, 0, 0, 0, '2018-07-09 01:00:16', '2025-12-27 07:45:41'),
(464, 1, 86, 1, 1, 1, 1, '2019-11-28 06:39:19', '2025-12-27 07:45:41'),
(474, 1, 130, 1, 1, 0, 1, '2018-07-09 10:56:36', '2025-12-27 07:45:41'),
(476, 1, 131, 1, 0, 0, 0, '2018-07-09 04:53:32', '2025-12-27 07:45:41'),
(557, 6, 82, 1, 1, 1, 1, '2019-12-01 01:48:28', '2025-12-27 07:45:41'),
(558, 6, 83, 1, 1, 1, 1, '2019-12-01 01:49:08', '2025-12-27 07:45:41'),
(559, 6, 84, 1, 1, 1, 1, '2019-12-01 01:49:59', '2025-12-27 07:45:41'),
(575, 6, 44, 1, 0, 0, 0, '2018-07-10 07:35:33', '2025-12-27 07:45:41'),
(576, 6, 46, 1, 0, 0, 0, '2018-07-10 07:35:33', '2025-12-27 07:45:41'),
(578, 6, 102, 1, 1, 1, 1, '2019-12-01 01:52:27', '2025-12-27 07:45:41'),
(625, 1, 28, 1, 1, 1, 1, '2019-11-29 06:19:18', '2025-12-27 07:45:41'),
(634, 4, 102, 1, 1, 1, 1, '2019-12-01 01:03:00', '2025-12-27 07:45:41'),
(669, 1, 145, 1, 0, 0, 0, '2019-11-26 04:51:15', '2025-12-27 07:45:41'),
(677, 1, 153, 1, 0, 0, 0, '2019-11-01 02:28:24', '2025-12-27 07:45:41'),
(720, 1, 216, 1, 0, 0, 0, '2019-11-26 05:24:12', '2025-12-27 07:45:41'),
(728, 1, 185, 1, 1, 1, 1, '2019-11-28 02:50:33', '2025-12-27 07:45:41'),
(729, 1, 186, 1, 1, 1, 1, '2019-11-28 02:49:07', '2025-12-27 07:45:41'),
(730, 1, 214, 1, 0, 1, 0, '2019-11-28 01:47:53', '2025-12-27 07:45:41'),
(734, 1, 200, 1, 0, 0, 0, '2019-11-26 05:24:30', '2025-12-27 07:45:41'),
(735, 1, 201, 1, 0, 0, 0, '2019-11-26 05:24:30', '2025-12-27 07:45:41'),
(736, 1, 202, 1, 0, 0, 0, '2019-11-26 05:24:30', '2025-12-27 07:45:41'),
(737, 1, 203, 1, 0, 0, 0, '2019-11-26 05:24:30', '2025-12-27 07:45:41'),
(747, 1, 2, 1, 0, 0, 0, '2019-11-27 22:56:08', '2025-12-27 07:45:41'),
(748, 1, 3, 1, 1, 1, 1, '2019-11-27 22:56:32', '2025-12-27 07:45:41'),
(749, 1, 4, 1, 1, 1, 1, '2019-11-27 22:56:48', '2025-12-27 07:45:41'),
(751, 1, 128, 1, 1, 1, 1, '2019-11-27 22:57:01', '2025-12-29 11:39:45'),
(754, 1, 134, 1, 1, 1, 1, '2019-11-27 23:18:21', '2025-12-27 07:45:41'),
(755, 1, 5, 1, 1, 0, 1, '2019-11-27 23:35:07', '2025-12-27 07:45:41'),
(756, 1, 6, 1, 0, 0, 0, '2019-11-27 23:35:25', '2025-12-27 07:45:41'),
(757, 1, 7, 1, 1, 1, 1, '2019-11-27 23:36:35', '2025-12-27 07:45:41'),
(758, 1, 8, 1, 1, 1, 1, '2019-11-27 23:37:27', '2025-12-27 07:45:41'),
(760, 1, 68, 1, 0, 0, 0, '2019-11-27 23:38:06', '2025-12-27 07:45:41'),
(761, 1, 69, 1, 1, 1, 1, '2019-11-27 23:39:06', '2025-12-27 07:45:41'),
(762, 1, 70, 1, 1, 1, 1, '2019-11-27 23:39:41', '2025-12-27 07:45:41'),
(763, 1, 71, 1, 0, 0, 0, '2019-11-27 23:39:59', '2025-12-27 07:45:41'),
(765, 1, 73, 1, 0, 0, 0, '2019-11-27 23:43:15', '2025-12-27 07:45:41'),
(766, 1, 74, 1, 0, 0, 0, '2019-11-27 23:43:55', '2025-12-27 07:45:41'),
(768, 1, 11, 1, 0, 0, 0, '2019-11-27 23:45:46', '2025-12-27 07:45:41'),
(769, 1, 122, 1, 0, 0, 0, '2019-11-27 23:52:43', '2025-12-27 07:45:41'),
(771, 1, 136, 1, 1, 1, 1, '2019-11-27 23:55:36', '2025-12-29 11:39:54'),
(772, 1, 20, 1, 1, 1, 1, '2019-11-28 04:06:44', '2025-12-27 07:45:41'),
(773, 1, 137, 1, 1, 1, 1, '2019-11-28 00:46:14', '2025-12-27 07:45:41'),
(774, 1, 141, 1, 1, 1, 1, '2019-11-28 00:59:42', '2025-12-27 07:45:41'),
(775, 1, 142, 1, 0, 0, 0, '2019-11-27 23:56:12', '2025-12-27 07:45:41'),
(776, 1, 143, 1, 1, 1, 1, '2019-11-28 00:59:42', '2025-12-27 07:45:41'),
(777, 1, 144, 1, 0, 0, 0, '2019-11-27 23:56:12', '2025-12-27 07:45:41'),
(778, 1, 187, 1, 0, 0, 0, '2019-11-27 23:56:12', '2025-12-27 07:45:41'),
(779, 1, 196, 1, 0, 0, 0, '2019-11-27 23:56:12', '2025-12-27 07:45:41'),
(781, 1, 207, 1, 0, 0, 0, '2019-11-27 23:56:12', '2025-12-27 07:45:41'),
(782, 1, 208, 1, 0, 1, 0, '2019-11-28 00:10:22', '2025-12-27 07:45:41'),
(783, 1, 210, 1, 0, 1, 0, '2019-11-28 00:34:40', '2025-12-27 07:45:41'),
(784, 1, 211, 1, 0, 1, 0, '2019-11-28 00:38:23', '2025-12-27 07:45:41'),
(785, 1, 212, 1, 0, 1, 0, '2019-11-28 00:42:15', '2025-12-27 07:45:41'),
(786, 1, 205, 1, 1, 1, 1, '2019-11-28 00:42:15', '2025-12-27 07:45:41'),
(787, 1, 222, 1, 0, 1, 0, '2019-11-28 01:36:36', '2025-12-27 07:45:41'),
(788, 1, 77, 1, 1, 1, 1, '2019-11-28 06:22:10', '2025-12-27 07:45:41'),
(789, 1, 188, 1, 1, 1, 1, '2019-11-28 06:26:16', '2025-12-27 07:45:41'),
(790, 1, 23, 1, 1, 1, 1, '2019-11-28 06:34:20', '2025-12-27 07:45:41'),
(791, 1, 25, 1, 1, 1, 1, '2019-11-28 06:36:20', '2025-12-27 07:45:41'),
(792, 1, 127, 1, 0, 0, 0, '2019-11-28 06:41:25', '2025-12-27 07:45:41'),
(794, 1, 88, 1, 1, 1, 0, '2019-11-28 06:43:04', '2025-12-27 07:45:41'),
(795, 1, 90, 1, 1, 0, 1, '2019-11-28 06:46:22', '2025-12-27 07:45:41'),
(796, 1, 108, 1, 1, 1, 1, '2021-01-23 07:09:32', '2025-12-29 11:41:31'),
(797, 1, 109, 1, 1, 0, 0, '2019-11-28 23:38:11', '2025-12-27 07:45:41'),
(798, 1, 110, 1, 1, 1, 1, '2019-11-28 23:49:29', '2025-12-27 07:45:41'),
(799, 1, 111, 1, 1, 1, 1, '2019-11-28 23:49:57', '2025-12-27 07:45:41'),
(800, 1, 112, 1, 1, 1, 1, '2019-11-28 23:49:57', '2025-12-27 07:45:41'),
(801, 1, 129, 1, 1, 1, 1, '2019-11-28 23:49:57', '2025-12-29 11:41:37'),
(802, 1, 189, 1, 0, 1, 1, '2019-11-28 23:59:22', '2025-12-27 07:45:41'),
(810, 2, 1, 1, 1, 1, 1, '2019-11-30 02:54:16', '2025-12-27 07:45:41'),
(817, 1, 93, 1, 1, 1, 1, '2019-11-29 00:56:14', '2025-12-27 07:45:41'),
(825, 1, 87, 1, 0, 0, 0, '2019-11-29 00:56:14', '2025-12-27 07:45:41'),
(829, 1, 94, 1, 1, 0, 0, '2019-11-29 00:57:57', '2025-12-27 07:45:41'),
(836, 1, 146, 1, 0, 0, 0, '2019-11-29 01:13:28', '2025-12-27 07:45:41'),
(837, 1, 147, 1, 0, 0, 0, '2019-11-29 01:13:28', '2025-12-27 07:45:41'),
(838, 1, 148, 1, 0, 0, 0, '2019-11-29 01:13:28', '2025-12-27 07:45:41'),
(839, 1, 149, 1, 0, 0, 0, '2019-11-29 01:13:28', '2025-12-27 07:45:41'),
(840, 1, 150, 1, 0, 0, 0, '2019-11-29 01:13:28', '2025-12-27 07:45:41'),
(841, 1, 151, 1, 0, 0, 0, '2019-11-29 01:13:28', '2025-12-27 07:45:41'),
(842, 1, 152, 1, 0, 0, 0, '2019-11-29 01:13:28', '2025-12-27 07:45:41'),
(843, 1, 154, 1, 0, 0, 0, '2019-11-29 01:13:28', '2025-12-27 07:45:41'),
(862, 1, 155, 1, 0, 0, 0, '2019-11-29 02:07:30', '2025-12-27 07:45:41'),
(863, 1, 156, 1, 0, 0, 0, '2019-11-29 02:07:52', '2025-12-27 07:45:41'),
(864, 1, 157, 1, 0, 0, 0, '2019-11-29 02:08:05', '2025-12-27 07:45:41'),
(874, 1, 158, 1, 0, 0, 0, '2019-11-29 02:14:03', '2025-12-27 07:45:41'),
(875, 1, 159, 1, 0, 0, 0, '2019-11-29 02:14:31', '2025-12-27 07:45:41'),
(876, 1, 160, 1, 0, 0, 0, '2019-11-29 02:14:44', '2025-12-27 07:45:41'),
(878, 1, 162, 1, 0, 0, 0, '2019-11-29 02:15:58', '2025-12-27 07:45:41'),
(879, 1, 163, 1, 0, 0, 0, '2019-11-29 02:16:19', '2025-12-27 07:45:41'),
(882, 1, 164, 1, 0, 0, 0, '2019-11-29 02:25:17', '2025-12-27 07:45:41'),
(884, 1, 165, 1, 0, 0, 0, '2019-11-29 02:25:30', '2025-12-27 07:45:41'),
(886, 1, 197, 1, 0, 0, 0, '2019-11-29 02:25:48', '2025-12-27 07:45:41'),
(887, 1, 219, 1, 0, 0, 0, '2019-11-29 02:26:05', '2025-12-27 07:45:41'),
(889, 1, 220, 1, 0, 0, 0, '2019-11-29 02:26:22', '2025-12-27 07:45:41'),
(932, 1, 204, 1, 0, 0, 0, '2019-11-29 03:43:27', '2025-12-27 07:45:41'),
(933, 1, 221, 1, 0, 0, 0, '2019-11-29 03:45:04', '2025-12-27 07:45:41'),
(934, 1, 178, 1, 0, 0, 0, '2019-11-29 03:45:16', '2025-12-27 07:45:41'),
(935, 1, 179, 1, 0, 0, 0, '2019-11-29 03:45:33', '2025-12-27 07:45:41'),
(936, 1, 161, 1, 0, 0, 0, '2019-11-29 03:45:48', '2025-12-27 07:45:41'),
(937, 1, 180, 1, 0, 0, 0, '2019-11-29 03:45:48', '2025-12-27 07:45:41'),
(938, 1, 181, 1, 0, 0, 0, '2019-11-29 03:49:33', '2025-12-27 07:45:41'),
(939, 1, 182, 1, 0, 0, 0, '2019-11-29 03:49:45', '2025-12-27 07:45:41'),
(940, 1, 183, 1, 0, 0, 0, '2019-11-29 03:49:56', '2025-12-27 07:45:41'),
(941, 1, 174, 1, 0, 0, 0, '2019-11-29 03:50:53', '2025-12-27 07:45:41'),
(943, 1, 176, 1, 0, 0, 0, '2019-11-29 03:52:10', '2025-12-27 07:45:41'),
(944, 1, 177, 1, 0, 0, 0, '2019-11-29 03:52:22', '2025-12-27 07:45:41'),
(945, 1, 53, 1, 1, 0, 1, '2021-01-23 07:09:32', '2025-12-29 11:41:09'),
(946, 1, 215, 1, 0, 0, 0, '2019-11-29 04:01:37', '2025-12-27 07:45:41'),
(947, 1, 213, 1, 0, 0, 0, '2019-11-29 04:07:45', '2025-12-27 07:45:41'),
(974, 1, 224, 1, 0, 0, 0, '2019-11-29 04:32:52', '2025-12-27 07:45:41'),
(1026, 1, 135, 1, 0, 1, 0, '2019-11-29 06:02:12', '2025-12-27 07:45:41'),
(1031, 1, 228, 1, 0, 0, 0, '2019-11-29 06:21:16', '2025-12-27 07:45:41'),
(1083, 1, 175, 1, 0, 0, 0, '2019-11-30 00:37:24', '2025-12-27 07:45:41'),
(1086, 1, 43, 1, 1, 1, 1, '2019-11-30 00:49:39', '2025-12-27 07:45:41'),
(1087, 1, 44, 1, 0, 0, 0, '2019-11-30 00:49:39', '2025-12-27 07:45:41'),
(1088, 1, 46, 1, 0, 0, 0, '2019-11-30 00:49:39', '2025-12-27 07:45:41'),
(1089, 1, 217, 1, 0, 0, 0, '2019-11-30 00:49:39', '2025-12-27 07:45:41'),
(1090, 1, 98, 1, 1, 1, 1, '2019-11-30 01:32:51', '2025-12-27 07:45:41'),
(1091, 1, 99, 1, 0, 0, 0, '2019-11-30 01:30:18', '2025-12-27 07:45:41'),
(1092, 1, 223, 1, 0, 0, 0, '2019-11-30 01:32:51', '2025-12-27 07:45:41'),
(1103, 2, 205, 1, 1, 1, 1, '2019-11-30 01:56:04', '2025-12-27 07:45:41'),
(1105, 2, 23, 1, 0, 0, 0, '2019-11-30 01:56:04', '2025-12-27 07:45:41'),
(1106, 2, 24, 1, 0, 0, 0, '2019-11-30 01:56:04', '2025-12-27 07:45:41'),
(1107, 2, 25, 1, 0, 0, 0, '2019-11-30 01:56:04', '2025-12-27 07:45:41'),
(1108, 2, 77, 1, 0, 0, 0, '2019-11-30 01:56:04', '2025-12-27 07:45:41'),
(1119, 2, 117, 1, 0, 0, 0, '2019-11-30 01:56:04', '2025-12-27 07:45:41'),
(1123, 3, 8, 1, 1, 1, 1, '2019-11-30 06:46:18', '2025-12-27 07:45:41'),
(1125, 3, 69, 1, 1, 1, 1, '2019-11-30 07:00:49', '2025-12-27 07:45:41'),
(1126, 3, 70, 1, 1, 1, 1, '2019-11-30 07:04:46', '2025-12-27 07:45:41'),
(1130, 3, 9, 1, 1, 1, 1, '2019-11-30 07:14:54', '2025-12-27 07:45:41'),
(1131, 3, 10, 1, 1, 1, 1, '2019-11-30 07:16:02', '2025-12-27 07:45:41'),
(1134, 3, 35, 1, 1, 1, 1, '2019-11-30 07:25:04', '2025-12-27 07:45:41'),
(1135, 3, 104, 1, 1, 1, 1, '2019-11-30 07:25:53', '2025-12-27 07:45:41'),
(1140, 3, 41, 1, 1, 1, 1, '2019-11-30 07:37:13', '2025-12-27 07:45:41'),
(1141, 3, 42, 1, 1, 1, 1, '2019-11-30 07:37:46', '2025-12-27 07:45:41'),
(1142, 3, 43, 1, 1, 1, 1, '2019-11-30 07:42:06', '2025-12-27 07:45:41'),
(1151, 3, 87, 1, 0, 0, 0, '2019-11-30 02:23:13', '2025-12-27 07:45:41'),
(1152, 3, 88, 1, 1, 1, 0, '2019-11-30 02:23:13', '2025-12-27 07:45:41'),
(1153, 3, 90, 1, 1, 0, 1, '2019-11-30 02:23:13', '2025-12-27 07:45:41'),
(1154, 3, 108, 1, 0, 1, 0, '2019-11-30 02:23:13', '2025-12-27 07:45:41'),
(1155, 3, 109, 1, 1, 0, 0, '2019-11-30 02:23:13', '2025-12-27 07:45:41'),
(1156, 3, 110, 1, 1, 1, 1, '2019-11-30 02:23:13', '2025-12-27 07:45:41'),
(1157, 3, 111, 1, 1, 1, 1, '2019-11-30 02:23:13', '2025-12-27 07:45:41'),
(1158, 3, 112, 1, 1, 1, 1, '2019-11-30 02:23:13', '2025-12-27 07:45:41'),
(1159, 3, 127, 1, 0, 0, 0, '2019-11-30 02:23:13', '2025-12-27 07:45:41'),
(1160, 3, 129, 0, 1, 0, 1, '2019-11-30 02:23:13', '2025-12-27 07:45:41'),
(1161, 3, 102, 1, 1, 1, 1, '2019-11-30 02:23:13', '2025-12-27 07:45:41'),
(1162, 3, 106, 1, 0, 0, 0, '2019-11-30 02:23:13', '2025-12-27 07:45:41'),
(1163, 3, 113, 1, 0, 0, 0, '2019-11-30 02:23:13', '2025-12-27 07:45:41'),
(1164, 3, 114, 1, 0, 0, 0, '2019-11-30 02:23:13', '2025-12-27 07:45:41'),
(1165, 3, 115, 1, 0, 0, 0, '2019-11-30 02:23:13', '2025-12-27 07:45:41'),
(1166, 3, 116, 1, 0, 0, 0, '2019-11-30 02:23:13', '2025-12-27 07:45:41'),
(1167, 3, 117, 1, 0, 0, 0, '2019-11-30 02:23:13', '2025-12-27 07:45:41'),
(1168, 3, 118, 1, 0, 0, 0, '2019-11-30 02:23:13', '2025-12-27 07:45:41'),
(1171, 2, 142, 1, 0, 0, 0, '2019-11-30 02:36:17', '2025-12-27 07:45:41'),
(1172, 2, 144, 1, 0, 0, 0, '2019-11-30 02:36:17', '2025-12-27 07:45:41'),
(1179, 2, 212, 1, 0, 1, 0, '2019-11-30 02:36:17', '2025-12-27 07:45:41'),
(1183, 2, 148, 1, 0, 0, 0, '2019-11-30 02:36:17', '2025-12-27 07:45:41'),
(1184, 2, 149, 1, 0, 0, 0, '2019-11-30 02:36:17', '2025-12-27 07:45:41'),
(1185, 2, 150, 1, 0, 0, 0, '2019-11-30 02:36:17', '2025-12-27 07:45:41'),
(1186, 2, 151, 1, 0, 0, 0, '2019-11-30 02:36:17', '2025-12-27 07:45:41'),
(1187, 2, 152, 1, 0, 0, 0, '2019-11-30 02:36:17', '2025-12-27 07:45:41'),
(1188, 2, 153, 1, 0, 0, 0, '2019-11-30 02:36:17', '2025-12-27 07:45:41'),
(1189, 2, 154, 1, 0, 0, 0, '2019-11-30 02:36:17', '2025-12-27 07:45:41'),
(1190, 2, 197, 1, 0, 0, 0, '2019-11-30 02:36:17', '2025-12-27 07:45:41'),
(1193, 2, 200, 1, 0, 0, 0, '2019-11-30 02:36:17', '2025-12-27 07:45:41'),
(1194, 2, 201, 1, 0, 0, 0, '2019-11-30 02:36:17', '2025-12-27 07:45:41'),
(1195, 2, 202, 1, 0, 0, 0, '2019-11-30 02:36:17', '2025-12-27 07:45:41'),
(1196, 2, 203, 1, 0, 0, 0, '2019-11-30 02:36:17', '2025-12-27 07:45:41'),
(1197, 2, 219, 1, 0, 0, 0, '2019-11-30 02:36:17', '2025-12-27 07:45:41'),
(1198, 2, 223, 1, 0, 0, 0, '2019-11-30 02:36:17', '2025-12-27 07:45:41'),
(1199, 2, 213, 1, 0, 0, 0, '2019-11-30 02:36:17', '2025-12-27 07:45:41'),
(1201, 2, 230, 1, 0, 0, 0, '2019-11-30 02:36:17', '2025-12-27 07:45:41'),
(1204, 2, 214, 1, 0, 1, 0, '2019-11-30 02:36:17', '2025-12-27 07:45:41'),
(1206, 2, 224, 1, 0, 0, 0, '2019-11-30 02:36:17', '2025-12-27 07:45:41'),
(1208, 2, 2, 1, 0, 0, 0, '2019-11-30 02:55:45', '2025-12-27 07:45:41'),
(1210, 2, 143, 1, 1, 1, 1, '2019-11-30 02:57:28', '2025-12-27 07:45:41'),
(1211, 2, 145, 1, 0, 0, 0, '2019-11-30 02:57:28', '2025-12-27 07:45:41'),
(1214, 2, 3, 1, 1, 1, 1, '2019-11-30 03:03:18', '2025-12-27 07:45:41'),
(1216, 2, 4, 1, 1, 1, 1, '2019-11-30 03:32:56', '2025-12-27 07:45:41'),
(1218, 2, 128, 1, 1, 0, 1, '2019-11-30 03:37:44', '2026-04-30 13:48:45'),
(1220, 3, 135, 1, 0, 1, 0, '2019-11-30 07:08:56', '2025-12-27 07:45:41'),
(1231, 3, 190, 1, 0, 0, 0, '2019-11-30 03:44:02', '2025-12-27 07:45:41'),
(1232, 3, 192, 1, 0, 0, 0, '2019-11-30 03:44:02', '2025-12-27 07:45:41'),
(1233, 3, 226, 1, 0, 0, 0, '2019-11-30 03:44:02', '2025-12-27 07:45:41'),
(1234, 3, 227, 1, 0, 0, 0, '2019-11-30 03:44:02', '2025-12-27 07:45:41'),
(1235, 3, 224, 1, 0, 0, 0, '2019-11-30 03:44:02', '2025-12-27 07:45:41'),
(1236, 2, 15, 1, 1, 1, 0, '2019-11-30 03:54:25', '2025-12-27 07:45:41'),
(1239, 2, 122, 1, 0, 0, 0, '2019-11-30 03:57:48', '2025-12-27 07:45:41'),
(1240, 2, 136, 1, 0, 0, 0, '2019-11-30 03:57:48', '2025-12-27 07:45:41'),
(1242, 6, 217, 1, 0, 0, 0, '2019-11-30 04:00:13', '2025-12-27 07:45:41'),
(1243, 6, 224, 1, 0, 0, 0, '2019-11-30 04:00:13', '2025-12-27 07:45:41'),
(1245, 2, 20, 1, 1, 1, 1, '2019-11-30 04:01:28', '2025-12-27 07:45:41'),
(1246, 2, 137, 1, 1, 1, 1, '2019-11-30 04:02:40', '2025-12-27 07:45:41'),
(1248, 2, 141, 1, 1, 1, 1, '2019-11-30 04:04:04', '2025-12-27 07:45:41'),
(1250, 2, 187, 1, 0, 0, 0, '2019-11-30 04:11:19', '2025-12-27 07:45:41'),
(1252, 2, 207, 1, 0, 0, 0, '2019-11-30 04:21:21', '2025-12-27 07:45:41'),
(1253, 2, 208, 1, 0, 1, 0, '2019-11-30 04:22:00', '2025-12-27 07:45:41'),
(1255, 2, 210, 1, 0, 1, 0, '2019-11-30 04:22:58', '2025-12-27 07:45:41'),
(1256, 2, 211, 1, 0, 1, 0, '2019-11-30 04:24:03', '2025-12-27 07:45:41'),
(1257, 2, 21, 1, 0, 0, 0, '2019-11-30 04:32:59', '2025-12-27 07:45:41'),
(1259, 2, 188, 1, 0, 0, 0, '2019-11-30 04:34:35', '2025-12-27 07:45:41'),
(1260, 2, 27, 1, 0, 0, 0, '2019-11-30 04:36:13', '2025-12-27 07:45:41'),
(1262, 2, 43, 1, 1, 1, 1, '2019-11-30 04:39:42', '2025-12-27 07:45:41'),
(1263, 2, 44, 1, 0, 0, 0, '2019-11-30 04:41:43', '2025-12-27 07:45:41'),
(1264, 2, 46, 1, 0, 0, 0, '2019-11-30 04:41:43', '2025-12-27 07:45:41'),
(1265, 2, 217, 1, 0, 0, 0, '2019-11-30 04:41:43', '2025-12-27 07:45:41'),
(1266, 2, 146, 1, 0, 0, 0, '2019-11-30 04:46:35', '2025-12-27 07:45:41'),
(1267, 2, 147, 1, 0, 0, 0, '2019-11-30 04:47:37', '2025-12-27 07:45:41'),
(1269, 2, 164, 1, 0, 0, 0, '2019-11-30 04:51:04', '2025-12-27 07:45:41'),
(1271, 2, 109, 1, 1, 0, 0, '2019-11-30 05:03:37', '2025-12-27 07:45:41'),
(1272, 2, 93, 1, 1, 1, 1, '2019-11-30 05:07:25', '2025-12-27 07:45:41'),
(1273, 2, 94, 1, 1, 0, 0, '2019-11-30 05:07:42', '2025-12-27 07:45:41'),
(1275, 2, 102, 1, 1, 1, 1, '2019-11-30 05:11:22', '2025-12-27 07:45:41'),
(1277, 2, 196, 1, 0, 0, 0, '2019-11-30 05:15:01', '2025-12-27 07:45:41'),
(1278, 2, 195, 1, 0, 0, 0, '2019-11-30 05:19:08', '2025-12-27 07:45:41'),
(1279, 2, 185, 1, 1, 1, 1, '2019-11-30 05:21:44', '2025-12-27 07:45:41'),
(1280, 2, 186, 1, 1, 1, 1, '2019-11-30 05:22:43', '2025-12-27 07:45:41'),
(1281, 2, 222, 1, 0, 1, 0, '2019-11-30 05:24:30', '2025-12-27 07:45:41'),
(1283, 3, 5, 1, 1, 0, 1, '2019-11-30 06:43:04', '2025-12-27 07:45:41'),
(1284, 3, 6, 1, 0, 0, 0, '2019-11-30 06:43:29', '2025-12-27 07:45:41'),
(1285, 3, 7, 1, 1, 1, 1, '2019-11-30 06:44:39', '2025-12-27 07:45:41'),
(1286, 3, 68, 1, 0, 0, 0, '2019-11-30 06:46:58', '2025-12-27 07:45:41'),
(1287, 3, 71, 1, 0, 0, 0, '2019-11-30 07:05:41', '2025-12-27 07:45:41'),
(1288, 3, 73, 1, 0, 0, 0, '2019-11-30 07:05:59', '2025-12-27 07:45:41'),
(1289, 3, 74, 1, 0, 0, 0, '2019-11-30 07:06:08', '2025-12-27 07:45:41'),
(1290, 3, 11, 1, 0, 0, 0, '2019-11-30 07:16:37', '2025-12-27 07:45:41'),
(1291, 3, 12, 1, 1, 1, 1, '2019-11-30 07:19:29', '2025-12-27 07:45:41'),
(1292, 3, 13, 1, 1, 1, 1, '2019-11-30 07:22:27', '2025-12-27 07:45:41'),
(1294, 3, 14, 1, 0, 0, 0, '2019-11-30 07:22:55', '2025-12-27 07:45:41'),
(1295, 3, 31, 1, 1, 1, 1, '2019-12-02 06:30:37', '2025-12-27 07:45:41'),
(1297, 3, 37, 1, 1, 1, 1, '2019-11-30 07:28:09', '2025-12-27 07:45:41'),
(1298, 3, 38, 1, 1, 1, 1, '2019-11-30 07:29:02', '2025-12-27 07:45:41'),
(1299, 3, 39, 1, 1, 1, 1, '2019-11-30 07:30:07', '2025-12-27 07:45:41'),
(1300, 3, 40, 1, 1, 1, 1, '2019-11-30 07:32:43', '2025-12-27 07:45:41'),
(1301, 3, 44, 1, 0, 0, 0, '2019-11-30 07:44:09', '2025-12-27 07:45:41'),
(1302, 3, 46, 1, 0, 0, 0, '2019-11-30 07:44:09', '2025-12-27 07:45:41'),
(1303, 3, 217, 1, 0, 0, 0, '2019-11-30 07:44:09', '2025-12-27 07:45:41'),
(1304, 3, 155, 1, 0, 0, 0, '2019-11-30 07:44:32', '2025-12-27 07:45:41'),
(1305, 3, 156, 1, 0, 0, 0, '2019-11-30 07:45:18', '2025-12-27 07:45:41'),
(1306, 3, 157, 1, 0, 0, 0, '2019-11-30 07:45:42', '2025-12-27 07:45:41'),
(1307, 3, 158, 1, 0, 0, 0, '2019-11-30 07:46:07', '2025-12-27 07:45:41'),
(1308, 3, 159, 1, 0, 0, 0, '2019-11-30 07:46:21', '2025-12-27 07:45:41'),
(1309, 3, 160, 1, 0, 0, 0, '2019-11-30 07:46:33', '2025-12-27 07:45:41'),
(1313, 3, 161, 1, 0, 0, 0, '2019-11-30 07:48:26', '2025-12-27 07:45:41'),
(1314, 3, 162, 1, 0, 0, 0, '2019-11-30 07:48:48', '2025-12-27 07:45:41'),
(1315, 3, 163, 1, 0, 0, 0, '2019-11-30 07:48:48', '2025-12-27 07:45:41'),
(1316, 3, 164, 1, 0, 0, 0, '2019-11-30 07:49:47', '2025-12-27 07:45:41'),
(1317, 3, 165, 1, 0, 0, 0, '2019-11-30 07:49:47', '2025-12-27 07:45:41'),
(1318, 3, 174, 1, 0, 0, 0, '2019-11-30 07:49:47', '2025-12-27 07:45:41'),
(1319, 3, 175, 1, 0, 0, 0, '2019-11-30 07:49:59', '2025-12-27 07:45:41'),
(1320, 3, 181, 1, 0, 0, 0, '2019-11-30 07:50:08', '2025-12-27 07:45:41'),
(1321, 3, 86, 1, 1, 1, 1, '2019-11-30 07:54:08', '2025-12-27 07:45:41'),
(1322, 4, 28, 1, 1, 1, 1, '2019-12-01 00:52:39', '2025-12-27 07:45:41'),
(1324, 4, 29, 1, 0, 0, 0, '2019-12-01 00:53:46', '2025-12-27 07:45:41'),
(1325, 4, 30, 1, 0, 0, 0, '2019-12-01 00:53:59', '2025-12-27 07:45:41'),
(1326, 4, 123, 1, 0, 0, 0, '2019-12-01 00:54:26', '2025-12-27 07:45:41'),
(1327, 4, 228, 1, 0, 0, 0, '2019-12-01 00:54:39', '2025-12-27 07:45:41'),
(1328, 4, 43, 1, 1, 1, 1, '2019-12-01 00:58:05', '2025-12-27 07:45:41'),
(1332, 4, 44, 1, 0, 0, 0, '2019-12-01 00:59:16', '2025-12-27 07:45:41'),
(1333, 4, 46, 1, 0, 0, 0, '2019-12-01 00:59:16', '2025-12-27 07:45:41'),
(1334, 4, 217, 1, 0, 0, 0, '2019-12-01 00:59:16', '2025-12-27 07:45:41'),
(1335, 4, 178, 1, 0, 0, 0, '2019-12-01 00:59:59', '2025-12-27 07:45:41'),
(1336, 4, 179, 1, 0, 0, 0, '2019-12-01 01:00:11', '2025-12-27 07:45:41'),
(1337, 4, 180, 1, 0, 0, 0, '2019-12-01 01:00:29', '2025-12-27 07:45:41'),
(1338, 4, 221, 1, 0, 0, 0, '2019-12-01 01:00:46', '2025-12-27 07:45:41'),
(1339, 4, 86, 1, 0, 0, 0, '2019-12-01 01:01:02', '2025-12-27 07:45:41'),
(1341, 4, 106, 1, 0, 0, 0, '2019-12-01 01:05:21', '2025-12-27 07:45:41'),
(1342, 1, 107, 1, 0, 0, 0, '2019-12-01 01:06:44', '2025-12-27 07:45:41'),
(1343, 4, 117, 1, 0, 0, 0, '2019-12-01 01:10:20', '2025-12-27 07:45:41'),
(1344, 4, 194, 1, 0, 0, 0, '2019-12-01 01:11:35', '2025-12-27 07:45:41'),
(1348, 4, 230, 1, 0, 0, 0, '2019-12-01 01:19:15', '2025-12-27 07:45:41'),
(1350, 6, 1, 1, 1, 1, 0, '2019-12-01 01:35:32', '2026-04-30 13:55:06'),
(1351, 6, 21, 1, 0, 0, 0, '2019-12-01 01:36:29', '2025-12-27 07:45:41'),
(1352, 6, 23, 1, 0, 0, 0, '2019-12-01 01:36:45', '2025-12-27 07:45:41'),
(1353, 6, 24, 1, 0, 0, 0, '2019-12-01 01:37:05', '2025-12-27 07:45:41'),
(1354, 6, 25, 1, 0, 0, 0, '2019-12-01 01:37:34', '2025-12-27 07:45:41'),
(1355, 6, 77, 1, 0, 0, 0, '2019-12-01 01:38:08', '2025-12-27 07:45:41'),
(1356, 6, 188, 1, 0, 0, 0, '2019-12-01 01:38:45', '2025-12-27 07:45:41'),
(1357, 6, 43, 1, 1, 1, 1, '2019-12-01 01:40:44', '2025-12-27 07:45:41'),
(1358, 6, 78, 1, 1, 1, 1, '2019-12-01 01:43:04', '2025-12-27 07:45:41'),
(1360, 6, 79, 1, 1, 0, 1, '2019-12-01 01:44:39', '2025-12-27 07:45:41'),
(1361, 6, 80, 1, 1, 1, 1, '2019-12-01 01:45:08', '2025-12-27 07:45:41'),
(1362, 6, 81, 1, 1, 1, 1, '2019-12-01 01:47:50', '2025-12-27 07:45:41'),
(1363, 6, 85, 1, 1, 1, 1, '2019-12-01 01:50:43', '2025-12-27 07:45:41'),
(1364, 6, 86, 1, 0, 0, 0, '2019-12-01 01:51:10', '2025-12-27 07:45:41'),
(1365, 6, 106, 1, 0, 0, 0, '2019-12-01 01:52:55', '2025-12-27 07:45:41'),
(1366, 6, 117, 1, 0, 0, 0, '2019-12-01 01:53:08', '2025-12-27 07:45:41'),
(1394, 1, 106, 1, 0, 0, 0, '2019-12-02 05:20:33', '2025-12-27 07:45:41'),
(1395, 1, 113, 1, 0, 0, 0, '2019-12-02 05:20:59', '2025-12-27 07:45:41'),
(1396, 1, 114, 1, 0, 0, 0, '2019-12-02 05:21:34', '2025-12-27 07:45:41'),
(1397, 1, 115, 1, 0, 0, 0, '2019-12-02 05:21:34', '2025-12-27 07:45:41'),
(1398, 1, 116, 1, 0, 0, 0, '2019-12-02 05:21:54', '2025-12-27 07:45:41'),
(1399, 1, 117, 1, 0, 0, 0, '2019-12-02 05:22:04', '2025-12-27 07:45:41'),
(1400, 1, 118, 1, 0, 0, 0, '2019-12-02 05:22:20', '2025-12-27 07:45:41'),
(1402, 1, 191, 1, 0, 0, 0, '2019-12-02 05:23:34', '2025-12-27 07:45:41'),
(1403, 1, 192, 1, 0, 0, 0, '2019-12-02 05:23:47', '2025-12-27 07:45:41'),
(1404, 1, 193, 1, 0, 0, 0, '2019-12-02 05:23:58', '2025-12-27 07:45:41'),
(1405, 1, 194, 1, 0, 0, 0, '2019-12-02 05:24:11', '2025-12-27 07:45:41'),
(1406, 1, 195, 1, 0, 0, 0, '2019-12-02 05:24:20', '2025-12-27 07:45:41'),
(1408, 1, 227, 1, 0, 0, 0, '2019-12-02 05:25:47', '2025-12-27 07:45:41'),
(1410, 1, 226, 1, 0, 0, 0, '2019-12-02 05:31:41', '2025-12-27 07:45:41'),
(1411, 1, 229, 1, 0, 0, 0, '2019-12-02 05:32:57', '2025-12-27 07:45:41'),
(1412, 1, 230, 1, 0, 0, 0, '2019-12-02 05:32:57', '2025-12-27 07:45:41'),
(1413, 1, 190, 1, 0, 0, 0, '2019-12-02 05:43:41', '2025-12-27 07:45:41'),
(1414, 2, 174, 0, 0, 0, 0, '2019-12-02 05:54:37', '2026-04-30 13:49:40'),
(1415, 2, 175, 0, 0, 0, 0, '2019-12-02 05:54:37', '2026-04-30 13:49:37'),
(1418, 2, 232, 1, 0, 1, 1, '2019-12-02 06:11:27', '2025-12-27 07:45:41'),
(1419, 2, 231, 1, 0, 0, 0, '2019-12-02 06:12:28', '2025-12-27 07:45:41'),
(1420, 1, 231, 1, 1, 1, 1, '2021-01-23 07:09:32', '2025-12-27 07:45:41'),
(1421, 1, 232, 1, 0, 1, 1, '2019-12-02 06:19:32', '2025-12-27 07:45:41'),
(1422, 3, 32, 1, 1, 1, 1, '2019-12-02 06:30:37', '2025-12-27 07:45:41'),
(1423, 3, 33, 1, 1, 1, 1, '2019-12-02 06:30:37', '2025-12-27 07:45:41'),
(1424, 3, 34, 1, 1, 1, 1, '2019-12-02 06:30:37', '2025-12-27 07:45:41'),
(1425, 3, 182, 1, 0, 0, 0, '2019-12-02 06:30:37', '2025-12-27 07:45:41'),
(1426, 3, 183, 1, 0, 0, 0, '2019-12-02 06:30:37', '2025-12-27 07:45:41'),
(1427, 3, 189, 1, 0, 1, 1, '2019-12-02 06:30:37', '2025-12-27 07:45:41'),
(1428, 3, 229, 1, 0, 0, 0, '2019-12-02 06:30:37', '2025-12-27 07:45:41'),
(1429, 3, 230, 1, 0, 0, 0, '2019-12-02 06:30:37', '2025-12-27 07:45:41'),
(1430, 4, 213, 1, 0, 0, 0, '2019-12-02 06:32:14', '2025-12-27 07:45:41'),
(1432, 4, 224, 1, 0, 0, 0, '2019-12-02 06:32:14', '2025-12-27 07:45:41'),
(1433, 4, 195, 1, 0, 0, 0, '2019-12-03 04:57:53', '2025-12-27 07:45:41'),
(1434, 4, 229, 1, 0, 0, 0, '2019-12-03 04:58:19', '2025-12-27 07:45:41'),
(1436, 6, 213, 1, 0, 0, 0, '2019-12-03 05:10:11', '2026-04-30 13:59:04'),
(1437, 6, 191, 1, 0, 0, 0, '2019-12-03 05:10:11', '2025-12-27 07:45:41'),
(1438, 6, 193, 1, 0, 0, 0, '2019-12-03 05:10:11', '2025-12-27 07:45:41'),
(1439, 6, 230, 1, 0, 0, 0, '2019-12-03 05:10:11', '2025-12-27 07:45:41'),
(1440, 2, 106, 1, 0, 0, 0, '2020-01-25 04:21:36', '2025-12-27 07:45:41'),
(1441, 2, 107, 1, 0, 0, 0, '2020-02-12 02:10:13', '2025-12-27 07:45:41'),
(1442, 2, 134, 1, 1, 1, 1, '2020-02-12 02:12:36', '2025-12-27 07:45:41'),
(1443, 1, 233, 1, 0, 0, 0, '2020-02-12 02:21:57', '2025-12-27 07:45:41'),
(1444, 2, 86, 1, 0, 0, 0, '2020-02-12 02:22:33', '2025-12-27 07:45:41'),
(1445, 3, 233, 1, 0, 0, 0, '2020-02-12 03:51:17', '2025-12-27 07:45:41'),
(1446, 1, 234, 1, 1, 1, 1, '2020-06-01 21:51:09', '2025-12-27 07:45:41'),
(1447, 1, 235, 1, 1, 1, 1, '2020-05-29 23:17:01', '2025-12-27 07:45:41'),
(1448, 1, 236, 1, 1, 1, 0, '2020-05-29 23:17:52', '2025-12-27 07:45:41'),
(1449, 1, 237, 1, 0, 1, 0, '2020-05-29 23:18:18', '2025-12-27 07:45:41'),
(1450, 1, 238, 1, 1, 1, 1, '2020-05-29 23:19:52', '2025-12-27 07:45:41'),
(1451, 1, 239, 1, 1, 1, 1, '2020-05-29 23:22:10', '2025-12-27 07:45:41'),
(1452, 2, 236, 1, 1, 1, 0, '2020-05-29 23:40:33', '2025-12-27 07:45:41'),
(1453, 2, 237, 1, 0, 1, 0, '2020-05-29 23:40:33', '2025-12-27 07:45:41'),
(1454, 2, 238, 1, 1, 1, 1, '2020-05-29 23:40:33', '2025-12-27 07:45:41'),
(1455, 2, 239, 1, 1, 1, 1, '2020-05-29 23:40:33', '2025-12-27 07:45:41'),
(1456, 2, 240, 1, 0, 0, 0, '2020-05-28 20:51:18', '2025-12-27 07:45:41'),
(1457, 2, 241, 1, 0, 0, 0, '2020-05-28 20:51:18', '2025-12-27 07:45:41'),
(1458, 1, 240, 1, 0, 0, 0, '2020-06-07 18:30:42', '2025-12-27 07:45:41'),
(1459, 1, 241, 1, 0, 0, 0, '2020-06-07 18:30:42', '2025-12-27 07:45:41'),
(1460, 1, 242, 1, 0, 0, 0, '2020-06-07 18:30:42', '2025-12-27 07:45:41'),
(1461, 2, 242, 1, 0, 0, 0, '2020-06-11 22:45:24', '2025-12-27 07:45:41'),
(1462, 3, 242, 1, 0, 0, 0, '2020-06-14 22:46:54', '2025-12-27 07:45:41'),
(1463, 6, 242, 1, 0, 0, 0, '2020-06-14 22:48:14', '2025-12-27 07:45:41'),
(1464, 1, 243, 1, 0, 0, 0, '2020-09-12 06:05:45', '2025-12-27 07:45:41'),
(1465, 1, 109, 1, 1, 0, 0, '2020-09-21 06:33:50', '2025-12-27 07:45:41'),
(1466, 1, 108, 1, 0, 1, 1, '2023-11-04 12:52:08', '2025-12-27 07:45:41'),
(1467, 1, 244, 1, 0, 0, 0, '2020-09-21 06:59:54', '2025-12-27 07:45:41'),
(1468, 1, 245, 1, 0, 0, 0, '2020-09-21 06:59:54', '2025-12-27 07:45:41'),
(1469, 1, 246, 1, 0, 0, 0, '2020-09-21 06:59:54', '2025-12-27 07:45:41'),
(1470, 1, 247, 1, 0, 0, 0, '2021-01-07 06:12:14', '2025-12-27 07:45:41'),
(1472, 2, 247, 1, 0, 0, 0, '2021-01-21 12:46:40', '2025-12-27 07:45:41'),
(1473, 1, 248, 1, 1, 1, 1, '2021-05-19 12:52:49', '2025-12-27 07:45:41'),
(1474, 1, 249, 1, 0, 0, 0, '2021-05-19 12:52:49', '2025-12-27 07:45:41'),
(1475, 2, 248, 1, 1, 1, 1, '2021-05-28 13:11:52', '2025-12-27 07:45:41'),
(1476, 3, 248, 1, 1, 1, 1, '2021-05-28 09:36:16', '2025-12-27 07:45:41'),
(1477, 3, 249, 1, 0, 0, 0, '2021-05-28 09:36:16', '2025-12-27 07:45:41'),
(1478, 6, 248, 1, 0, 0, 0, '2021-05-28 09:56:14', '2025-12-27 07:45:41'),
(1479, 6, 249, 1, 0, 0, 0, '2021-05-28 09:56:14', '2025-12-27 07:45:41'),
(1480, 2, 249, 1, 0, 0, 0, '2021-05-28 13:11:52', '2025-12-27 07:45:41'),
(1481, 1, 269, 1, 0, 0, 1, '2023-11-04 12:52:08', '2025-12-27 07:45:41'),
(1482, 2, 269, 1, 0, 0, 1, '2023-11-04 12:52:28', '2025-12-27 07:45:41'),
(1483, 3, 269, 1, 0, 0, 1, '2023-11-04 12:53:22', '2025-12-27 07:45:41'),
(1484, 4, 269, 1, 0, 0, 1, '2023-11-04 12:53:34', '2025-12-27 07:45:41'),
(1485, 6, 269, 1, 0, 0, 1, '2023-11-04 12:53:52', '2025-12-27 07:45:41'),
(1486, 1, 294, 1, NULL, NULL, NULL, '2025-10-22 10:42:51', '2025-10-22 10:54:05'),
(1487, 1, 272, 1, NULL, NULL, NULL, '2025-12-29 11:39:48', '2025-12-29 11:39:48'),
(1488, 1, 251, 1, 1, 1, 1, '2025-12-29 11:39:56', '2025-12-29 11:40:00'),
(1489, 1, 266, 1, NULL, NULL, NULL, '2025-12-29 11:40:01', '2025-12-29 11:40:01'),
(1490, 1, 267, 1, NULL, NULL, NULL, '2025-12-29 11:40:05', '2025-12-29 11:40:05'),
(1491, 1, 268, 1, 1, 1, 1, '2025-12-29 11:40:07', '2025-12-29 11:40:10'),
(1492, 1, 270, 1, 1, 1, 1, '2025-12-29 11:40:11', '2025-12-29 11:40:15'),
(1493, 1, 259, 1, NULL, 1, NULL, '2025-12-29 11:40:18', '2025-12-29 11:40:20'),
(1494, 1, 260, 1, 1, 1, 1, '2025-12-29 11:40:21', '2025-12-29 11:40:36'),
(1495, 1, 261, 1, 1, 1, 1, '2025-12-29 11:40:23', '2025-12-29 11:40:34'),
(1496, 1, 262, 1, 1, 1, NULL, '2025-12-29 11:40:24', '2025-12-29 11:40:33'),
(1497, 1, 252, 1, NULL, 1, 1, '2025-12-29 11:40:38', '2025-12-29 11:40:41'),
(1498, 1, 253, 1, NULL, NULL, NULL, '2025-12-29 11:40:42', '2025-12-29 11:40:42'),
(1499, 1, 254, 1, 1, 1, 1, '2025-12-29 11:40:44', '2025-12-29 11:40:51'),
(1500, 1, 255, 1, 1, 1, 1, '2025-12-29 11:40:45', '2025-12-29 11:40:52'),
(1501, 1, 256, 1, NULL, NULL, NULL, '2025-12-29 11:40:56', '2025-12-29 11:40:56'),
(1502, 1, 257, 1, NULL, NULL, NULL, '2025-12-29 11:40:57', '2025-12-29 11:40:57'),
(1503, 1, 258, 1, NULL, NULL, NULL, '2025-12-29 11:40:59', '2025-12-29 11:40:59'),
(1504, 1, 276, 1, NULL, NULL, NULL, '2025-12-29 11:41:00', '2025-12-29 11:41:00'),
(1505, 1, 283, 1, NULL, NULL, NULL, '2025-12-29 11:41:01', '2025-12-29 11:41:01'),
(1506, 1, 284, 1, NULL, NULL, NULL, '2025-12-29 11:41:02', '2025-12-29 11:41:02'),
(1507, 1, 285, 1, NULL, NULL, NULL, '2025-12-29 11:41:04', '2025-12-29 11:41:04'),
(1508, 1, 286, 1, NULL, NULL, NULL, '2025-12-29 11:41:05', '2025-12-29 11:41:05'),
(1509, 1, 288, 1, NULL, NULL, NULL, '2025-12-29 11:41:06', '2025-12-29 11:41:06'),
(1510, 1, 293, 1, NULL, NULL, NULL, '2025-12-29 11:41:07', '2025-12-29 11:41:07'),
(1511, 1, 264, 0, NULL, NULL, NULL, '2025-12-29 11:41:11', '2025-12-29 11:41:24'),
(1512, 1, 265, 0, NULL, NULL, NULL, '2025-12-29 11:41:14', '2025-12-29 11:41:23'),
(1513, 1, 271, 0, NULL, NULL, NULL, '2025-12-29 11:41:15', '2025-12-29 11:41:22'),
(1514, 1, 250, 1, NULL, NULL, NULL, '2025-12-29 11:41:40', '2025-12-29 11:41:40'),
(1515, 1, 289, 1, NULL, NULL, NULL, '2025-12-29 11:41:44', '2025-12-29 11:41:44'),
(1516, 1, 290, 1, NULL, NULL, NULL, '2025-12-29 11:41:45', '2025-12-29 11:41:45'),
(1517, 1, 291, 1, NULL, NULL, NULL, '2025-12-29 11:41:46', '2025-12-29 11:41:46'),
(1518, 1, 292, 1, NULL, NULL, NULL, '2025-12-29 11:41:47', '2025-12-29 11:41:47'),
(1519, 1, 280, 1, NULL, NULL, NULL, '2025-12-29 11:41:53', '2025-12-29 11:41:53'),
(1520, 1, 281, 1, NULL, NULL, NULL, '2025-12-29 11:41:54', '2025-12-29 11:41:54'),
(1521, 1, 282, 1, NULL, NULL, NULL, '2025-12-29 11:41:55', '2025-12-29 11:41:55'),
(1522, 1, 263, 1, 1, NULL, 1, '2025-12-29 11:41:59', '2025-12-29 11:42:02'),
(1523, 1, 273, 1, NULL, NULL, NULL, '2025-12-29 11:42:03', '2025-12-29 11:42:03'),
(1524, 1, 274, 1, 1, 1, 1, '2025-12-29 11:42:05', '2025-12-29 11:42:10'),
(1525, 1, 275, 1, 1, 1, 1, '2025-12-29 11:42:11', '2025-12-29 11:42:16'),
(1526, 1, 277, 1, NULL, NULL, NULL, '2025-12-29 11:42:17', '2025-12-29 11:42:17'),
(1527, 1, 278, 1, 1, NULL, 1, '2025-12-29 11:42:18', '2025-12-29 11:42:21'),
(1528, 1, 279, 1, NULL, NULL, NULL, '2025-12-29 11:42:22', '2025-12-29 11:42:22'),
(1529, 1, 13001, 1, 0, 0, 0, '2025-01-17 06:26:55', '2026-04-29 12:34:20'),
(1530, 1, 8001, 1, 1, 0, 1, '2022-05-05 07:00:06', '2026-04-29 12:35:03'),
(1531, 2, 8003, 1, 0, 0, 0, '2022-05-05 06:50:12', '2026-04-29 12:35:03'),
(1532, 2, 8004, 1, 0, 0, 0, '2022-05-05 06:50:42', '2026-04-29 12:35:03'),
(1533, 2, 8005, 1, 0, 0, 0, '2022-05-05 06:50:59', '2026-04-29 12:35:03'),
(1534, 2, 8006, 1, 0, 0, 0, '2022-05-05 06:51:17', '2026-04-29 12:35:03'),
(1535, 1, 8002, 1, 1, 1, 1, '2022-05-05 07:01:15', '2026-04-29 12:35:03'),
(1536, 1, 8003, 1, 0, 0, 0, '2022-05-05 07:01:49', '2026-04-29 12:35:03'),
(1537, 1, 8004, 1, 0, 0, 0, '2022-05-05 07:05:12', '2026-04-29 12:35:03'),
(1538, 1, 8005, 1, 0, 0, 0, '2022-05-05 07:08:53', '2026-04-29 12:35:03'),
(1539, 1, 8006, 1, 0, 0, 0, '2022-05-05 07:10:42', '2026-04-29 12:35:03'),
(1540, 2, 8008, 1, 0, 0, 0, '2022-05-05 07:11:34', '2026-04-29 12:35:03'),
(1541, 1, 8007, 1, 0, 0, 0, '2022-05-05 07:12:37', '2026-04-29 12:35:03'),
(1542, 1, 8008, 1, 0, 0, 0, '2022-05-05 07:15:07', '2026-04-29 12:35:03'),
(1543, 1, 8009, 1, 0, 1, 0, '2022-05-05 08:19:18', '2026-04-29 12:35:03'),
(1544, 2, 8007, 1, 0, 0, 0, '2022-05-05 07:26:02', '2026-04-29 12:35:03'),
(1545, 2, 8002, 1, 1, 1, 1, '2022-05-05 09:47:39', '2026-04-29 12:35:03'),
(1546, 2, 8009, 1, 0, 1, 0, '2022-05-05 08:25:01', '2026-04-29 12:35:03'),
(1547, 2, 8001, 1, 1, 0, 1, '2022-05-05 09:47:39', '2026-04-29 12:35:03'),
(1548, 4, 8001, 1, 1, 0, 1, '2022-05-05 08:37:50', '2026-04-29 12:35:03'),
(1549, 4, 8002, 1, 1, 1, 1, '2022-05-05 08:37:50', '2026-04-29 12:35:03'),
(1550, 4, 8003, 1, 0, 0, 0, '2022-05-05 08:32:25', '2026-04-29 12:35:03'),
(1551, 4, 8004, 1, 0, 0, 0, '2022-05-05 08:32:25', '2026-04-29 12:35:03'),
(1552, 4, 8005, 1, 0, 0, 0, '2022-05-05 08:32:25', '2026-04-29 12:35:03'),
(1553, 4, 8006, 1, 0, 0, 0, '2022-05-05 08:32:25', '2026-04-29 12:35:03'),
(1554, 4, 8007, 1, 0, 0, 0, '2022-05-05 08:32:25', '2026-04-29 12:35:03'),
(1555, 4, 8008, 1, 0, 0, 0, '2022-05-05 08:32:25', '2026-04-29 12:35:03'),
(1556, 4, 8009, 1, 0, 0, 0, '2022-05-05 08:32:25', '2026-04-29 12:35:03'),
(1557, 3, 8001, 1, 1, 0, 1, '2022-05-05 08:36:56', '2026-04-29 12:35:03'),
(1558, 3, 8002, 1, 1, 1, 1, '2022-05-05 08:42:21', '2026-04-29 12:35:03'),
(1559, 3, 8003, 1, 0, 0, 0, '2022-05-05 08:44:16', '2026-04-29 12:35:03'),
(1560, 3, 8004, 1, 0, 0, 0, '2022-05-05 08:49:05', '2026-04-29 12:35:03'),
(1561, 3, 8005, 1, 0, 0, 0, '2022-05-05 08:54:09', '2026-04-29 12:35:03'),
(1562, 3, 8006, 1, 0, 0, 0, '2022-05-05 08:57:04', '2026-04-29 12:35:03'),
(1563, 3, 8007, 1, 0, 0, 0, '2022-05-05 09:00:02', '2026-04-29 12:35:03'),
(1564, 3, 8008, 1, 0, 0, 0, '2022-05-05 09:02:30', '2026-04-29 12:35:03'),
(1565, 3, 8009, 1, 0, 1, 0, '2022-05-05 09:09:34', '2026-04-29 12:35:03'),
(1566, 2, 6001, 1, 1, 0, 1, '2021-01-29 09:31:16', '2026-04-29 12:37:26'),
(1567, 1, 6001, 1, 1, 0, 1, '2020-09-23 12:59:22', '2026-04-29 12:37:26'),
(1568, 1, 6002, 1, 1, 0, 1, '2020-09-23 13:01:52', '2026-04-29 12:37:26'),
(1569, 1, 6003, 1, 0, 0, 0, '2020-09-23 13:02:06', '2026-04-29 12:37:26'),
(1570, 1, 6004, 1, 0, 0, 0, '2020-09-23 13:02:33', '2026-04-29 12:37:26'),
(1571, 1, 6005, 1, 0, 1, 0, '2021-01-29 07:45:05', '2026-04-29 12:37:26'),
(1572, 2, 6005, 1, 0, 1, 0, '2021-01-29 11:08:20', '2026-04-29 12:37:26'),
(1573, 2, 6002, 1, 1, 0, 1, '2021-01-29 07:58:48', '2026-04-29 12:37:26'),
(1574, 3, 6002, 1, 1, 0, 1, '2021-01-29 07:26:08', '2026-04-29 12:37:26'),
(1575, 3, 6003, 1, 0, 0, 0, '2021-01-29 07:26:08', '2026-04-29 12:37:26'),
(1576, 3, 6005, 1, 0, 1, 0, '2021-01-29 07:26:08', '2026-04-29 12:37:26'),
(1577, 4, 6001, 1, 1, 0, 1, '2021-01-29 07:26:53', '2026-04-29 12:37:26'),
(1578, 4, 6002, 1, 1, 0, 1, '2021-01-29 07:26:53', '2026-04-29 12:37:26'),
(1579, 6, 6001, 1, 1, 0, 1, '2021-01-29 07:27:32', '2026-04-29 12:37:26'),
(1580, 6, 6002, 1, 1, 0, 1, '2021-01-29 07:27:32', '2026-04-29 12:37:26'),
(1581, 6, 6005, 1, 0, 1, 0, '2021-01-29 07:27:32', '2026-04-29 12:37:26'),
(1582, 2, 6003, 1, 0, 0, 0, '2021-01-29 09:31:16', '2026-04-29 12:37:26'),
(1583, 2, 6004, 1, 0, 0, 0, '2021-01-29 09:31:16', '2026-04-29 12:37:26'),
(1584, 4, 6005, 1, 0, 1, 0, '2022-07-13 04:28:08', '2026-04-29 12:37:26'),
(1585, 1, 7001, 1, 1, 1, 1, '2021-05-11 07:21:33', '2026-04-29 12:37:42'),
(1586, 1, 7002, 1, 0, 0, 0, '2021-05-17 05:28:47', '2026-04-29 12:37:42'),
(1587, 1, 7003, 1, 1, 1, 1, '2021-05-11 08:29:37', '2026-04-29 12:37:42'),
(1588, 1, 7005, 1, 1, 1, 1, '2021-05-17 05:28:47', '2026-04-29 12:37:42'),
(1589, 1, 7004, 1, 1, 1, 1, '2021-05-11 10:00:50', '2026-04-29 12:37:42'),
(1590, 1, 7006, 1, 1, 0, 0, '2021-05-17 05:28:47', '2026-04-29 12:37:42'),
(1591, 1, 7007, 1, 0, 0, 0, '2021-05-11 10:00:50', '2026-04-29 12:37:42'),
(1592, 1, 7008, 1, 0, 0, 0, '2021-05-11 10:00:50', '2026-04-29 12:37:42'),
(1593, 1, 7009, 1, 0, 0, 0, '2021-05-11 10:00:50', '2026-04-29 12:37:42'),
(1594, 1, 7010, 1, 0, 0, 0, '2021-05-11 10:00:50', '2026-04-29 12:37:42'),
(1595, 2, 7001, 1, 1, 1, 1, '2021-05-15 11:07:28', '2026-04-29 12:37:42'),
(1596, 2, 7002, 1, 0, 0, 0, '2021-05-17 10:51:44', '2026-04-29 12:37:42'),
(1597, 2, 7003, 1, 1, 1, 1, '2021-05-15 10:28:38', '2026-04-29 12:37:42'),
(1598, 2, 7004, 1, 1, 1, 1, '2021-05-15 10:28:38', '2026-04-29 12:37:42'),
(1599, 3, 7006, 1, 1, 0, 0, '2021-05-17 10:52:19', '2026-04-29 12:37:42'),
(1600, 3, 7007, 1, 0, 0, 0, '2021-05-17 04:32:06', '2026-04-29 12:37:42'),
(1601, 1, 7011, 1, 0, 0, 0, '2021-05-17 05:28:47', '2026-04-29 12:37:42'),
(1602, 2, 7005, 1, 1, 1, 1, '2021-05-17 10:51:44', '2026-04-29 12:37:42'),
(1603, 2, 7010, 1, 0, 0, 0, '2021-05-17 10:51:44', '2026-04-29 12:37:42'),
(1604, 1, 7012, 1, 0, 0, 1, '2022-06-20 04:20:01', '2026-04-29 12:37:42'),
(1605, 1, 7013, 1, 0, 1, 1, '2022-06-18 09:52:16', '2026-04-29 12:37:42'),
(1606, 1, 7014, 1, 1, 1, 1, '2021-05-15 10:28:38', '2026-04-29 12:37:42'),
(1607, 6, 7014, 1, 1, 1, 1, '2022-06-18 09:09:15', '2026-04-29 12:37:42'),
(1608, 6, 7013, 1, 0, 0, 0, '2022-06-18 09:13:07', '2026-04-29 12:37:42'),
(1609, 4, 7012, 1, 0, 0, 0, '2022-07-15 04:22:20', '2026-04-29 12:37:42'),
(1610, 4, 7013, 1, 0, 1, 1, '2022-07-15 04:26:29', '2026-04-29 12:37:42'),
(1611, 4, 7014, 1, 1, 1, 1, '2022-07-15 04:24:48', '2026-04-29 12:37:42'),
(1612, 2, 7012, 1, 0, 0, 1, '2022-07-15 05:01:12', '2026-04-29 12:37:42'),
(1613, 2, 7013, 1, 0, 0, 1, '2022-07-15 05:01:12', '2026-04-29 12:37:42'),
(1614, 2, 7014, 1, 0, 0, 1, '2022-07-15 05:01:12', '2026-04-29 12:37:42'),
(1615, 3, 7012, 1, 0, 0, 0, '2022-07-15 05:31:18', '2026-04-29 12:37:42'),
(1616, 3, 7013, 1, 0, 0, 0, '2022-07-15 05:31:18', '2026-04-29 12:37:42'),
(1617, 3, 7014, 1, 0, 0, 0, '2022-07-15 05:31:18', '2026-04-29 12:37:42'),
(1618, 1, 7015, 1, 1, 1, 1, '2021-05-11 07:21:33', '2026-04-29 12:37:42'),
(1619, 1, 7016, 1, 1, 1, 1, '2021-05-11 07:21:33', '2026-04-29 12:37:42'),
(1620, 1, 7017, 1, 1, 1, 1, '2021-05-11 07:21:33', '2026-04-29 12:37:42'),
(1621, 1, 7018, 1, 1, 1, 1, '2021-05-11 07:21:33', '2026-04-29 12:37:42'),
(1622, 1, 7019, 1, 0, 0, 0, '2021-05-11 07:21:33', '2026-04-29 12:37:42'),
(1623, 1, 7020, 1, 0, 0, 0, '2021-05-11 07:21:33', '2026-04-29 12:37:42'),
(1624, 1, 7021, 1, 0, 0, 0, '2021-05-11 07:21:33', '2026-04-29 12:37:42'),
(1625, 1, 7022, 1, 0, 0, 0, '2021-05-11 07:21:33', '2026-04-29 12:37:42'),
(1626, 1, 7023, 1, 0, 0, 0, '2021-05-11 07:21:33', '2026-04-29 12:37:42'),
(1627, 1, 7024, 1, 0, 0, 0, '2021-05-11 07:21:33', '2026-04-29 12:37:42'),
(1628, 1, 14001, 1, 0, 0, 0, '2025-01-17 06:26:55', '2026-04-29 12:38:41'),
(1629, 1, 15001, 1, NULL, NULL, NULL, '2025-09-04 09:07:00', '2025-10-04 06:41:16'),
(1630, 1, 11001, 1, 0, 0, 0, '2022-05-05 07:00:06', '2026-04-29 12:40:36'),
(1631, 1, 11002, 1, 0, 0, 0, '2022-05-05 06:50:12', '2026-04-29 12:40:36'),
(1632, 3, 5005, 1, 0, 0, 0, '2022-07-13 09:54:15', '2026-04-29 12:42:24'),
(1633, 2, 5005, 1, 0, 0, 0, '2022-07-13 10:20:33', '2026-04-29 12:42:24'),
(1634, 6, 5005, 1, 0, 0, 0, '2022-07-13 10:29:49', '2026-04-29 12:42:24'),
(1635, 1, 5005, 1, 0, 0, 0, '2022-07-13 10:57:22', '2026-04-29 12:42:24'),
(1636, 4, 5005, 1, 0, 0, 0, '2022-07-13 11:23:43', '2026-04-29 12:42:24'),
(1637, 3, 5004, 1, 0, 0, 0, '2020-06-14 13:03:50', '2026-04-29 12:42:24'),
(1638, 6, 5004, 1, 0, 0, 0, '2022-07-13 10:29:49', '2026-04-29 12:42:24'),
(1639, 2, 5004, 1, 0, 0, 0, '2022-07-13 10:20:19', '2026-04-29 12:42:24'),
(1640, 1, 5004, 1, 0, 0, 0, '2022-07-13 10:57:22', '2026-04-29 12:42:24'),
(1641, 4, 5004, 1, 0, 0, 0, '2022-07-13 11:23:43', '2026-04-29 12:42:24'),
(1642, 2, 5003, 1, 1, 0, 0, '2022-07-13 10:21:13', '2026-04-29 12:42:24'),
(1643, 6, 5003, 1, 0, 0, 1, '2022-07-13 10:33:55', '2026-04-29 12:42:24'),
(1644, 1, 5003, 1, 1, 0, 1, '2022-07-13 11:00:28', '2026-04-29 12:42:24'),
(1645, 4, 5003, 1, 1, 0, 0, '2022-07-13 11:38:07', '2026-04-29 12:42:24'),
(1646, 3, 5003, 1, 1, 0, 1, '2020-06-14 13:03:50', '2026-04-29 12:42:24'),
(1647, 2, 5002, 1, 1, 0, 0, '2022-07-13 10:25:20', '2026-04-29 12:42:24'),
(1648, 6, 5002, 1, 1, 0, 1, '2022-07-13 10:52:36', '2026-04-29 12:42:24'),
(1649, 1, 5002, 1, 1, 0, 1, '2022-07-13 11:00:28', '2026-04-29 12:42:24'),
(1650, 4, 5002, 1, 1, 0, 0, '2022-07-13 11:38:07', '2026-04-29 12:42:24'),
(1651, 2, 5001, 1, 0, 1, 0, '2022-07-13 10:28:26', '2026-04-29 12:42:24'),
(1652, 1, 5001, 1, 0, 1, 0, '2022-07-13 11:00:36', '2026-04-29 12:42:24'),
(1653, 6, 5001, 1, 0, 1, 0, '2022-07-13 10:52:36', '2026-04-29 12:42:24'),
(1654, 4, 5001, 1, 0, 0, 0, '2022-07-13 11:49:49', '2026-04-29 12:42:24'),
(1655, 2, 244, 1, NULL, NULL, NULL, '2026-04-30 13:50:02', '2026-04-30 13:50:02'),
(1656, 2, 246, 1, NULL, NULL, NULL, '2026-04-30 13:50:09', '2026-04-30 13:50:09'),
(1657, 2, 285, 1, NULL, NULL, NULL, '2026-04-30 13:50:16', '2026-04-30 13:50:16'),
(1658, 2, 250, 1, NULL, NULL, NULL, '2026-04-30 13:50:42', '2026-04-30 13:50:42'),
(1659, 2, 274, 1, NULL, NULL, NULL, '2026-04-30 13:51:17', '2026-04-30 13:51:17'),
(1660, 2, 275, 1, NULL, NULL, NULL, '2026-04-30 13:51:23', '2026-04-30 13:51:23'),
(1661, 2, 7017, 1, NULL, NULL, NULL, '2026-04-30 13:51:40', '2026-04-30 13:51:40'),
(1662, 2, 7016, 1, NULL, NULL, NULL, '2026-04-30 13:51:42', '2026-04-30 13:51:42'),
(1663, 2, 7018, 1, NULL, NULL, NULL, '2026-04-30 13:51:48', '2026-04-30 13:51:48'),
(1664, 2, 7019, 1, NULL, NULL, NULL, '2026-04-30 13:51:49', '2026-04-30 13:51:49'),
(1665, 2, 7022, 1, NULL, NULL, NULL, '2026-04-30 13:51:55', '2026-04-30 13:51:55'),
(1666, 2, 7023, 1, NULL, NULL, NULL, '2026-04-30 13:51:57', '2026-04-30 13:51:57'),
(1667, 2, 9001, 1, 1, 1, 1, '2026-04-30 13:52:07', '2026-04-30 13:52:10'),
(1668, 2, 9002, 1, NULL, NULL, NULL, '2026-04-30 13:52:12', '2026-04-30 13:52:12'),
(1669, 2, 9003, 1, NULL, 1, NULL, '2026-04-30 13:52:13', '2026-04-30 13:52:27'),
(1670, 2, 9004, 1, NULL, 1, NULL, '2026-04-30 13:52:14', '2026-04-30 13:52:28'),
(1671, 2, 9005, 1, NULL, 1, NULL, '2026-04-30 13:52:18', '2026-04-30 13:52:26'),
(1672, 2, 9007, 1, NULL, 1, NULL, '2026-04-30 13:52:20', '2026-04-30 13:52:29'),
(1673, 2, 9006, 1, NULL, 1, NULL, '2026-04-30 13:52:22', '2026-04-30 13:52:25'),
(1674, 2, 9008, 1, NULL, NULL, NULL, '2026-04-30 13:52:32', '2026-04-30 13:52:32'),
(1675, 2, 9009, 1, 1, 1, 1, '2026-04-30 13:52:34', '2026-04-30 13:52:37'),
(1676, 2, 9010, 1, 1, 1, 1, '2026-04-30 13:52:41', '2026-04-30 13:52:48'),
(1677, 2, 9011, 1, 1, 1, 1, '2026-04-30 13:52:42', '2026-04-30 13:53:06'),
(1678, 2, 9012, 1, 1, 1, 1, '2026-04-30 13:52:49', '2026-04-30 13:53:03'),
(1679, 2, 9013, 1, 1, 1, 1, '2026-04-30 13:52:57', '2026-04-30 13:53:07'),
(1680, 2, 9020, 1, NULL, NULL, NULL, '2026-04-30 13:53:13', '2026-04-30 13:53:13'),
(1681, 2, 9021, 1, 1, 1, NULL, '2026-04-30 13:53:15', '2026-04-30 13:53:18'),
(1682, 2, 9022, 1, NULL, NULL, NULL, '2026-04-30 13:53:23', '2026-04-30 13:53:23'),
(1683, 2, 9023, 1, 1, 1, NULL, '2026-04-30 13:53:25', '2026-04-30 13:53:26'),
(1684, 2, 12001, 1, NULL, NULL, NULL, '2026-04-30 13:53:34', '2026-04-30 13:53:34'),
(1685, 2, 15001, 1, NULL, NULL, NULL, '2026-04-30 13:53:44', '2026-04-30 13:53:44'),
(1686, 6, 3, 1, NULL, NULL, NULL, '2026-04-30 13:55:13', '2026-04-30 13:55:13'),
(1687, 6, 128, 1, NULL, NULL, NULL, '2026-04-30 13:55:15', '2026-04-30 13:55:15'),
(1688, 6, 134, 1, NULL, NULL, NULL, '2026-04-30 13:55:19', '2026-04-30 13:55:19'),
(1689, 6, 5, 1, 1, NULL, 1, '2026-04-30 13:55:26', '2026-05-13 11:26:44'),
(1690, 6, 6, 1, NULL, NULL, NULL, '2026-04-30 13:55:35', '2026-04-30 13:55:35'),
(1691, 6, 7, 1, 1, 1, 1, '2026-04-30 13:55:40', '2026-05-13 11:26:47'),
(1692, 6, 8, 1, 1, 1, 1, '2026-04-30 13:55:42', '2026-05-13 11:26:51'),
(1693, 6, 68, 1, NULL, NULL, NULL, '2026-04-30 13:55:43', '2026-04-30 13:55:43'),
(1694, 6, 69, 1, 1, 1, 1, '2026-04-30 13:55:44', '2026-05-13 11:26:52'),
(1695, 6, 70, 1, 1, 1, 1, '2026-04-30 13:55:46', '2026-04-30 13:55:51'),
(1696, 6, 71, 1, NULL, NULL, NULL, '2026-04-30 13:56:01', '2026-04-30 13:56:01'),
(1697, 6, 73, 1, NULL, NULL, NULL, '2026-04-30 13:56:03', '2026-04-30 13:56:03'),
(1698, 6, 74, 1, NULL, NULL, NULL, '2026-04-30 13:56:04', '2026-04-30 13:56:04'),
(1699, 6, 135, 1, NULL, 1, NULL, '2026-04-30 13:56:05', '2026-04-30 13:56:06'),
(1700, 6, 272, 1, NULL, NULL, NULL, '2026-04-30 13:56:10', '2026-04-30 13:56:10'),
(1701, 6, 9, 1, 1, 1, NULL, '2026-04-30 13:56:14', '2026-04-30 13:56:20'),
(1702, 6, 10, 1, 1, 1, NULL, '2026-04-30 13:56:15', '2026-04-30 13:56:21'),
(1703, 6, 11, 1, NULL, NULL, NULL, '2026-04-30 13:56:16', '2026-04-30 13:56:16'),
(1704, 6, 12, 1, 1, 1, NULL, '2026-04-30 13:56:24', '2026-04-30 13:56:29'),
(1705, 6, 13, 1, 1, 1, NULL, '2026-04-30 13:56:25', '2026-04-30 13:56:29'),
(1706, 6, 14, 1, NULL, NULL, NULL, '2026-04-30 13:56:26', '2026-04-30 13:56:26'),
(1707, 6, 15, 1, NULL, NULL, NULL, '2026-04-30 13:56:34', '2026-04-30 13:56:34'),
(1708, 6, 122, 1, NULL, NULL, NULL, '2026-04-30 13:56:35', '2026-04-30 13:56:35'),
(1709, 6, 136, 1, NULL, NULL, NULL, '2026-04-30 13:56:37', '2026-04-30 13:56:37'),
(1710, 6, 37, 1, NULL, NULL, NULL, '2026-04-30 13:56:50', '2026-04-30 13:56:50'),
(1711, 6, 38, 1, 0, NULL, NULL, '2026-04-30 13:56:51', '2026-04-30 13:56:59'),
(1712, 6, 39, 1, 0, NULL, NULL, '2026-04-30 13:56:52', '2026-04-30 13:57:00'),
(1713, 6, 259, 1, NULL, 1, NULL, '2026-04-30 13:56:53', '2026-04-30 13:57:22'),
(1714, 6, 260, 1, NULL, NULL, NULL, '2026-04-30 13:57:09', '2026-04-30 13:57:09'),
(1715, 6, 261, 1, NULL, NULL, NULL, '2026-04-30 13:57:11', '2026-04-30 13:57:11'),
(1716, 6, 262, 1, 1, 1, NULL, '2026-04-30 13:57:12', '2026-04-30 13:57:17'),
(1717, 6, 146, 1, NULL, NULL, NULL, '2026-04-30 13:57:30', '2026-04-30 13:57:30'),
(1718, 6, 147, 1, NULL, NULL, NULL, '2026-04-30 13:57:31', '2026-04-30 13:57:31'),
(1719, 6, 148, 1, NULL, NULL, NULL, '2026-04-30 13:57:32', '2026-04-30 13:57:32'),
(1720, 6, 151, 1, NULL, NULL, NULL, '2026-04-30 13:57:39', '2026-04-30 13:57:39'),
(1721, 6, 154, 1, NULL, NULL, NULL, '2026-04-30 13:57:44', '2026-04-30 13:57:44'),
(1722, 6, 155, 1, NULL, NULL, NULL, '2026-04-30 13:57:45', '2026-04-30 13:57:45'),
(1723, 6, 156, 1, NULL, NULL, NULL, '2026-04-30 13:57:47', '2026-04-30 13:57:47'),
(1724, 6, 157, 1, NULL, NULL, NULL, '2026-04-30 13:57:47', '2026-04-30 13:57:47'),
(1725, 6, 159, 1, NULL, NULL, NULL, '2026-04-30 13:57:51', '2026-04-30 13:57:51'),
(1726, 6, 160, 1, NULL, NULL, NULL, '2026-04-30 13:57:53', '2026-04-30 13:57:53'),
(1727, 6, 158, 1, NULL, NULL, NULL, '2026-04-30 13:57:55', '2026-04-30 13:57:55'),
(1728, 6, 161, 1, NULL, NULL, NULL, '2026-04-30 13:57:57', '2026-04-30 13:57:57'),
(1729, 6, 163, 1, NULL, NULL, NULL, '2026-04-30 13:57:59', '2026-04-30 13:57:59'),
(1730, 6, 162, 1, NULL, NULL, NULL, '2026-04-30 13:58:00', '2026-04-30 13:58:00'),
(1731, 6, 256, 1, NULL, NULL, NULL, '2026-04-30 13:58:18', '2026-04-30 13:58:18'),
(1732, 6, 257, 1, NULL, NULL, NULL, '2026-04-30 13:58:20', '2026-04-30 13:58:20'),
(1733, 6, 258, 1, NULL, NULL, NULL, '2026-04-30 13:58:21', '2026-04-30 13:58:21'),
(1734, 6, 276, 1, NULL, NULL, NULL, '2026-04-30 13:58:22', '2026-04-30 13:58:22'),
(1735, 6, 283, 1, NULL, NULL, NULL, '2026-04-30 13:58:23', '2026-04-30 13:58:23'),
(1736, 6, 284, 1, NULL, NULL, NULL, '2026-04-30 13:58:24', '2026-04-30 13:58:24'),
(1737, 6, 286, 1, NULL, NULL, NULL, '2026-04-30 13:58:28', '2026-04-30 13:58:28'),
(1738, 6, 53, 0, NULL, NULL, NULL, '2026-04-30 13:58:32', '2026-04-30 13:58:55'),
(1739, 6, 56, 0, NULL, NULL, NULL, '2026-04-30 13:58:41', '2026-04-30 13:59:00'),
(1740, 6, 60, 0, NULL, NULL, NULL, '2026-04-30 13:58:47', '2026-04-30 13:59:01'),
(1741, 6, 113, 1, NULL, NULL, NULL, '2026-04-30 13:59:27', '2026-04-30 13:59:27'),
(1742, 6, 114, 1, NULL, NULL, NULL, '2026-04-30 13:59:28', '2026-04-30 13:59:28'),
(1743, 6, 115, 1, NULL, NULL, NULL, '2026-04-30 13:59:30', '2026-04-30 13:59:30'),
(1744, 6, 116, 1, NULL, NULL, NULL, '2026-04-30 13:59:32', '2026-04-30 13:59:32');
INSERT INTO `roles_permissions` (`id`, `role_id`, `perm_cat_id`, `can_view`, `can_add`, `can_edit`, `can_delete`, `created_at`, `updated_at`) VALUES
(1745, 6, 190, 1, NULL, NULL, NULL, '2026-04-30 13:59:37', '2026-04-30 13:59:37'),
(1746, 6, 192, 1, NULL, NULL, NULL, '2026-04-30 13:59:40', '2026-04-30 13:59:40'),
(1747, 6, 226, 1, NULL, NULL, NULL, '2026-04-30 13:59:50', '2026-04-30 13:59:50'),
(1748, 6, 227, 1, NULL, NULL, NULL, '2026-04-30 13:59:51', '2026-04-30 13:59:51'),
(1749, 6, 12001, 1, NULL, NULL, NULL, '2026-04-30 14:00:08', '2026-04-30 14:00:08'),
(1750, 6, 14001, 1, NULL, NULL, NULL, '2026-04-30 14:00:11', '2026-04-30 14:00:11'),
(1751, 6, 13001, 1, 1, NULL, 1, '2026-04-30 14:00:12', '2026-04-30 14:00:15'),
(1752, 6, 15001, 1, NULL, NULL, NULL, '2026-04-30 14:00:16', '2026-04-30 14:00:16'),
(1753, 3, 1, 1, 1, 1, 1, '2026-04-30 14:03:16', '2026-04-30 14:03:34'),
(1754, 3, 272, 1, NULL, NULL, NULL, '2026-04-30 14:03:43', '2026-04-30 14:03:43'),
(1755, 3, 259, 1, NULL, 1, NULL, '2026-04-30 14:03:59', '2026-04-30 14:04:02'),
(1756, 3, 260, 1, NULL, NULL, NULL, '2026-04-30 14:04:05', '2026-04-30 14:04:05'),
(1757, 3, 262, 1, NULL, NULL, NULL, '2026-04-30 14:04:07', '2026-04-30 14:04:07'),
(1758, 3, 261, 1, NULL, NULL, NULL, '2026-04-30 14:04:08', '2026-04-30 14:04:08'),
(1759, 3, 146, 1, NULL, NULL, NULL, '2026-04-30 14:04:19', '2026-04-30 14:04:19'),
(1760, 3, 147, 1, NULL, NULL, NULL, '2026-04-30 14:04:20', '2026-04-30 14:04:20'),
(1761, 3, 148, 1, NULL, NULL, NULL, '2026-04-30 14:04:21', '2026-04-30 14:04:21'),
(1762, 3, 154, 1, NULL, NULL, NULL, '2026-04-30 14:04:26', '2026-04-30 14:04:26'),
(1763, 3, 176, 1, NULL, NULL, NULL, '2026-04-30 14:04:34', '2026-04-30 14:04:34'),
(1764, 3, 204, 1, NULL, NULL, NULL, '2026-04-30 14:04:42', '2026-04-30 14:04:42'),
(1765, 3, 257, 1, NULL, NULL, NULL, '2026-04-30 14:04:52', '2026-04-30 14:04:52'),
(1766, 3, 256, 1, NULL, NULL, NULL, '2026-04-30 14:04:54', '2026-04-30 14:04:54'),
(1767, 3, 258, 1, NULL, NULL, NULL, '2026-04-30 14:04:57', '2026-04-30 14:04:57'),
(1768, 3, 276, 1, NULL, NULL, NULL, '2026-04-30 14:04:58', '2026-04-30 14:04:58'),
(1769, 3, 283, 1, NULL, NULL, NULL, '2026-04-30 14:04:59', '2026-04-30 14:04:59'),
(1770, 3, 284, 1, NULL, NULL, NULL, '2026-04-30 14:05:00', '2026-04-30 14:05:00'),
(1771, 3, 60, 1, NULL, 1, NULL, '2026-04-30 14:05:09', '2026-04-30 14:05:10'),
(1772, 3, 213, 1, NULL, NULL, NULL, '2026-04-30 14:05:15', '2026-04-30 14:05:15'),
(1773, 3, 195, 1, NULL, NULL, NULL, '2026-04-30 14:05:47', '2026-04-30 14:05:47'),
(1774, 3, 280, 1, NULL, NULL, NULL, '2026-04-30 14:05:52', '2026-04-30 14:05:52'),
(1775, 3, 281, 1, NULL, NULL, NULL, '2026-04-30 14:05:54', '2026-04-30 14:05:54'),
(1776, 3, 274, 1, 1, 1, NULL, '2026-04-30 14:06:06', '2026-04-30 14:06:08'),
(1777, 3, 275, 1, 1, 1, NULL, '2026-04-30 14:06:10', '2026-04-30 14:06:12'),
(1778, 3, 277, 1, NULL, NULL, NULL, '2026-04-30 14:06:14', '2026-04-30 14:06:14'),
(1779, 3, 278, 1, NULL, NULL, NULL, '2026-04-30 14:06:16', '2026-04-30 14:06:16'),
(1780, 3, 5002, 1, NULL, NULL, NULL, '2026-04-30 14:06:19', '2026-04-30 14:06:19'),
(1781, 3, 6001, 1, NULL, NULL, NULL, '2026-04-30 14:06:26', '2026-04-30 14:06:26'),
(1782, 3, 6004, 1, NULL, NULL, NULL, '2026-04-30 14:06:28', '2026-04-30 14:06:28'),
(1783, 3, 12001, 1, NULL, NULL, NULL, '2026-04-30 14:06:46', '2026-04-30 14:06:46'),
(1784, 3, 13001, 1, 1, NULL, 1, '2026-04-30 14:06:48', '2026-04-30 14:06:51'),
(1785, 3, 14001, 1, NULL, NULL, NULL, '2026-04-30 14:06:52', '2026-04-30 14:06:52'),
(1786, 3, 15001, 1, NULL, NULL, NULL, '2026-04-30 14:06:53', '2026-04-30 14:06:53'),
(1787, 8, 1, 1, 1, 1, 1, '2026-04-30 14:08:28', '2026-04-30 14:08:44'),
(1788, 8, 2, 1, NULL, NULL, NULL, '2026-04-30 14:08:29', '2026-04-30 14:08:29'),
(1789, 8, 4, 1, 1, 1, 1, '2026-04-30 14:08:30', '2026-04-30 14:08:46'),
(1790, 8, 3, 1, 1, 1, 1, '2026-04-30 14:08:31', '2026-04-30 14:08:45'),
(1791, 8, 107, 1, NULL, NULL, NULL, '2026-04-30 14:08:32', '2026-04-30 14:08:32'),
(1792, 8, 128, 1, 1, 1, 1, '2026-04-30 14:08:33', '2026-04-30 14:08:48'),
(1793, 8, 134, 1, 1, 1, 1, '2026-04-30 14:08:34', '2026-04-30 14:08:49'),
(1794, 8, 5, 1, 1, NULL, 1, '2026-04-30 14:08:51', '2026-04-30 14:09:09'),
(1795, 8, 7, 1, 1, 1, 1, '2026-04-30 14:08:53', '2026-04-30 14:09:12'),
(1796, 8, 6, 1, NULL, NULL, NULL, '2026-04-30 14:08:54', '2026-04-30 14:08:54'),
(1797, 8, 8, 1, 1, 1, 1, '2026-04-30 14:08:55', '2026-04-30 14:09:13'),
(1798, 8, 68, 1, NULL, NULL, NULL, '2026-04-30 14:08:56', '2026-04-30 14:08:56'),
(1799, 8, 69, 1, 1, 1, 1, '2026-04-30 14:08:58', '2026-04-30 14:09:16'),
(1800, 8, 70, 1, 1, 1, 1, '2026-04-30 14:08:59', '2026-04-30 14:09:18'),
(1801, 8, 71, 1, NULL, NULL, NULL, '2026-04-30 14:08:59', '2026-04-30 14:08:59'),
(1802, 8, 73, 1, NULL, NULL, NULL, '2026-04-30 14:09:01', '2026-04-30 14:09:01'),
(1803, 8, 135, 1, NULL, 1, NULL, '2026-04-30 14:09:03', '2026-04-30 14:09:25'),
(1804, 8, 74, 1, NULL, NULL, NULL, '2026-04-30 14:09:19', '2026-04-30 14:09:19'),
(1805, 8, 272, 1, NULL, NULL, NULL, '2026-04-30 14:09:24', '2026-04-30 14:09:24'),
(1806, 8, 9, 1, 1, 1, 1, '2026-04-30 14:09:27', '2026-04-30 14:09:38'),
(1807, 8, 10, 1, 1, 1, 1, '2026-04-30 14:09:29', '2026-04-30 14:09:39'),
(1808, 8, 11, 1, NULL, NULL, NULL, '2026-04-30 14:09:29', '2026-04-30 14:09:29'),
(1809, 8, 12, 1, 1, 1, 1, '2026-04-30 14:09:40', '2026-04-30 14:09:56'),
(1810, 8, 13, 1, 1, 1, 1, '2026-04-30 14:09:41', '2026-04-30 14:09:58'),
(1811, 8, 15, 1, 1, 1, NULL, '2026-04-30 14:09:42', '2026-04-30 14:09:59'),
(1812, 8, 122, 1, NULL, NULL, NULL, '2026-04-30 14:09:44', '2026-04-30 14:09:44'),
(1813, 8, 14, 1, NULL, NULL, NULL, '2026-04-30 14:09:45', '2026-04-30 14:09:45'),
(1814, 8, 136, 1, 1, 1, 1, '2026-04-30 14:09:46', '2026-04-30 14:21:45'),
(1815, 8, 20, 1, 1, 1, 1, '2026-04-30 14:09:48', '2026-04-30 14:21:46'),
(1816, 8, 15001, 1, NULL, NULL, NULL, '2026-04-30 14:10:07', '2026-04-30 14:10:07'),
(1817, 8, 14001, 1, NULL, NULL, NULL, '2026-04-30 14:10:08', '2026-04-30 14:10:08'),
(1818, 8, 12001, 1, NULL, NULL, NULL, '2026-04-30 14:10:13', '2026-04-30 14:10:13'),
(1819, 8, 9023, 1, 1, 1, 1, '2026-04-30 14:10:18', '2026-04-30 14:10:21'),
(1820, 8, 9021, 1, 1, 1, 1, '2026-04-30 14:10:22', '2026-04-30 14:10:28'),
(1821, 8, 9022, 1, NULL, NULL, NULL, '2026-04-30 14:10:27', '2026-04-30 14:10:27'),
(1822, 8, 9020, 1, NULL, NULL, NULL, '2026-04-30 14:10:29', '2026-04-30 14:10:29'),
(1823, 8, 9019, 1, NULL, NULL, NULL, '2026-04-30 14:10:30', '2026-04-30 14:10:30'),
(1824, 8, 9018, 1, NULL, NULL, NULL, '2026-04-30 14:10:32', '2026-04-30 14:10:32'),
(1825, 8, 9017, 1, NULL, NULL, NULL, '2026-04-30 14:10:33', '2026-04-30 14:10:33'),
(1826, 8, 9016, 1, NULL, NULL, NULL, '2026-04-30 14:10:35', '2026-04-30 14:10:35'),
(1827, 8, 9014, 1, 1, 1, 1, '2026-04-30 14:10:41', '2026-04-30 14:10:45'),
(1828, 8, 9013, 1, 1, 1, 1, '2026-04-30 14:10:46', '2026-04-30 14:10:50'),
(1829, 8, 9012, 1, 1, 1, 1, '2026-04-30 14:10:51', '2026-04-30 14:10:54'),
(1830, 8, 9011, 1, 1, 1, 1, '2026-04-30 14:10:56', '2026-04-30 14:11:19'),
(1831, 8, 9010, 1, 1, 1, 1, '2026-04-30 14:10:57', '2026-04-30 14:11:17'),
(1832, 8, 9009, 1, 1, 1, 1, '2026-04-30 14:10:58', '2026-04-30 14:11:15'),
(1833, 8, 9007, 1, NULL, 1, NULL, '2026-04-30 14:10:59', '2026-04-30 14:11:08'),
(1834, 8, 9006, 1, NULL, 1, NULL, '2026-04-30 14:11:00', '2026-04-30 14:11:21'),
(1835, 8, 9005, 1, NULL, 1, NULL, '2026-04-30 14:11:01', '2026-04-30 14:11:22'),
(1836, 8, 9004, 1, NULL, 1, NULL, '2026-04-30 14:11:03', '2026-04-30 14:11:23'),
(1837, 8, 9003, 1, NULL, 1, NULL, '2026-04-30 14:11:04', '2026-04-30 14:11:24'),
(1838, 8, 9002, 1, NULL, NULL, NULL, '2026-04-30 14:11:06', '2026-04-30 14:11:06'),
(1839, 8, 9008, 1, NULL, NULL, NULL, '2026-04-30 14:11:07', '2026-04-30 14:11:07'),
(1840, 8, 9001, 1, 1, 1, 1, '2026-04-30 14:11:37', '2026-04-30 14:11:39'),
(1841, 8, 8009, 1, NULL, 1, NULL, '2026-04-30 14:11:40', '2026-04-30 14:11:41'),
(1842, 8, 8008, 1, NULL, NULL, NULL, '2026-04-30 14:11:43', '2026-04-30 14:11:43'),
(1843, 8, 8007, 1, NULL, NULL, NULL, '2026-04-30 14:11:44', '2026-04-30 14:11:44'),
(1844, 8, 8006, 1, NULL, NULL, NULL, '2026-04-30 14:11:44', '2026-04-30 14:11:44'),
(1845, 8, 8005, 1, NULL, NULL, NULL, '2026-04-30 14:11:45', '2026-04-30 14:11:45'),
(1846, 8, 8004, 1, NULL, NULL, NULL, '2026-04-30 14:11:46', '2026-04-30 14:11:46'),
(1847, 8, 8003, 1, NULL, NULL, NULL, '2026-04-30 14:11:47', '2026-04-30 14:11:47'),
(1848, 8, 8002, 1, 1, 1, 1, '2026-04-30 14:11:48', '2026-04-30 14:11:51'),
(1849, 8, 8001, 1, 1, NULL, 1, '2026-04-30 14:11:52', '2026-04-30 14:12:01'),
(1850, 8, 7025, 1, 1, 1, 1, '2026-04-30 14:11:53', '2026-04-30 14:11:58'),
(1851, 8, 7024, 1, NULL, NULL, NULL, '2026-04-30 14:12:06', '2026-04-30 14:12:06'),
(1852, 8, 7023, 1, NULL, NULL, NULL, '2026-04-30 14:12:07', '2026-04-30 14:12:07'),
(1853, 8, 7022, 1, NULL, NULL, NULL, '2026-04-30 14:12:07', '2026-04-30 14:12:07'),
(1854, 8, 7021, 1, NULL, NULL, NULL, '2026-04-30 14:12:08', '2026-04-30 14:12:08'),
(1855, 8, 7020, 1, 1, NULL, NULL, '2026-04-30 14:12:09', '2026-04-30 14:12:21'),
(1856, 8, 7018, 1, 1, 1, 1, '2026-04-30 14:12:10', '2026-04-30 14:12:33'),
(1857, 8, 7019, 1, NULL, 1, 1, '2026-04-30 14:12:12', '2026-04-30 14:12:32'),
(1858, 8, 7017, 1, 1, 1, 1, '2026-04-30 14:12:12', '2026-04-30 14:12:31'),
(1859, 8, 7016, 1, 1, 1, 1, '2026-04-30 14:12:13', '2026-04-30 14:12:30'),
(1860, 8, 7015, 1, 1, 1, 1, '2026-04-30 14:12:14', '2026-04-30 14:12:29'),
(1861, 8, 7014, 1, 1, 1, 1, '2026-04-30 14:12:15', '2026-04-30 14:12:28'),
(1862, 8, 7013, 1, NULL, 1, 1, '2026-04-30 14:13:03', '2026-04-30 14:13:06'),
(1863, 8, 7012, 1, NULL, NULL, 1, '2026-04-30 14:13:07', '2026-04-30 14:13:08'),
(1864, 8, 7011, 1, NULL, NULL, NULL, '2026-04-30 14:13:12', '2026-04-30 14:13:12'),
(1865, 8, 7009, 1, NULL, NULL, NULL, '2026-04-30 14:13:13', '2026-04-30 14:13:13'),
(1866, 8, 7008, 1, NULL, NULL, NULL, '2026-04-30 14:13:15', '2026-04-30 14:13:15'),
(1867, 8, 7010, 1, NULL, NULL, NULL, '2026-04-30 14:13:15', '2026-04-30 14:13:15'),
(1868, 8, 7007, 1, NULL, NULL, NULL, '2026-04-30 14:13:16', '2026-04-30 14:13:16'),
(1869, 8, 7006, 1, 1, NULL, NULL, '2026-04-30 14:13:17', '2026-04-30 14:13:18'),
(1870, 8, 7005, 1, 1, 1, 1, '2026-04-30 14:13:19', '2026-04-30 14:13:22'),
(1871, 8, 7004, 1, 1, 1, 1, '2026-04-30 14:13:23', '2026-04-30 14:13:27'),
(1872, 8, 7003, 1, 1, 1, 1, '2026-04-30 14:13:28', '2026-04-30 14:13:30'),
(1873, 8, 7002, 1, NULL, NULL, NULL, '2026-04-30 14:13:33', '2026-04-30 14:13:33'),
(1874, 8, 7001, 1, 1, 1, 1, '2026-04-30 14:13:33', '2026-04-30 14:13:39'),
(1875, 8, 6005, 1, NULL, 1, NULL, '2026-04-30 14:13:36', '2026-04-30 14:13:38'),
(1876, 8, 6004, 1, NULL, NULL, NULL, '2026-04-30 14:13:41', '2026-04-30 14:13:41'),
(1877, 8, 6003, 1, NULL, NULL, NULL, '2026-04-30 14:13:42', '2026-04-30 14:13:42'),
(1878, 8, 6002, 1, 1, NULL, 1, '2026-04-30 14:13:42', '2026-04-30 14:13:49'),
(1879, 8, 6001, 1, 1, NULL, 1, '2026-04-30 14:13:45', '2026-04-30 14:13:48'),
(1880, 8, 5005, 1, NULL, NULL, NULL, '2026-04-30 14:13:47', '2026-04-30 14:13:47'),
(1881, 8, 5004, 1, NULL, NULL, NULL, '2026-04-30 14:13:50', '2026-04-30 14:13:50'),
(1882, 8, 5003, 1, 1, NULL, 1, '2026-04-30 14:13:51', '2026-04-30 14:13:56'),
(1883, 8, 5002, 1, 1, NULL, 1, '2026-04-30 14:13:53', '2026-04-30 14:13:56'),
(1884, 8, 5001, 1, NULL, 1, NULL, '2026-04-30 14:13:57', '2026-04-30 14:13:58'),
(1885, 8, 279, 1, NULL, NULL, NULL, '2026-04-30 14:13:59', '2026-04-30 14:13:59'),
(1886, 8, 278, 1, 1, NULL, 1, '2026-04-30 14:13:59', '2026-04-30 14:14:01'),
(1887, 8, 275, 1, 1, 1, 1, '2026-04-30 14:14:02', '2026-04-30 14:14:10'),
(1888, 8, 277, 1, NULL, NULL, NULL, '2026-04-30 14:14:07', '2026-04-30 14:14:07'),
(1889, 8, 274, 1, 1, 1, 1, '2026-04-30 14:14:08', '2026-04-30 14:14:13'),
(1890, 8, 273, 1, NULL, NULL, NULL, '2026-04-30 14:14:08', '2026-04-30 14:14:08'),
(1891, 8, 146, 1, NULL, NULL, NULL, '2026-04-30 14:14:23', '2026-04-30 14:14:23'),
(1892, 8, 147, 1, NULL, NULL, NULL, '2026-04-30 14:14:25', '2026-04-30 14:14:25'),
(1893, 8, 148, 1, NULL, NULL, NULL, '2026-04-30 14:14:26', '2026-04-30 14:14:26'),
(1894, 8, 149, 1, NULL, NULL, NULL, '2026-04-30 14:14:27', '2026-04-30 14:14:27'),
(1895, 8, 150, 1, NULL, NULL, NULL, '2026-04-30 14:14:28', '2026-04-30 14:14:28'),
(1896, 8, 151, 1, NULL, NULL, NULL, '2026-04-30 14:14:28', '2026-04-30 14:14:28'),
(1897, 8, 152, 1, NULL, NULL, NULL, '2026-04-30 14:14:29', '2026-04-30 14:14:29'),
(1898, 8, 153, 1, NULL, NULL, NULL, '2026-04-30 14:14:30', '2026-04-30 14:14:30'),
(1899, 8, 154, 1, NULL, NULL, NULL, '2026-04-30 14:14:31', '2026-04-30 14:14:31'),
(1900, 8, 155, 1, NULL, NULL, NULL, '2026-04-30 14:14:31', '2026-04-30 14:14:31'),
(1901, 8, 156, 1, NULL, NULL, NULL, '2026-04-30 14:14:32', '2026-04-30 14:14:32'),
(1902, 8, 157, 1, NULL, NULL, NULL, '2026-04-30 14:14:33', '2026-04-30 14:14:33'),
(1903, 8, 158, 1, NULL, NULL, NULL, '2026-04-30 14:14:34', '2026-04-30 14:14:34'),
(1904, 8, 159, 1, NULL, NULL, NULL, '2026-04-30 14:14:36', '2026-04-30 14:14:36'),
(1905, 8, 160, 1, NULL, NULL, NULL, '2026-04-30 14:14:38', '2026-04-30 14:14:38'),
(1906, 8, 161, 1, NULL, NULL, NULL, '2026-04-30 14:14:39', '2026-04-30 14:14:39'),
(1907, 8, 162, 1, NULL, NULL, NULL, '2026-04-30 14:14:41', '2026-04-30 14:14:41'),
(1908, 8, 163, 1, NULL, NULL, NULL, '2026-04-30 14:14:42', '2026-04-30 14:14:42'),
(1909, 8, 164, 1, NULL, NULL, NULL, '2026-04-30 14:14:43', '2026-04-30 14:14:43'),
(1910, 8, 165, 1, NULL, NULL, NULL, '2026-04-30 14:14:44', '2026-04-30 14:14:44'),
(1911, 8, 174, 1, NULL, NULL, NULL, '2026-04-30 14:14:45', '2026-04-30 14:14:45'),
(1912, 8, 175, 1, NULL, NULL, NULL, '2026-04-30 14:14:46', '2026-04-30 14:14:46'),
(1913, 8, 176, 1, NULL, NULL, NULL, '2026-04-30 14:14:48', '2026-04-30 14:14:48'),
(1914, 8, 177, 1, NULL, NULL, NULL, '2026-04-30 14:14:49', '2026-04-30 14:14:49'),
(1915, 8, 178, 1, NULL, NULL, NULL, '2026-04-30 14:14:50', '2026-04-30 14:14:50'),
(1916, 8, 179, 1, NULL, NULL, NULL, '2026-04-30 14:14:50', '2026-04-30 14:14:50'),
(1917, 8, 180, 1, NULL, NULL, NULL, '2026-04-30 14:14:51', '2026-04-30 14:14:51'),
(1918, 8, 181, 1, NULL, NULL, NULL, '2026-04-30 14:14:52', '2026-04-30 14:14:52'),
(1919, 8, 182, 1, NULL, NULL, NULL, '2026-04-30 14:14:54', '2026-04-30 14:14:54'),
(1920, 8, 183, 1, NULL, NULL, NULL, '2026-04-30 14:14:55', '2026-04-30 14:14:55'),
(1921, 8, 197, 1, NULL, NULL, NULL, '2026-04-30 14:14:56', '2026-04-30 14:14:56'),
(1922, 8, 200, 1, NULL, NULL, NULL, '2026-04-30 14:14:57', '2026-04-30 14:14:57'),
(1923, 8, 201, 1, NULL, NULL, NULL, '2026-04-30 14:14:58', '2026-04-30 14:14:58'),
(1924, 8, 202, 1, NULL, NULL, NULL, '2026-04-30 14:14:59', '2026-04-30 14:14:59'),
(1925, 8, 203, 1, NULL, NULL, NULL, '2026-04-30 14:15:00', '2026-04-30 14:15:00'),
(1926, 8, 204, 1, NULL, NULL, NULL, '2026-04-30 14:15:01', '2026-04-30 14:15:01'),
(1927, 8, 219, 1, NULL, NULL, NULL, '2026-04-30 14:15:02', '2026-04-30 14:15:02'),
(1928, 8, 220, 1, NULL, NULL, NULL, '2026-04-30 14:15:04', '2026-04-30 14:15:04'),
(1929, 8, 221, 1, NULL, NULL, NULL, '2026-04-30 14:15:05', '2026-04-30 14:15:05'),
(1930, 8, 223, 1, NULL, NULL, NULL, '2026-04-30 14:15:05', '2026-04-30 14:15:05'),
(1931, 8, 240, 1, NULL, NULL, NULL, '2026-04-30 14:15:08', '2026-04-30 14:15:08'),
(1932, 8, 241, 1, NULL, NULL, NULL, '2026-04-30 14:15:09', '2026-04-30 14:15:09'),
(1933, 8, 242, 1, NULL, NULL, NULL, '2026-04-30 14:15:10', '2026-04-30 14:15:10'),
(1934, 8, 244, 1, NULL, NULL, NULL, '2026-04-30 14:15:10', '2026-04-30 14:15:10'),
(1935, 8, 245, 1, NULL, NULL, NULL, '2026-04-30 14:15:11', '2026-04-30 14:15:11'),
(1936, 8, 246, 1, NULL, NULL, NULL, '2026-04-30 14:15:12', '2026-04-30 14:15:12'),
(1937, 8, 256, 1, NULL, NULL, NULL, '2026-04-30 14:15:13', '2026-04-30 14:15:13'),
(1938, 8, 257, 1, NULL, NULL, NULL, '2026-04-30 14:15:15', '2026-04-30 14:15:15'),
(1939, 8, 258, 1, NULL, NULL, NULL, '2026-04-30 14:15:17', '2026-04-30 14:15:17'),
(1940, 8, 276, 1, NULL, NULL, NULL, '2026-04-30 14:15:17', '2026-04-30 14:15:17'),
(1941, 8, 283, 1, NULL, NULL, NULL, '2026-04-30 14:15:18', '2026-04-30 14:15:18'),
(1942, 8, 284, 1, NULL, NULL, NULL, '2026-04-30 14:15:19', '2026-04-30 14:15:19'),
(1943, 8, 285, 1, NULL, NULL, NULL, '2026-04-30 14:15:20', '2026-04-30 14:15:20'),
(1944, 8, 286, 1, NULL, NULL, NULL, '2026-04-30 14:15:21', '2026-04-30 14:15:21'),
(1945, 8, 288, 1, NULL, NULL, NULL, '2026-04-30 14:15:21', '2026-04-30 14:15:21'),
(1946, 8, 293, 1, NULL, NULL, NULL, '2026-04-30 14:15:22', '2026-04-30 14:15:22'),
(1947, 8, 294, 1, NULL, NULL, NULL, '2026-04-30 14:15:24', '2026-04-30 14:15:24'),
(1948, 8, 86, 1, 1, 1, 1, '2026-04-30 14:15:52', '2026-04-30 14:18:29'),
(1949, 8, 87, 1, NULL, NULL, NULL, '2026-04-30 14:15:53', '2026-04-30 14:15:53'),
(1950, 8, 88, 1, 1, 1, NULL, '2026-04-30 14:15:55', '2026-04-30 14:16:21'),
(1951, 8, 90, 1, 1, NULL, 1, '2026-04-30 14:15:56', '2026-04-30 14:18:27'),
(1952, 8, 108, 1, 1, 1, 1, '2026-04-30 14:15:56', '2026-04-30 14:18:25'),
(1953, 8, 109, 1, 1, NULL, NULL, '2026-04-30 14:15:58', '2026-04-30 14:16:15'),
(1954, 8, 110, 1, 1, 1, 1, '2026-04-30 14:15:59', '2026-04-30 14:18:26'),
(1955, 8, 111, 1, 1, 1, 1, '2026-04-30 14:15:59', '2026-04-30 14:18:24'),
(1956, 8, 112, 1, 1, 1, 1, '2026-04-30 14:16:00', '2026-04-30 14:18:21'),
(1957, 8, 129, 1, 1, 1, 1, '2026-04-30 14:16:02', '2026-04-30 14:18:19'),
(1958, 8, 127, 1, NULL, NULL, NULL, '2026-04-30 14:16:03', '2026-04-30 14:16:03'),
(1959, 8, 189, 1, NULL, 1, 1, '2026-04-30 14:16:05', '2026-04-30 14:18:20'),
(1960, 8, 93, 1, 1, 1, 1, '2026-04-30 14:16:06', '2026-04-30 14:18:18'),
(1961, 8, 94, 1, 1, NULL, NULL, '2026-04-30 14:16:07', '2026-04-30 14:16:09'),
(1962, 8, 250, 1, NULL, NULL, NULL, '2026-04-30 14:16:08', '2026-04-30 14:16:08'),
(1963, 8, 96, 1, 1, 1, 1, '2026-04-30 14:16:30', '2026-04-30 14:18:16'),
(1964, 8, 97, 1, NULL, NULL, NULL, '2026-04-30 14:16:31', '2026-04-30 14:16:31'),
(1965, 8, 98, 1, 1, 1, 1, '2026-04-30 14:16:32', '2026-04-30 14:18:15'),
(1966, 8, 248, 1, 1, 1, 1, '2026-04-30 14:16:33', '2026-04-30 14:18:14'),
(1967, 8, 99, 1, NULL, NULL, NULL, '2026-04-30 14:16:34', '2026-04-30 14:16:34'),
(1968, 8, 249, 1, NULL, NULL, NULL, '2026-04-30 14:16:34', '2026-04-30 14:16:34'),
(1969, 8, 289, 1, NULL, NULL, NULL, '2026-04-30 14:16:35', '2026-04-30 14:16:35'),
(1970, 8, 290, 1, NULL, NULL, NULL, '2026-04-30 14:16:36', '2026-04-30 14:16:36'),
(1971, 8, 291, 1, NULL, NULL, NULL, '2026-04-30 14:16:37', '2026-04-30 14:16:37'),
(1972, 8, 292, 1, NULL, NULL, NULL, '2026-04-30 14:16:38', '2026-04-30 14:16:38'),
(1973, 8, 102, 1, 1, 1, 1, '2026-04-30 14:16:46', '2026-04-30 14:16:49'),
(1974, 8, 106, 1, NULL, NULL, NULL, '2026-04-30 14:16:52', '2026-04-30 14:16:52'),
(1975, 8, 113, 1, NULL, NULL, NULL, '2026-04-30 14:16:54', '2026-04-30 14:16:54'),
(1976, 8, 114, 1, NULL, NULL, NULL, '2026-04-30 14:16:56', '2026-04-30 14:16:56'),
(1977, 8, 116, 1, NULL, NULL, NULL, '2026-04-30 14:16:57', '2026-04-30 14:16:57'),
(1978, 8, 115, 1, NULL, NULL, NULL, '2026-04-30 14:16:59', '2026-04-30 14:16:59'),
(1979, 8, 117, 1, NULL, NULL, NULL, '2026-04-30 14:17:00', '2026-04-30 14:17:00'),
(1980, 8, 118, 1, NULL, NULL, NULL, '2026-04-30 14:17:01', '2026-04-30 14:17:01'),
(1981, 8, 190, 1, NULL, NULL, NULL, '2026-04-30 14:17:02', '2026-04-30 14:17:02'),
(1982, 8, 191, 1, NULL, NULL, NULL, '2026-04-30 14:17:03', '2026-04-30 14:17:03'),
(1983, 8, 192, 1, NULL, NULL, NULL, '2026-04-30 14:17:04', '2026-04-30 14:17:04'),
(1984, 8, 193, 1, NULL, NULL, NULL, '2026-04-30 14:17:05', '2026-04-30 14:17:05'),
(1985, 8, 194, 1, NULL, NULL, NULL, '2026-04-30 14:17:06', '2026-04-30 14:17:06'),
(1986, 8, 195, 1, NULL, NULL, NULL, '2026-04-30 14:17:07', '2026-04-30 14:17:07'),
(1987, 8, 226, 1, NULL, NULL, NULL, '2026-04-30 14:17:08', '2026-04-30 14:17:08'),
(1988, 8, 227, 1, NULL, NULL, NULL, '2026-04-30 14:17:09', '2026-04-30 14:17:09'),
(1989, 8, 229, 1, NULL, NULL, NULL, '2026-04-30 14:17:10', '2026-04-30 14:17:10'),
(1990, 8, 230, 1, NULL, NULL, NULL, '2026-04-30 14:17:11', '2026-04-30 14:17:11'),
(1991, 8, 280, 1, NULL, NULL, NULL, '2026-04-30 14:17:11', '2026-04-30 14:17:11'),
(1992, 8, 281, 1, NULL, NULL, NULL, '2026-04-30 14:17:12', '2026-04-30 14:17:12'),
(1993, 8, 282, 1, NULL, NULL, NULL, '2026-04-30 14:17:13', '2026-04-30 14:17:13'),
(1994, 8, 185, 1, 1, 1, 1, '2026-04-30 14:17:15', '2026-04-30 14:18:08'),
(1995, 8, 186, 1, 1, 1, 1, '2026-04-30 14:17:18', '2026-04-30 14:18:09'),
(1996, 8, 214, 1, NULL, 1, NULL, '2026-04-30 14:17:21', '2026-04-30 14:17:22'),
(1997, 8, 222, 1, NULL, 1, NULL, '2026-04-30 14:17:23', '2026-04-30 14:17:23'),
(1998, 8, 247, 1, NULL, NULL, NULL, '2026-04-30 14:17:24', '2026-04-30 14:17:24'),
(1999, 8, 224, 1, NULL, NULL, NULL, '2026-04-30 14:17:25', '2026-04-30 14:17:25'),
(2000, 8, 231, 1, 1, 1, 1, '2026-04-30 14:17:26', '2026-04-30 14:18:10'),
(2001, 8, 232, 1, NULL, 1, 1, '2026-04-30 14:17:29', '2026-04-30 14:18:00'),
(2002, 8, 234, 1, 1, 1, 1, '2026-04-30 14:17:31', '2026-04-30 14:17:59'),
(2003, 8, 235, 1, 1, 1, 1, '2026-04-30 14:17:34', '2026-04-30 14:17:58'),
(2004, 8, 236, 1, 1, 1, NULL, '2026-04-30 14:17:39', '2026-04-30 14:17:51'),
(2005, 8, 237, 1, NULL, 1, NULL, '2026-04-30 14:17:40', '2026-04-30 14:17:52'),
(2006, 8, 238, 1, 1, 1, 1, '2026-04-30 14:17:41', '2026-04-30 14:17:53'),
(2007, 8, 239, 1, 1, 1, 1, '2026-04-30 14:17:42', '2026-04-30 14:17:54'),
(2008, 8, 263, 1, 1, NULL, 1, '2026-04-30 14:17:43', '2026-04-30 14:17:54'),
(2009, 8, 54, 1, NULL, 1, NULL, '2026-04-30 14:19:27', '2026-04-30 14:19:32'),
(2010, 8, 55, 1, NULL, NULL, NULL, '2026-04-30 14:19:32', '2026-04-30 14:19:32'),
(2011, 8, 56, 1, NULL, NULL, NULL, '2026-04-30 14:19:35', '2026-04-30 14:19:35'),
(2012, 8, 57, 1, NULL, NULL, NULL, '2026-04-30 14:19:37', '2026-04-30 14:19:37'),
(2013, 8, 58, 1, NULL, NULL, NULL, '2026-04-30 14:19:38', '2026-04-30 14:19:38'),
(2014, 8, 255, 1, 1, 1, 1, '2026-04-30 14:19:43', '2026-04-30 14:19:59'),
(2015, 8, 254, 1, 1, 1, 1, '2026-04-30 14:19:44', '2026-04-30 14:19:58'),
(2016, 8, 253, 1, NULL, NULL, NULL, '2026-04-30 14:19:45', '2026-04-30 14:19:45'),
(2017, 8, 252, 1, NULL, 1, 1, '2026-04-30 14:19:46', '2026-04-30 14:19:58'),
(2018, 8, 217, 1, NULL, NULL, NULL, '2026-04-30 14:19:46', '2026-04-30 14:19:46'),
(2019, 8, 46, 1, NULL, NULL, NULL, '2026-04-30 14:19:47', '2026-04-30 14:19:47'),
(2020, 8, 43, 1, NULL, NULL, NULL, '2026-04-30 14:19:49', '2026-04-30 14:19:49'),
(2021, 8, 44, 1, NULL, NULL, NULL, '2026-04-30 14:19:50', '2026-04-30 14:19:50'),
(2022, 8, 262, 1, NULL, NULL, NULL, '2026-04-30 14:20:06', '2026-04-30 14:20:06'),
(2023, 8, 261, 1, NULL, NULL, NULL, '2026-04-30 14:20:07', '2026-04-30 14:20:07'),
(2024, 8, 260, 1, NULL, NULL, NULL, '2026-04-30 14:20:08', '2026-04-30 14:20:08'),
(2025, 8, 259, 1, NULL, NULL, NULL, '2026-04-30 14:20:09', '2026-04-30 14:20:09'),
(2026, 8, 38, 1, NULL, NULL, NULL, '2026-04-30 14:20:10', '2026-04-30 14:20:10'),
(2027, 8, 37, 1, NULL, NULL, NULL, '2026-04-30 14:20:11', '2026-04-30 14:20:11'),
(2028, 8, 39, 1, NULL, NULL, NULL, '2026-04-30 14:20:12', '2026-04-30 14:20:12'),
(2029, 8, 104, 1, 1, 1, NULL, '2026-04-30 14:20:24', '2026-04-30 14:20:39'),
(2030, 8, 35, 1, 1, 1, NULL, '2026-04-30 14:20:25', '2026-04-30 14:20:40'),
(2031, 8, 34, 1, 1, 1, NULL, '2026-04-30 14:20:27', '2026-04-30 14:20:41'),
(2032, 8, 33, 1, 1, 1, NULL, '2026-04-30 14:20:28', '2026-04-30 14:20:44'),
(2033, 8, 32, 1, 1, 1, NULL, '2026-04-30 14:20:29', '2026-04-30 14:20:42'),
(2034, 8, 31, 1, 1, 1, NULL, '2026-04-30 14:20:30', '2026-04-30 14:20:43'),
(2035, 8, 228, 1, NULL, NULL, NULL, '2026-04-30 14:20:50', '2026-04-30 14:20:50'),
(2036, 8, 123, 1, NULL, NULL, NULL, '2026-04-30 14:20:50', '2026-04-30 14:20:50'),
(2037, 8, 29, 1, NULL, NULL, NULL, '2026-04-30 14:20:52', '2026-04-30 14:20:52'),
(2038, 8, 30, 1, NULL, NULL, NULL, '2026-04-30 14:20:53', '2026-04-30 14:20:53'),
(2039, 8, 28, 1, 1, 1, 1, '2026-04-30 14:20:54', '2026-04-30 14:21:17'),
(2040, 8, 270, 1, 1, 1, 1, '2026-04-30 14:21:00', '2026-04-30 14:21:16'),
(2041, 8, 269, 1, NULL, NULL, 1, '2026-04-30 14:21:01', '2026-04-30 14:21:15'),
(2042, 8, 27, 1, 1, NULL, 1, '2026-04-30 14:21:02', '2026-04-30 14:21:14'),
(2043, 8, 188, 1, 1, 1, 1, '2026-04-30 14:21:03', '2026-04-30 14:21:13'),
(2044, 8, 268, 1, 1, 1, 1, '2026-04-30 14:21:04', '2026-04-30 14:21:15'),
(2045, 8, 137, 1, 1, 1, 1, '2026-04-30 14:21:24', '2026-04-30 14:21:47'),
(2046, 8, 141, 1, 1, 1, 1, '2026-04-30 14:21:25', '2026-04-30 14:21:39'),
(2047, 8, 142, 1, NULL, NULL, NULL, '2026-04-30 14:21:26', '2026-04-30 14:21:26'),
(2048, 8, 143, 1, 1, 1, 1, '2026-04-30 14:21:27', '2026-04-30 14:21:35'),
(2049, 8, 144, 1, NULL, NULL, NULL, '2026-04-30 14:21:27', '2026-04-30 14:21:27'),
(2050, 8, 187, 1, NULL, NULL, NULL, '2026-04-30 14:21:28', '2026-04-30 14:21:28'),
(2051, 8, 196, 1, NULL, NULL, NULL, '2026-04-30 14:21:29', '2026-04-30 14:21:29'),
(2052, 8, 205, 1, 1, 1, 1, '2026-04-30 14:21:30', '2026-04-30 14:21:34'),
(2053, 8, 207, 1, NULL, NULL, NULL, '2026-04-30 14:21:49', '2026-04-30 14:21:49'),
(2054, 8, 208, 1, NULL, 1, NULL, '2026-04-30 14:21:50', '2026-04-30 14:22:25'),
(2055, 8, 210, 1, NULL, 1, NULL, '2026-04-30 14:21:51', '2026-04-30 14:22:24'),
(2056, 8, 211, 1, NULL, 1, NULL, '2026-04-30 14:21:52', '2026-04-30 14:22:23'),
(2057, 8, 212, 1, NULL, 1, NULL, '2026-04-30 14:21:53', '2026-04-30 14:22:21'),
(2058, 8, 251, 1, 1, 1, 1, '2026-04-30 14:21:54', '2026-04-30 14:22:20'),
(2059, 8, 266, 1, NULL, NULL, NULL, '2026-04-30 14:21:54', '2026-04-30 14:21:54'),
(2060, 8, 267, 1, NULL, NULL, NULL, '2026-04-30 14:21:55', '2026-04-30 14:21:55'),
(2061, 8, 21, 1, NULL, 1, NULL, '2026-04-30 14:21:56', '2026-04-30 14:22:13'),
(2062, 8, 23, 1, 1, 1, 1, '2026-04-30 14:21:57', '2026-04-30 14:22:13'),
(2063, 8, 25, 1, 1, 1, 1, '2026-04-30 14:21:58', '2026-04-30 14:22:15'),
(2064, 8, 26, 1, NULL, NULL, NULL, '2026-04-30 14:22:00', '2026-04-30 14:22:00'),
(2065, 8, 77, 1, 1, 1, 1, '2026-04-30 14:22:00', '2026-04-30 14:22:16'),
(2066, 8, 145, 1, NULL, NULL, NULL, '2026-04-30 14:22:03', '2026-04-30 14:22:03'),
(2067, 8, 24, 1, 1, 1, 1, '2026-04-30 14:22:04', '2026-04-30 14:22:17');

-- --------------------------------------------------------

--
-- Structure de la table `room_types`
--

CREATE TABLE `room_types` (
  `id` int(11) NOT NULL,
  `room_type` varchar(200) DEFAULT NULL,
  `description` text DEFAULT NULL,
  `created_at` timestamp NOT NULL DEFAULT current_timestamp(),
  `updated_at` timestamp NOT NULL DEFAULT current_timestamp() ON UPDATE current_timestamp()
) ENGINE=InnoDB DEFAULT CHARSET=utf8mb3 COLLATE=utf8mb3_uca1400_ai_ci;

-- --------------------------------------------------------

--
-- Structure de la table `route_pickup_point`
--

CREATE TABLE `route_pickup_point` (
  `id` int(11) NOT NULL,
  `session_id` int(11) DEFAULT NULL,
  `transport_route_id` int(11) NOT NULL,
  `pickup_point_id` int(11) NOT NULL,
  `fees` decimal(10,2) DEFAULT 0.00,
  `destination_distance` float(10,1) DEFAULT 0.0,
  `pickup_time` time DEFAULT NULL,
  `order_number` float NOT NULL,
  `created_at` timestamp NOT NULL DEFAULT current_timestamp(),
  `updated_at` timestamp NOT NULL DEFAULT current_timestamp() ON UPDATE current_timestamp()
) ENGINE=InnoDB DEFAULT CHARSET=utf8mb3 COLLATE=utf8mb3_uca1400_ai_ci;

--
-- Déchargement des données de la table `route_pickup_point`
--

INSERT INTO `route_pickup_point` (`id`, `session_id`, `transport_route_id`, `pickup_point_id`, `fees`, `destination_distance`, `pickup_time`, `order_number`, `created_at`, `updated_at`) VALUES
(1, 22, 1, 1, 250.00, 0.0, '20:00:00', 1, '2026-05-02 19:58:25', '2026-06-08 15:01:30'),
(4, 22, 2, 2, 300.00, 0.0, '20:00:00', 1, '2026-05-02 19:59:50', '2026-06-08 15:01:39'),
(5, 22, 3, 3, 350.00, 0.0, '20:30:00', 1, '2026-05-02 20:00:02', '2026-06-08 15:01:44');

-- --------------------------------------------------------

--
-- Structure de la table `school_houses`
--

CREATE TABLE `school_houses` (
  `id` int(11) NOT NULL,
  `house_name` varchar(200) NOT NULL,
  `description` varchar(400) NOT NULL,
  `is_active` varchar(50) NOT NULL,
  `created_at` timestamp NOT NULL DEFAULT current_timestamp(),
  `updated_at` timestamp NOT NULL DEFAULT current_timestamp() ON UPDATE current_timestamp()
) ENGINE=InnoDB DEFAULT CHARSET=utf8mb3 COLLATE=utf8mb3_uca1400_ai_ci;

-- --------------------------------------------------------

--
-- Structure de la table `sch_settings`
--

CREATE TABLE `sch_settings` (
  `id` int(11) NOT NULL,
  `base_url` varchar(500) DEFAULT NULL,
  `folder_path` text DEFAULT NULL,
  `name` varchar(100) DEFAULT NULL,
  `biometric` int(11) DEFAULT 0,
  `biometric_device` text DEFAULT NULL,
  `email` varchar(100) DEFAULT NULL,
  `phone` varchar(50) DEFAULT NULL,
  `address` text DEFAULT NULL,
  `lang_id` int(11) DEFAULT NULL,
  `languages` varchar(500) NOT NULL,
  `dise_code` varchar(50) DEFAULT NULL,
  `date_format` varchar(50) NOT NULL,
  `time_format` varchar(255) NOT NULL,
  `currency` varchar(50) NOT NULL,
  `currency_symbol` varchar(50) NOT NULL,
  `is_rtl` varchar(10) DEFAULT 'disabled',
  `is_duplicate_fees_invoice` varchar(100) DEFAULT '0',
  `collect_back_date_fees` int(11) NOT NULL,
  `single_page_print` int(11) DEFAULT 0,
  `timezone` varchar(30) DEFAULT 'UTC',
  `session_id` int(11) DEFAULT NULL,
  `cron_secret_key` varchar(100) NOT NULL,
  `currency_place` varchar(50) NOT NULL DEFAULT 'before_number',
  `currency_format` varchar(20) DEFAULT NULL,
  `class_teacher` varchar(100) NOT NULL,
  `start_month` varchar(40) NOT NULL,
  `attendence_type` int(11) NOT NULL DEFAULT 0,
  `low_attendance_limit` decimal(10,2) NOT NULL,
  `image` text CHARACTER SET utf8mb3 COLLATE utf8mb3_general_ci DEFAULT NULL,
  `admin_logo` text CHARACTER SET utf8mb3 COLLATE utf8mb3_general_ci NOT NULL,
  `admin_small_logo` text CHARACTER SET utf8mb3 COLLATE utf8mb3_general_ci NOT NULL,
  `admin_login_page_background` varchar(255) NOT NULL,
  `user_login_page_background` varchar(255) NOT NULL,
  `theme` varchar(200) NOT NULL DEFAULT 'default.jpg',
  `fee_due_days` int(11) DEFAULT 0,
  `adm_auto_insert` int(11) NOT NULL DEFAULT 1,
  `adm_prefix` varchar(50) NOT NULL DEFAULT 'ssadm19/20',
  `adm_start_from` varchar(11) NOT NULL,
  `adm_no_digit` int(11) NOT NULL DEFAULT 6,
  `adm_update_status` int(11) NOT NULL DEFAULT 0,
  `staffid_auto_insert` int(11) NOT NULL DEFAULT 1,
  `staffid_prefix` varchar(100) NOT NULL DEFAULT 'staffss/19/20',
  `staffid_start_from` varchar(50) NOT NULL,
  `staffid_no_digit` int(11) NOT NULL DEFAULT 6,
  `staffid_update_status` int(11) NOT NULL DEFAULT 0,
  `is_active` varchar(255) DEFAULT 'no',
  `online_admission` int(11) DEFAULT 0,
  `online_admission_payment` varchar(50) NOT NULL,
  `online_admission_amount` float NOT NULL,
  `online_admission_instruction` text NOT NULL,
  `online_admission_conditions` text NOT NULL,
  `online_admission_application_form` varchar(255) DEFAULT NULL,
  `exam_result` int(11) NOT NULL,
  `is_blood_group` int(11) NOT NULL DEFAULT 1,
  `is_student_house` int(11) NOT NULL DEFAULT 1,
  `roll_no` int(11) NOT NULL DEFAULT 1,
  `category` int(11) NOT NULL,
  `religion` int(11) NOT NULL DEFAULT 1,
  `cast` int(11) NOT NULL DEFAULT 1,
  `mobile_no` int(11) NOT NULL DEFAULT 1,
  `student_email` int(11) NOT NULL DEFAULT 1,
  `admission_date` int(11) NOT NULL DEFAULT 1,
  `lastname` int(11) NOT NULL,
  `middlename` int(11) NOT NULL DEFAULT 1,
  `student_photo` int(11) NOT NULL DEFAULT 1,
  `student_height` int(11) NOT NULL DEFAULT 1,
  `student_weight` int(11) NOT NULL DEFAULT 1,
  `measurement_date` int(11) NOT NULL DEFAULT 1,
  `father_name` int(11) NOT NULL DEFAULT 1,
  `father_phone` int(11) NOT NULL DEFAULT 1,
  `father_occupation` int(11) NOT NULL DEFAULT 1,
  `father_pic` int(11) NOT NULL DEFAULT 1,
  `mother_name` int(11) NOT NULL DEFAULT 1,
  `mother_phone` int(11) NOT NULL DEFAULT 1,
  `mother_occupation` int(11) NOT NULL DEFAULT 1,
  `mother_pic` int(11) NOT NULL DEFAULT 1,
  `guardian_name` int(11) NOT NULL,
  `guardian_relation` int(11) NOT NULL DEFAULT 1,
  `guardian_phone` int(11) NOT NULL,
  `guardian_email` int(11) NOT NULL DEFAULT 1,
  `guardian_pic` int(11) NOT NULL DEFAULT 1,
  `guardian_occupation` int(11) NOT NULL,
  `guardian_address` int(11) NOT NULL DEFAULT 1,
  `current_address` int(11) NOT NULL DEFAULT 1,
  `permanent_address` int(11) NOT NULL DEFAULT 1,
  `route_list` int(11) NOT NULL DEFAULT 1,
  `hostel_id` int(11) NOT NULL DEFAULT 1,
  `bank_account_no` int(11) NOT NULL DEFAULT 1,
  `ifsc_code` int(11) NOT NULL,
  `bank_name` int(11) NOT NULL,
  `national_identification_no` int(11) NOT NULL DEFAULT 1,
  `local_identification_no` int(11) NOT NULL DEFAULT 1,
  `rte` int(11) NOT NULL DEFAULT 1,
  `previous_school_details` int(11) NOT NULL DEFAULT 1,
  `student_note` int(11) NOT NULL DEFAULT 1,
  `upload_documents` int(11) NOT NULL DEFAULT 1,
  `student_barcode` int(11) NOT NULL DEFAULT 1,
  `staff_designation` int(11) NOT NULL DEFAULT 1,
  `staff_department` int(11) NOT NULL DEFAULT 1,
  `staff_last_name` int(11) NOT NULL DEFAULT 1,
  `staff_father_name` int(11) NOT NULL DEFAULT 1,
  `staff_mother_name` int(11) NOT NULL DEFAULT 1,
  `staff_date_of_joining` int(11) NOT NULL DEFAULT 1,
  `staff_phone` int(11) NOT NULL DEFAULT 1,
  `staff_emergency_contact` int(11) NOT NULL DEFAULT 1,
  `staff_marital_status` int(11) NOT NULL DEFAULT 1,
  `staff_photo` int(11) NOT NULL DEFAULT 1,
  `staff_current_address` int(11) NOT NULL DEFAULT 1,
  `staff_permanent_address` int(11) NOT NULL DEFAULT 1,
  `staff_qualification` int(11) NOT NULL DEFAULT 1,
  `staff_work_experience` int(11) NOT NULL DEFAULT 1,
  `staff_note` int(11) NOT NULL DEFAULT 1,
  `staff_epf_no` int(11) NOT NULL DEFAULT 1,
  `staff_basic_salary` int(11) NOT NULL DEFAULT 1,
  `staff_contract_type` int(11) NOT NULL DEFAULT 1,
  `staff_work_shift` int(11) NOT NULL DEFAULT 1,
  `staff_work_location` int(11) NOT NULL DEFAULT 1,
  `staff_leaves` int(11) NOT NULL DEFAULT 1,
  `staff_account_details` int(11) NOT NULL DEFAULT 1,
  `staff_social_media` int(11) NOT NULL DEFAULT 1,
  `staff_upload_documents` int(11) NOT NULL DEFAULT 1,
  `staff_barcode` int(11) NOT NULL DEFAULT 1,
  `staff_notification_email` varchar(50) NOT NULL,
  `mobile_api_url` tinytext NOT NULL,
  `app_primary_color_code` varchar(20) DEFAULT NULL,
  `app_secondary_color_code` varchar(20) DEFAULT NULL,
  `admin_mobile_api_url` tinytext NOT NULL,
  `admin_app_primary_color_code` varchar(20) NOT NULL,
  `admin_app_secondary_color_code` varchar(20) NOT NULL,
  `app_logo` text CHARACTER SET utf8mb3 COLLATE utf8mb3_general_ci DEFAULT NULL,
  `zoom_api_key` varchar(100) DEFAULT NULL,
  `zoom_api_secret` varchar(100) DEFAULT NULL,
  `student_profile_edit` int(11) NOT NULL DEFAULT 0,
  `start_week` varchar(10) NOT NULL,
  `my_question` int(11) NOT NULL,
  `superadmin_restriction` varchar(20) NOT NULL,
  `student_timeline` varchar(20) NOT NULL,
  `calendar_event_reminder` int(11) DEFAULT NULL,
  `event_reminder` varchar(20) NOT NULL,
  `student_login` varchar(100) DEFAULT NULL,
  `parent_login` varchar(100) DEFAULT NULL,
  `student_panel_login` int(11) NOT NULL DEFAULT 1,
  `parent_panel_login` int(11) NOT NULL DEFAULT 1,
  `is_student_feature_lock` int(11) NOT NULL DEFAULT 0,
  `maintenance_mode` int(11) NOT NULL DEFAULT 0,
  `lock_grace_period` int(11) NOT NULL DEFAULT 0,
  `is_offline_fee_payment` int(11) NOT NULL DEFAULT 0,
  `offline_bank_payment_instruction` text NOT NULL,
  `scan_code_type` varchar(50) CHARACTER SET utf8mb3 COLLATE utf8mb3_general_ci NOT NULL DEFAULT 'barcode',
  `display_previous_fees` int(11) NOT NULL DEFAULT 0,
  `student_resume_download` int(11) NOT NULL DEFAULT 1,
  `download_admit_card` int(11) NOT NULL DEFAULT 0,
  `fees_discount` int(11) NOT NULL,
  `front_side_whatsapp` int(11) NOT NULL DEFAULT 0,
  `front_side_whatsapp_mobile` varchar(50) DEFAULT NULL,
  `front_side_whatsapp_from` time DEFAULT NULL,
  `front_side_whatsapp_to` time DEFAULT NULL,
  `admin_panel_whatsapp` int(11) NOT NULL DEFAULT 0,
  `admin_panel_whatsapp_mobile` varchar(50) DEFAULT NULL,
  `admin_panel_whatsapp_from` time DEFAULT NULL,
  `admin_panel_whatsapp_to` time DEFAULT NULL,
  `student_panel_whatsapp` int(11) NOT NULL DEFAULT 0,
  `student_panel_whatsapp_mobile` varchar(50) CHARACTER SET utf8mb3 COLLATE utf8mb3_general_ci DEFAULT NULL,
  `student_panel_whatsapp_from` time DEFAULT NULL,
  `student_panel_whatsapp_to` time DEFAULT NULL,
  `saas_key` text DEFAULT NULL,
  `student_delete_chat` int(11) NOT NULL,
  `guardian_delete_chat` int(11) NOT NULL,
  `student_partial_payment` int(11) DEFAULT NULL,
  `staff_delete_chat` int(11) NOT NULL,
  `theme_color` varchar(50) CHARACTER SET utf8mb3 COLLATE utf8mb3_general_ci NOT NULL DEFAULT '#7367f0',
  `theme_shadow` varchar(50) CHARACTER SET utf8mb3 COLLATE utf8mb3_general_ci NOT NULL DEFAULT 'shadow-applied',
  `theme_background` varchar(50) CHARACTER SET utf8mb3 COLLATE utf8mb3_general_ci NOT NULL DEFAULT 'light-mode',
  `theme_content` varchar(50) CHARACTER SET utf8mb3 COLLATE utf8mb3_general_ci NOT NULL DEFAULT 'container-fluid',
  `theme_type` varchar(50) CHARACTER SET utf8mb3 COLLATE utf8mb3_general_ci DEFAULT 'default',
  `theme_navigation` varchar(50) CHARACTER SET utf8mb3 COLLATE utf8mb3_general_ci NOT NULL DEFAULT 'expanded',
  `theme_font_color` varchar(50) NOT NULL,
  `student_form_multi_class` varchar(50) NOT NULL,
  `created_at` timestamp NOT NULL DEFAULT current_timestamp(),
  `updated_at` timestamp NOT NULL DEFAULT current_timestamp() ON UPDATE current_timestamp()
) ENGINE=InnoDB DEFAULT CHARSET=utf8mb3 COLLATE=utf8mb3_uca1400_ai_ci;

--
-- Déchargement des données de la table `sch_settings`
--

INSERT INTO `sch_settings` (`id`, `base_url`, `folder_path`, `name`, `biometric`, `biometric_device`, `email`, `phone`, `address`, `lang_id`, `languages`, `dise_code`, `date_format`, `time_format`, `currency`, `currency_symbol`, `is_rtl`, `is_duplicate_fees_invoice`, `collect_back_date_fees`, `single_page_print`, `timezone`, `session_id`, `cron_secret_key`, `currency_place`, `currency_format`, `class_teacher`, `start_month`, `attendence_type`, `low_attendance_limit`, `image`, `admin_logo`, `admin_small_logo`, `admin_login_page_background`, `user_login_page_background`, `theme`, `fee_due_days`, `adm_auto_insert`, `adm_prefix`, `adm_start_from`, `adm_no_digit`, `adm_update_status`, `staffid_auto_insert`, `staffid_prefix`, `staffid_start_from`, `staffid_no_digit`, `staffid_update_status`, `is_active`, `online_admission`, `online_admission_payment`, `online_admission_amount`, `online_admission_instruction`, `online_admission_conditions`, `online_admission_application_form`, `exam_result`, `is_blood_group`, `is_student_house`, `roll_no`, `category`, `religion`, `cast`, `mobile_no`, `student_email`, `admission_date`, `lastname`, `middlename`, `student_photo`, `student_height`, `student_weight`, `measurement_date`, `father_name`, `father_phone`, `father_occupation`, `father_pic`, `mother_name`, `mother_phone`, `mother_occupation`, `mother_pic`, `guardian_name`, `guardian_relation`, `guardian_phone`, `guardian_email`, `guardian_pic`, `guardian_occupation`, `guardian_address`, `current_address`, `permanent_address`, `route_list`, `hostel_id`, `bank_account_no`, `ifsc_code`, `bank_name`, `national_identification_no`, `local_identification_no`, `rte`, `previous_school_details`, `student_note`, `upload_documents`, `student_barcode`, `staff_designation`, `staff_department`, `staff_last_name`, `staff_father_name`, `staff_mother_name`, `staff_date_of_joining`, `staff_phone`, `staff_emergency_contact`, `staff_marital_status`, `staff_photo`, `staff_current_address`, `staff_permanent_address`, `staff_qualification`, `staff_work_experience`, `staff_note`, `staff_epf_no`, `staff_basic_salary`, `staff_contract_type`, `staff_work_shift`, `staff_work_location`, `staff_leaves`, `staff_account_details`, `staff_social_media`, `staff_upload_documents`, `staff_barcode`, `staff_notification_email`, `mobile_api_url`, `app_primary_color_code`, `app_secondary_color_code`, `admin_mobile_api_url`, `admin_app_primary_color_code`, `admin_app_secondary_color_code`, `app_logo`, `zoom_api_key`, `zoom_api_secret`, `student_profile_edit`, `start_week`, `my_question`, `superadmin_restriction`, `student_timeline`, `calendar_event_reminder`, `event_reminder`, `student_login`, `parent_login`, `student_panel_login`, `parent_panel_login`, `is_student_feature_lock`, `maintenance_mode`, `lock_grace_period`, `is_offline_fee_payment`, `offline_bank_payment_instruction`, `scan_code_type`, `display_previous_fees`, `student_resume_download`, `download_admit_card`, `fees_discount`, `front_side_whatsapp`, `front_side_whatsapp_mobile`, `front_side_whatsapp_from`, `front_side_whatsapp_to`, `admin_panel_whatsapp`, `admin_panel_whatsapp_mobile`, `admin_panel_whatsapp_from`, `admin_panel_whatsapp_to`, `student_panel_whatsapp`, `student_panel_whatsapp_mobile`, `student_panel_whatsapp_from`, `student_panel_whatsapp_to`, `saas_key`, `student_delete_chat`, `guardian_delete_chat`, `student_partial_payment`, `staff_delete_chat`, `theme_color`, `theme_shadow`, `theme_background`, `theme_content`, `theme_type`, `theme_navigation`, `theme_font_color`, `student_form_multi_class`, `created_at`, `updated_at`) VALUES
(1, 'https://e-victoire.groupelavictoire.com/', '/home/u707543112/domains/groupelavictoire.com/public_html/e-victoire/', 'LA VICTOIRE DE L\'ENSEIGNEMENT PRIVE', 1, 'EUF7240900265', '02lavictoire@gmail.com', '+212 6 38 91 53 02', 'Rue Al-Yasmine, en face de la Pharmacie Al-Bakali et de la Mosquée Al-Hidaya, Prévention Retail, Tétouan 93020 Tétouan, Maroc', 81, '[\"4\",\"81\",\"5\"]', 'LVEP', 'd/m/Y', '12-hour', '90', '$', 'disabled', '0,1', 1, 0, 'Africa/Casablanca', 22, '', 'after_number', '#.###.##', 'no', '9', 0, 75.00, '1777474327-156487727969f21b17771e3!Logo lavictoire.png', '1777550516-132719296369f344b498919!logo blanc.png', '1777474349-49315105969f21b2d6aa12!Logo lavictoire.png', '1663064530-1070210809632059d2b8b0b!1662796232-1721792380631c41c80d038!login_bg3.jpg', '1663065284-93117584263205cc49769c!1662964519-2099955753631ed327d0ffa!login_bg5.jpg', 'default.jpg', 60, 1, 'STD', '4', 1, 1, 1, 'STF', '2', 1, 0, 'no', 0, '', 0, '', '<p>&nbsp;Please enter your institution online admission terms & conditions here.</p>', NULL, 0, 0, 0, 1, 1, 0, 0, 1, 1, 1, 1, 0, 1, 0, 0, 0, 1, 1, 1, 1, 1, 1, 1, 1, 1, 1, 1, 1, 1, 1, 1, 1, 1, 1, 0, 1, 1, 1, 1, 1, 1, 1, 1, 1, 1, 1, 1, 1, 1, 1, 1, 1, 1, 1, 1, 1, 1, 1, 1, 1, 1, 1, 1, 1, 1, 1, 1, 1, 1, 1, '', 'https://e-victoire.groupelavictoire.com/api/', '#424242', '#eeeeee', '', '', '', '1777550534-142289233769f344c659df1!logo blanc.png', NULL, NULL, 0, 'Monday', 0, 'enabled', 'disabled', 0, 'disabled', 'null', 'null', 1, 1, 0, 0, 0, 1, '', 'qrcode', 0, 1, 0, 0, 0, '', NULL, NULL, 1, '+212 6 38 91 53 02', '08:00:00', '20:00:00', 1, '+212 6 38 91 53 02', '08:00:00', '20:00:00', NULL, 0, 0, 0, 0, '#7367f0', 'shadow-applied', 'light-mode', 'container-fluid', 'default', 'expanded', '#fff', 'disabled', '2022-12-30 06:44:20', '2026-05-12 13:53:12');

-- --------------------------------------------------------

--
-- Structure de la table `sections`
--

CREATE TABLE `sections` (
  `id` int(11) NOT NULL,
  `section` varchar(60) DEFAULT NULL,
  `is_active` varchar(255) DEFAULT 'no',
  `created_at` timestamp NOT NULL DEFAULT current_timestamp(),
  `updated_at` timestamp NOT NULL DEFAULT current_timestamp() ON UPDATE current_timestamp()
) ENGINE=InnoDB DEFAULT CHARSET=utf8mb3 COLLATE=utf8mb3_uca1400_ai_ci;

--
-- Déchargement des données de la table `sections`
--

INSERT INTO `sections` (`id`, `section`, `is_active`, `created_at`, `updated_at`) VALUES
(1, 'Crèche/Maternelle', 'no', '2026-04-29 14:26:21', '2026-04-29 14:26:21'),
(2, 'Goupe A', 'no', '2026-04-29 14:26:31', '2026-05-02 20:28:14'),
(3, 'Groupe B', 'no', '2026-04-29 14:26:37', '2026-05-02 20:28:25');

-- --------------------------------------------------------

--
-- Structure de la table `send_notification`
--

CREATE TABLE `send_notification` (
  `id` int(11) NOT NULL,
  `title` varchar(50) DEFAULT NULL,
  `publish_date` date DEFAULT NULL,
  `date` date DEFAULT NULL,
  `attachment` varchar(500) DEFAULT NULL,
  `message` text DEFAULT NULL,
  `visible_student` varchar(10) NOT NULL DEFAULT 'no',
  `visible_staff` varchar(10) NOT NULL DEFAULT 'no',
  `visible_parent` varchar(10) NOT NULL DEFAULT 'no',
  `created_by` varchar(60) DEFAULT NULL,
  `created_id` int(11) DEFAULT NULL,
  `is_active` varchar(255) DEFAULT 'no',
  `created_at` timestamp NOT NULL DEFAULT current_timestamp(),
  `updated_at` timestamp NOT NULL DEFAULT current_timestamp() ON UPDATE current_timestamp()
) ENGINE=InnoDB DEFAULT CHARSET=utf8mb3 COLLATE=utf8mb3_uca1400_ai_ci;

--
-- Déchargement des données de la table `send_notification`
--

INSERT INTO `send_notification` (`id`, `title`, `publish_date`, `date`, `attachment`, `message`, `visible_student`, `visible_staff`, `visible_parent`, `created_by`, `created_id`, `is_active`, `created_at`, `updated_at`) VALUES
(1, 'Test', '2026-07-01', '2026-05-01', NULL, '<p>Ceci est un test.</p>', 'Yes', 'Yes', 'Yes', 'Super Admin', 1, 'no', '2026-05-01 16:59:05', '2026-05-01 16:59:05');

-- --------------------------------------------------------

--
-- Structure de la table `sessions`
--

CREATE TABLE `sessions` (
  `id` int(11) NOT NULL,
  `session` varchar(60) DEFAULT NULL,
  `is_active` varchar(255) DEFAULT 'no',
  `created_at` timestamp NOT NULL DEFAULT current_timestamp(),
  `updated_at` timestamp NOT NULL DEFAULT current_timestamp() ON UPDATE current_timestamp()
) ENGINE=InnoDB DEFAULT CHARSET=utf8mb3 COLLATE=utf8mb3_uca1400_ai_ci;

--
-- Déchargement des données de la table `sessions`
--

INSERT INTO `sessions` (`id`, `session`, `is_active`, `created_at`, `updated_at`) VALUES
(7, '2016-17', 'no', '2017-04-20 06:42:19', '0000-00-00 00:00:00'),
(11, '2017-18', 'no', '2017-04-20 06:41:37', '0000-00-00 00:00:00'),
(13, '2018-19', 'no', '2016-08-24 19:26:44', '0000-00-00 00:00:00'),
(14, '2019-20', 'no', '2016-08-24 19:26:55', '0000-00-00 00:00:00'),
(15, '2020-21', 'no', '2016-10-01 05:28:08', '0000-00-00 00:00:00'),
(16, '2021-22', 'no', '2016-10-01 05:28:20', '0000-00-00 00:00:00'),
(18, '2022-23', 'no', '2016-10-01 05:29:02', '0000-00-00 00:00:00'),
(19, '2023-24', 'no', '2016-10-01 05:29:10', '0000-00-00 00:00:00'),
(20, '2024-25', 'no', '2016-10-01 05:29:18', '0000-00-00 00:00:00'),
(21, '2025-26', 'no', '2016-10-01 05:30:10', '0000-00-00 00:00:00'),
(22, '2026-27', 'no', '2016-10-01 05:30:18', '0000-00-00 00:00:00'),
(23, '2027-28', 'no', '2016-10-01 05:30:24', '0000-00-00 00:00:00'),
(24, '2028-29', 'no', '2016-10-01 05:30:30', '0000-00-00 00:00:00'),
(25, '2029-30', 'no', '2016-10-01 05:30:37', '0000-00-00 00:00:00');

-- --------------------------------------------------------

--
-- Structure de la table `share_contents`
--

CREATE TABLE `share_contents` (
  `id` int(11) NOT NULL,
  `send_to` varchar(50) DEFAULT NULL,
  `title` text DEFAULT NULL,
  `share_date` date DEFAULT NULL,
  `valid_upto` date DEFAULT NULL,
  `description` text DEFAULT NULL,
  `created_by` int(11) DEFAULT NULL,
  `created_at` timestamp NOT NULL DEFAULT current_timestamp(),
  `updated_at` timestamp NOT NULL DEFAULT current_timestamp() ON UPDATE current_timestamp()
) ENGINE=InnoDB DEFAULT CHARSET=utf8mb3 COLLATE=utf8mb3_uca1400_ai_ci;

-- --------------------------------------------------------

--
-- Structure de la table `share_content_for`
--

CREATE TABLE `share_content_for` (
  `id` int(11) NOT NULL,
  `group_id` varchar(20) DEFAULT NULL,
  `student_id` int(11) DEFAULT NULL,
  `user_parent_id` int(11) DEFAULT NULL,
  `staff_id` int(11) DEFAULT NULL,
  `class_section_id` int(11) DEFAULT NULL,
  `share_content_id` int(11) DEFAULT NULL,
  `created_at` timestamp NOT NULL DEFAULT current_timestamp(),
  `updated_at` timestamp NOT NULL DEFAULT current_timestamp() ON UPDATE current_timestamp()
) ENGINE=InnoDB DEFAULT CHARSET=utf8mb3 COLLATE=utf8mb3_uca1400_ai_ci;

-- --------------------------------------------------------

--
-- Structure de la table `share_upload_contents`
--

CREATE TABLE `share_upload_contents` (
  `id` int(11) NOT NULL,
  `upload_content_id` int(11) DEFAULT NULL,
  `share_content_id` int(11) DEFAULT NULL,
  `created_at` timestamp NOT NULL DEFAULT current_timestamp(),
  `updated_at` timestamp NOT NULL DEFAULT current_timestamp() ON UPDATE current_timestamp()
) ENGINE=InnoDB DEFAULT CHARSET=utf8mb3 COLLATE=utf8mb3_uca1400_ai_ci;

-- --------------------------------------------------------

--
-- Structure de la table `sidebar_menus`
--

CREATE TABLE `sidebar_menus` (
  `id` int(11) NOT NULL,
  `product_name` varchar(50) NOT NULL,
  `permission_group_id` int(11) DEFAULT NULL,
  `icon` varchar(100) DEFAULT NULL,
  `menu` varchar(500) DEFAULT NULL,
  `activate_menu` varchar(100) DEFAULT NULL,
  `lang_key` varchar(250) NOT NULL,
  `system_level` int(11) DEFAULT 0,
  `level` int(11) DEFAULT NULL,
  `sidebar_display` int(11) DEFAULT 0,
  `access_permissions` text DEFAULT NULL,
  `is_active` int(11) NOT NULL DEFAULT 1,
  `created_at` timestamp NOT NULL DEFAULT current_timestamp(),
  `updated_at` timestamp NOT NULL DEFAULT current_timestamp() ON UPDATE current_timestamp()
) ENGINE=InnoDB DEFAULT CHARSET=utf8mb3 COLLATE=utf8mb3_uca1400_ai_ci;

--
-- Déchargement des données de la table `sidebar_menus`
--

INSERT INTO `sidebar_menus` (`id`, `product_name`, `permission_group_id`, `icon`, `menu`, `activate_menu`, `lang_key`, `system_level`, `level`, `sidebar_display`, `access_permissions`, `is_active`, `created_at`, `updated_at`) VALUES
(1, '', 17, 'fa fa-ioxhost ftlayer', 'Front Office', 'front_office', 'front_office', 10, 1, 1, '(\'admission_enquiry\', \'can_view\') || (\'visitor_book\', \'can_view\') ||       (\'phon_call_log\', \'can_view\') ||  (\'postal_dispatch\', \'can_view\') ||       (\'postal_receive\', \'can_view\') || (\'complaint\', \'can_view\') ||(\'setup_font_office\', \'can_view\')', 1, '2023-01-10 12:49:51', '2025-12-27 07:45:41'),
(2, '', 1, 'fa fa-user-plus ftlayer', 'Student Information', 'student_information', 'student_information', 20, 2, 1, '(\'student\', \'can_view\') || (\'student\', \'can_add\') || (\'student_categories\', \'can_view\') || (\'student_houses\', \'can_view\') || (\'disable_student\', \'can_view\') || (\'disable_reason\', \'can_view\') || (\'online_admission\', \'can_view\') || (\'multiclass_student\', \'can_view\') || (\'disable_reason\', \'can_view\')', 1, '2023-01-10 12:49:51', '2025-12-27 07:46:57'),
(3, '', 2, 'fa fa-money ftlayer', 'Fees Collection', 'fees_collection', 'fees_collection', 30, 3, 1, '(\'collect_fees\', \'can_view\') || (\'search_fees_payment\', \'can_view\') || (\'search_due_fees\', \'can_view\') || (\'fees_statement\', \'can_view\') || (\'fees_carry_forward\', \'can_view\') || (\'fees_master\', \'can_view\') || (\'fees_group\', \'can_view\') || (\'fees_type\', \'can_view\') || (\'fees_discount\', \'can_view\') || (\'fees_reminder\', \'can_view\') || (\'offline_bank_payments\', \'can_view\')', 1, '2023-01-10 12:49:51', '2025-12-27 07:46:57'),
(4, '', 3, 'fa fa-usd ftlayer', 'Income', 'income', 'income', 40, 10, 1, '(\'income\', \'can_view\') || (\'search_income\', \'can_view\') || (\'income_head\', \'can_view\')', 1, '2023-01-10 12:49:37', '2025-12-27 07:45:41'),
(7, '', 4, 'fa fa-credit-card ftlayer', 'Expense', 'expense', 'expenses', 50, 11, 1, '(\'expense\', \'can_view\') || (\'search_expense\', \'can_view\') || (\'expense_head\', \'can_view\')', 1, '2023-01-10 12:49:37', '2025-12-27 07:45:41'),
(10, '', 5, 'fa fa-calendar-check-o ftlayer', 'Attendance', 'attendance', 'attendance', 60, 13, 1, '(\'student_attendance\', \'can_view\')', 1, '2023-01-10 12:49:37', '2025-12-27 07:45:41'),
(11, '', 6, 'fa fa-map-o ftlayer', 'Examinations', 'examinations', 'examinations', 70, 12, 1, '(\'exam_group\', \'can_view\') || (\'exam_result\', \'can_view\') || (\'design_admit_card\', \'can_view\') || (\'print_admit_card\', \'can_view\') || (\'design_marksheet\', \'can_view\') || (\'print_marksheet\', \'can_view\') || (\'marks_grade\', \'can_view\') || (\'exam_schedule\', \'can_view\') || (\'generate_rank\', \'can_view\')', 1, '2023-01-10 12:49:37', '2025-12-27 07:46:57'),
(12, '', 23, 'fa fa-rss ftlayer', 'Online Examinations', 'online_examinations', 'online_examinations', 80, 14, 1, '(\'online_examination\', \'can_view\') ||  (\'question_bank\', \'can_view\'', 1, '2023-01-10 12:49:37', '2025-12-27 07:45:41'),
(13, '', 29, 'fa fa-list-alt ftlayer', 'Lesson Plan', 'lesson_plan', 'lesson_plan', 90, 16, 1, '(\'manage_lesson_plan\', \'can_view\') || (\'manage_syllabus_status\', \'can_view\') || (\'lesson\', \'can_view\') ||  (\'topic\', \'can_view\')||  (\'copy_old_lesson\', \'can_view\')', 1, '2023-01-10 12:49:37', '2025-12-27 07:45:41'),
(14, '', 7, 'fa fa-mortar-board ftlayer', 'Academics', 'academics', 'academics', 100, 15, 1, '(\'class_timetable\', \'can_view\') || (\'teachers_timetable\', \'can_view\') || (\'assign_class_teacher\', \'can_view\') || (\'promote_student\', \'can_view\') || (\'subject_group\', \'can_view\') || (\'section\', \'can_view\') || (\'subject\', \'can_view\') || (\'class\', \'can_view\') || (\'section\', \'can_view\')', 1, '2023-01-10 12:49:37', '2025-12-27 07:45:41'),
(15, '', 18, 'fa fa-sitemap ftlayer', 'Human Resource', 'human_resource', 'human_resource', 110, 17, 1, '(\'staff\', \'can_view\') || (\'approve_leave_request\', \'can_view\') || (\'apply_leave\', \'can_view\') || (\'leave_types\', \'can_view\') || (\'teachers_rating\', \'can_view\') || (\'department\', \'can_view\') || (\'designation\', \'can_view\') || (\'disable_staff\', \'can_view\')', 1, '2023-01-10 12:49:37', '2025-12-27 07:45:41'),
(16, '', 13, 'fa fa-bullhorn ftlayer', 'Communicate', 'communicate', 'communicate', 120, 18, 1, '(\'notice_board\', \'can_view\') || (\'email\', \'can_view\') || (\'sms\', \'can_view\') || (\'email_sms_log\', \'can_view\')', 1, '2023-01-10 12:49:37', '2025-12-27 07:45:41'),
(17, '', 8, 'fa fa-download ftlayer', 'Download Center', 'download_center', 'download_center', 130, 19, 1, '(\'upload_content\', \'can_view\') || (\'video_tutorial\', \'can_view\') || (\'content_type\', \'can_view\') || (\'content_share_list\', \'can_view\')', 1, '2023-01-10 12:49:37', '2025-12-27 07:45:41'),
(18, '', 19, 'fa fa-flask ftlayer', 'Homework', 'homework', 'homework', 140, 20, 1, '(\'homework\', \'can_view\') || (\'homework\', \'can_view\')', 1, '2023-01-10 12:49:37', '2025-12-27 07:45:41'),
(19, '', 9, 'fa fa-book ftlayer', 'Library', 'library', 'library', 150, 21, 1, '(\'books\', \'can_view\') || (\'issue_return\', \'can_view\') || (\'add_staff_member\', \'can_view\') || (\'add_student\', \'can_view\')', 1, '2023-01-10 12:49:37', '2025-12-27 07:45:41'),
(20, '', 10, 'fa fa-object-group ftlayer', 'Inventory', 'inventory', 'inventory', 160, 22, 1, '(\'issue_item\', \'can_view\') || (\'item_stock\', \'can_view\') || (\'item\', \'can_view\') || (\'item_category\', \'can_view\') || (\'item_category\', \'can_view\') || (\'store\', \'can_view\') || (\'supplier\', \'can_view\')', 1, '2023-01-10 12:49:37', '2025-12-27 07:45:41'),
(21, '', 11, 'fa fa-bus ftlayer', 'Transport', 'transport', 'transport', 170, 23, 1, '(\'routes\', \'can_view\') || (\'vehicle\', \'can_view\') || (\'assign_vehicle\', \'can_view\') || (\'transport_fees_master\', \'can_view\') || (\'pickup_point\', \'can_view\') || (\'route_pickup_point\', \'can_view\') || (\'student_transport_fees\', \'can_view\')      ', 1, '2023-01-10 12:49:37', '2025-12-27 07:45:41'),
(22, '', 12, 'fa fa-building-o ftlayer', 'Hostel', 'hostel', 'hostel', 180, 24, 1, '(\'hostel_rooms\', \'can_view\') || (\'room_type\', \'can_view\') || (\'hostel\', \'can_view\')', 1, '2023-01-10 12:49:37', '2025-12-27 07:45:41'),
(23, '', 20, 'fa fa-newspaper-o ftlayer', 'Certificate', 'certificate', 'certificate', 190, 25, 1, '(\'student_certificate\', \'can_view\') || (\'generate_certificate\', \'can_view\') || (\'student_id_card\', \'can_view\') || (\'generate_id_card\', \'can_view\') || (\'staff_id_card\', \'can_view\') || (\'generate_staff_id_card\', \'can_view\') || (\'download_tc\', \'can_view\') || (\'prepare_tc\', \'can_view\') || (\'tc_settings\', \'can_view\') || (\'verify_tc\', \'can_view\')', 1, '2023-01-10 12:49:37', '2025-12-27 07:46:57'),
(24, '', 16, 'fa fa-empire ftlayer', 'Front CMS', 'front_cms', 'front_cms', 200, 26, 1, '(\'event\', \'can_view\') || (\'gallery\', \'can_view\') || (\'notice\', \'can_view\') || (\'media_manager\', \'can_view\') || (\'pages\', \'can_view\') || (\'menus\', \'can_view\') || (\'banner_images\', \'can_view\')', 1, '2023-01-10 12:49:37', '2025-12-27 07:45:41'),
(25, '', 28, 'fa fa-universal-access ftlayer', 'Alumni', 'alumni', 'alumni', 210, 27, 1, '(\'manage_alumni\', \'can_view\') || (\'events\', \'can_view\')', 1, '2023-01-10 12:49:37', '2025-12-27 07:45:41'),
(26, '', 14, 'fa fa-line-chart ftlayer', 'Reports', 'reports', 'reports', 220, 28, 1, '(\'student_report\', \'can_view\') || (\'guardian_report\', \'can_view\') || (\'student_history\', \'can_view\') || (\'student_login_credential_report\', \'can_view\') || (\'class_subject_report\', \'can_view\') || (\'admission_report\', \'can_view\') || (\'sibling_report\', \'can_view\') || (\'evaluation_report\', \'can_view\') || (\'student_profile\', \'can_view\') || (\'fees_statement\', \'can_view\') || (\'balance_fees_report\', \'can_view\') || (\'fees_collection_report\', \'can_view\') || (\'online_fees_collection_report\', \'can_view\') || (\'income_report\', \'can_view\') || (\'expense_report\', \'can_view\') || (\'income_group_report\', \'can_view\') || (\'expense_group_report\', \'can_view\') || (\'attendance_report\', \'can_view\') || (\'staff_attendance_report\', \'can_view\') || (\'exam_marks_report\', \'can_view\') || (\'online_exam_wise_report\', \'can_view\') || (\'online_exams_report\', \'can_view\') || (\'online_exams_attempt_report\', \'can_view\') || (\'online_exams_rank_report\', \'can_view\') || (\'payroll_report\', \'can_view\') || (\'transport_report\', \'can_view\') || (\'hostel_report\', \'can_view\') || (\'audit_trail_report\', \'can_view\') || (\'user_log\', \'can_view\') || (\'book_issue_report\', \'can_view\') || (\'book_due_report\', \'can_view\') || (\'book_inventory_report\', \'can_view\') || (\'stock_report\', \'can_view\') ||      (\'add_item_report\', \'can_view\') || (\'issue_inventory_report\', \'can_view\') || (\'syllabus_status_report\', \'can_view\') ||    (\'subject_lesson_plan_report\', \'can_view\') || (\'daily_collection_report\', \'can_view\') || (\'balance_fees_statement\', \'can_view\') || (\'balance_fees_report_with_remark\', \'can_view\') || (\'staff_leave_request_report\', \'can_view\') || (\'my_leave_request_report\', \'can_view\')', 1, '2023-01-10 12:49:37', '2025-12-27 07:46:57'),
(27, '', 15, 'fa fa-gears ftlayer', 'System Settings', 'system_settings', 'system_setting', 230, 29, 1, '(\'general_setting\', \'can_view\') || (\'session_setting\', \'can_view\') || (\'notification_setting\', \'can_view\') || (\'sms_setting\', \'can_view\') || (\'email_setting\', \'can_view\') || (\'payment_methods\', \'can_view\') || (\'languages\', \'can_view\') || (\'user_status\', \'can_view\') || (\'backup_restore\', \'can_view\') || (\'print_header_footer\', \'can_view\') || (\'backup\', \'can_view\') || (\'front_cms_setting\', \'can_view\') || (\'custom_fields\', \'can_view\') || (\'system_fields\', \'can_view\') || (\'student_profile_update\', \'can_view\') || (\'currency\', \'can_view\') || (\'language_switcher\', \'can_view\') || (\'sidebar_menu\', \'can_view\') || (\'online_admission\', \'can_view\')\r\n', 1, '2023-01-10 12:49:37', '2025-12-27 07:45:41'),
(28, 'ssoclc', 700, 'fa fa-file-video-o ftlayer', 'Online Course', 'online_course', 'online_course', 0, 4, 1, '(\'online_course\', \'can_view\') || (\'online_course_offline_payment\', \'can_view\') || (\'student_course_purchase_report\', \'can_view\') || (\'course_sell_count_report\', \'can_view\') || (\'online_course_setting\', \'can_view\')|| (\'course_category\', \'can_view\') || (\'guest_report\', \'can_view\') || (\'course_rating_report\', \'can_view\') || (\'course_assignment_report\', \'can_view\') || (\'course_exam_result_report\', \'can_view\') || (\'course_exam_report\', \'can_view\') || (\'course_exam_attempt_report\', \'can_view\') || (\'online_course_question_bank\', \'can_view\') || (\'course_certificate_template\',\'can_view\')', 1, '2023-01-10 12:49:51', '2026-04-29 12:38:23'),
(29, 'ssglc', 600, 'fa fa-video-camera ftlayer', 'Gmeet Live Classes', 'gmeet_live_classes', 'gmeet_live_classes', 0, 5, 1, '(\'gmeet_live_classes\', \'can_view\')) || (\'gmeet_live_meeting\', \'can_view\') || (\'gmeet_live_meeting_report\', \'can_view\') || (\'gmeet_live_classes_report\', \'can_view\')', 1, '2023-01-10 12:49:51', '2026-04-29 12:37:37'),
(30, 'sszlc', 500, 'fa fa-video-camera ftlayer', 'Zoom Live Classes', 'zoom_live_classes', 'zoom_live_classes', 0, 6, 1, '(\'setting\', \'can_view\') || (\'live_classes\', \'can_view\') || (\'live_meeting\', \'can_view\') || (\'live_classes_report\', \'can_view\') || (\'live_meeting_report\', \'can_view\')', 1, '2023-01-10 12:49:51', '2026-04-29 12:42:41'),
(31, 'ssbr', 800, 'fa fa-map-signs ftlayer', 'Behaviour Records', 'behaviour_records', 'behaviour_records', 0, 4, 1, '(\'student_incident_report\', \'can_view\') || (\'student_behaviour_rank_report\', \'can_view\') || (\'class_wise_rank_report\', \'can_view\') || (\'class_section_wise_rank_report\', \'can_view\') || (\'house_wise_rank_report\', \'can_view\') || (\'incident_wise_report\', \'can_view\') || (\'behaviour_records_assign_incident\', \'can_view\') || (\'behaviour_records_incident\', \'can_view\') || (\'behaviour_records_setting\', \'can_view\')', 1, '2023-01-10 12:55:29', '2026-04-29 12:35:19'),
(32, 'sstfa', 1100, 'fa fa-lock ftlayer', 'Two Factor Authenticator', 'two_factor_authentication', 'two_factor_authentication', 0, 4, 1, '(\'google_authenticate_setting\', \'can_view\') || (\'google_authenticate_setup_two_fa\', \'can_view\')', 1, '2023-01-10 12:55:03', '2026-04-29 12:40:48'),
(34, 'sscbse', 900, 'fa fa-file-text-o', 'CBSE Examination', 'cbse_exam', 'cbse_exam', 69, 11, 1, '(\'subject_marks_report\', \'can_view\') || (\'template_marks_report\', \'can_view\') || (\'cbse_exam\', \'can_view\') || (\'cbse_exam_print_marksheet\', \'can_view\') || (\'cbse_exam_grade\', \'can_view\') || (\'cbse_exam_assign_observation\', \'can_view\') || (\'cbse_exam_observation\', \'can_view\') || (\'cbse_exam_observation_parameter\', \'can_view\') || (\'cbse_exam_assessment\', \'can_view\') || (\'cbse_exam_term\', \'can_view\') || (\'cbse_exam_template\', \'can_view\') || (\'cbse_exam_schedule\', \'can_view\') || (\'cbse_exam_category\', \'can_view\') || (\'cbse_exam_admit_card\', \'can_view\') || (\'cbse_exam_print_admit_card\', \'can_view\')', 1, '2023-07-04 13:03:29', '2026-04-29 12:36:06'),
(35, 'ssqra', 1200, 'fa fa-qrcode', 'QR Code Attendance', 'qr_code_attendance', 'qr_code_attendance', 230, 13, 1, '(\'qr_code_attendance\', \'can_view\') || (\'qr_code_setting\', \'can_view\')\n\n', 1, '2023-12-11 12:28:29', '2026-04-29 12:33:29'),
(36, '', 30, 'fa fa-calendar', 'Annual Calendar', 'holiday', 'annual_calendar', 240, 16, 1, '(\'annual_calendar\', \'can_view\')\r\n', 1, '2025-01-18 09:15:03', '2025-12-27 07:45:41'),
(37, '', 31, 'fa fa-ioxhost ftlayer', 'Student CV', 'student_cv', 'student_cv', 1, 23, 1, '(\'download_cv\', \'can_view\') || (\'build_cv\', \'can_view\') || (\'resume_setting\', \'can_view\') || (\'student_resume_details\', \'can_view\')', 1, '2025-01-18 09:15:07', '2025-12-27 07:45:41'),
(38, 'ssqfc', 1300, 'fa fa-usd', 'Quick Fees Create', 'quick_fees', 'quick_fees', 300, 1, 0, '(\'quick_fees\', \'can_view\')\n', 1, '2025-01-28 16:53:51', '2026-04-29 12:34:37'),
(39, 'sstpa', 1400, 'fa fa-usd', 'Thermal Print', 'thermal_print', 'thermal_print', 300, 1, 0, '(\'thermal_print\', \'can_view\')\r\n', 1, '2025-01-29 06:12:04', '2026-04-29 12:38:53'),
(40, 'sswm', 1500, 'fa fa-usd', 'Whatsapp Messaging', 'whatsapp_messaging', 'whatsapp_messaging', 300, 1, 0, '(\'whatsapp_messaging\', \'can_view\')\r\n', 1, '2025-01-29 06:12:04', '2026-04-29 12:39:51');

-- --------------------------------------------------------

--
-- Structure de la table `sidebar_sub_menus`
--

CREATE TABLE `sidebar_sub_menus` (
  `id` int(11) NOT NULL,
  `sidebar_menu_id` int(11) DEFAULT NULL,
  `menu` varchar(500) DEFAULT NULL,
  `key` varchar(500) DEFAULT NULL,
  `lang_key` varchar(250) DEFAULT NULL,
  `url` text DEFAULT NULL,
  `level` int(11) DEFAULT NULL,
  `access_permissions` varchar(500) DEFAULT NULL,
  `permission_group_id` int(11) DEFAULT NULL,
  `activate_controller` varchar(100) DEFAULT NULL COMMENT 'income',
  `activate_methods` varchar(500) DEFAULT NULL COMMENT 'index,edit',
  `addon_permission` varchar(100) DEFAULT NULL,
  `is_active` int(11) DEFAULT 1,
  `created_at` timestamp NOT NULL DEFAULT current_timestamp(),
  `updated_at` timestamp NOT NULL DEFAULT current_timestamp() ON UPDATE current_timestamp()
) ENGINE=InnoDB DEFAULT CHARSET=utf8mb3 COLLATE=utf8mb3_uca1400_ai_ci;

--
-- Déchargement des données de la table `sidebar_sub_menus`
--

INSERT INTO `sidebar_sub_menus` (`id`, `sidebar_menu_id`, `menu`, `key`, `lang_key`, `url`, `level`, `access_permissions`, `permission_group_id`, `activate_controller`, `activate_methods`, `addon_permission`, `is_active`, `created_at`, `updated_at`) VALUES
(1, 1, 'admission_enquiry', NULL, 'admission_enquiry', 'admin/enquiry', 1, '(\'admission_enquiry\', \'can_view\')', NULL, 'enquiry', 'index', NULL, 1, '2022-07-11 12:04:46', '2025-12-27 07:45:41'),
(2, 1, 'visitor_book', NULL, 'visitor_book', 'admin/visitors', 2, '(\'visitor_book\', \'can_view\')', NULL, 'visitors', 'index', NULL, 1, '2022-07-11 12:04:46', '2025-12-27 07:45:41'),
(3, 1, 'phone_call_log', NULL, 'phone_call_log', 'admin/generalcall', 3, '(\'phone_call_log\', \'can_view\')', NULL, 'generalcall', 'index,edit', NULL, 1, '2022-05-10 11:40:07', '2025-12-27 07:45:41'),
(4, 1, 'postal_dispatch', NULL, 'postal_dispatch', 'admin/dispatch', 4, '(\'postal_dispatch\', \'can_view\')', NULL, 'dispatch', 'index,editdispatch', NULL, 1, '2022-05-10 11:40:09', '2025-12-27 07:45:41'),
(5, 1, 'postal_receive', NULL, 'postal_receive', 'admin/receive', 5, '(\'postal_receive\', \'can_view\')', NULL, 'receive', 'index,editreceive', NULL, 1, '2022-05-10 11:40:09', '2025-12-27 07:45:41'),
(6, 1, 'complain', NULL, 'complain', 'admin/complaint', 6, '(\'complaint\', \'can_view\')', NULL, 'complaint', 'index,edit', NULL, 1, '2022-05-10 11:40:00', '2025-12-27 07:45:41'),
(7, 1, 'setup_front_office', NULL, 'setup_front_office', 'admin/visitorspurpose', 7, '(\'setup_font_office\', \'can_view\')', NULL, 'visitorspurpose', 'index,edit', NULL, 1, '2022-04-18 15:43:15', '2025-12-27 07:45:41'),
(9, 2, 'student_admission', NULL, 'student_admission', 'student/create', 2, '(\'student\', \'can_add\')', NULL, 'student', 'create,import', NULL, 1, '2022-08-30 07:51:02', '2025-12-27 07:45:41'),
(10, 2, 'online_admission', NULL, 'online_admission', 'admin/onlinestudent', 3, '(\'online_admission\', \'can_view\')', 27, 'onlinestudent', 'index,edit', NULL, 1, '2022-05-10 11:40:30', '2025-12-27 07:45:41'),
(11, 2, 'disable_student', NULL, 'disabled_students', 'student/disablestudentslist', 4, '(\'disable_student\', \'can_view\')', NULL, 'student', 'disablestudentslist', '', 1, '2022-07-23 06:49:00', '2025-12-27 07:45:41'),
(12, 3, 'collect_fees', NULL, 'collect_fees', 'studentfee', 1, '(\'collect_fees\', \'can_view\')', NULL, 'studentfee', 'index,addfee', NULL, 1, '2022-07-23 06:53:34', '2025-12-27 07:45:41'),
(13, 3, 'search_fees_payment', NULL, 'search_fees_payment', 'studentfee/searchpayment', 3, '(\'search_fees_payment\', \'can_view\')', NULL, 'studentfee', 'searchpayment', NULL, 1, '2022-08-08 06:03:40', '2025-12-27 07:45:41'),
(14, 3, 'search_due_fees', NULL, 'search_due_fees', 'studentfee/feesearch', 4, '(\'search_due_fees\', \'can_view\')', NULL, 'studentfee', 'feesearch', NULL, 1, '2022-08-08 06:03:38', '2025-12-27 07:45:41'),
(15, 3, 'fees_master', NULL, 'fees_master', 'admin/feemaster', 5, '(\'fees_master\', \'can_view\')', NULL, 'feemaster', 'index,assign,edit', NULL, 1, '2022-09-24 07:35:55', '2025-12-27 07:45:41'),
(16, 3, 'fees_group', NULL, 'fees_group', 'admin/feegroup', 6, '(\'fees_group\', \'can_view\')', NULL, 'feegroup', 'index,edit', NULL, 1, '2022-08-08 06:03:32', '2025-12-27 07:45:41'),
(17, 4, 'add_income', NULL, 'add_income', 'admin/income', 1, '(\'income\', \'can_view\')', NULL, 'income', 'index,edit', NULL, 1, '2022-07-23 07:03:40', '2025-12-27 07:45:41'),
(18, 4, 'search_income', NULL, 'search_income', 'admin/income/incomesearch', 2, '(\'search_income\', \'can_view\')', NULL, 'income', 'incomesearch', NULL, 1, '2022-07-23 07:10:13', '2025-12-27 07:45:41'),
(19, 4, 'income_head', NULL, 'income_head', 'admin/incomehead', 3, '(\'income_head\', \'can_view\')', NULL, 'incomehead', 'index,edit', NULL, 1, '2022-07-23 07:11:11', '2025-12-27 07:45:41'),
(20, 2, 'student_details', NULL, 'student_details', 'student/search', 1, '(\'student\', \'can_view\')', NULL, 'student', 'search,view,edit', NULL, 1, '2022-08-30 07:51:05', '2025-12-27 07:45:41'),
(21, 2, 'multi_class_student', NULL, 'multi_class_student', 'student/multiclass', 5, '(\'multi_class_student\', \'can_view\')', 26, 'student', 'multiclass', NULL, 1, '2022-07-23 06:48:37', '2025-12-27 07:45:41'),
(22, 2, 'bulk_delete', NULL, 'bulk_delete', 'student/bulkdelete', 6, '(\'student\', \'can_delete\')', NULL, 'student', 'bulkdelete', NULL, 1, '2022-07-23 06:48:11', '2025-12-27 07:45:41'),
(23, 2, 'student_categories', NULL, 'student_categories', 'category', 7, '(\'student_categories\', \'can_view\')', NULL, 'category', 'index,edit', NULL, 1, '2022-07-23 06:47:24', '2025-12-27 07:45:41'),
(24, 2, 'student_house', NULL, 'student_house', 'admin/schoolhouse', 8, '(\'student_houses\', \'can_view\')', NULL, 'schoolhouse', 'index,edit', NULL, 1, '2022-07-23 06:49:59', '2025-12-27 07:45:41'),
(25, 2, 'disable_reason', NULL, 'disable_reason', 'admin/disable_reason', 9, '(\'disable_reason\', \'can_view\')', NULL, 'disable_reason', 'index,edit', NULL, 1, '2022-07-23 06:50:41', '2025-12-27 07:45:41'),
(29, 7, 'add_expense', NULL, 'add_expense', 'admin/expense', 1, '(\'expense\', \'can_view\')', NULL, 'expense', 'index,edit', '', 1, '2022-07-23 07:12:25', '2025-12-27 07:45:41'),
(32, 3, 'fees_type', NULL, 'fees_type', 'admin/feetype', 7, '(\'fees_type\', \'can_view\')', NULL, 'feetype', 'index,edit', '', 1, '2022-08-08 06:03:29', '2025-12-27 07:45:41'),
(33, 10, 'attendance_by_date', 'attendance_by_date', 'attendance_by_date', 'admin/stuattendence/attendencereport', 3, '(\'attendance_by_date\', \'can_view\')', NULL, 'stuattendence', 'attendencereport', '', 1, '2022-10-20 05:50:25', '2025-12-27 07:45:41'),
(34, 10, 'student_attendance', 'student_attendance', 'student_attendance', 'admin/stuattendence', 1, '(\'student_attendance\', \'can_view\')', NULL, 'stuattendence', 'index', '', 1, '2022-10-20 05:50:25', '2025-12-27 07:45:41'),
(35, 10, 'approve_leave', 'approve_leave', 'approve_leave', 'admin/approve_leave', 2, '(\'approve_leave\', \'can_view\')', NULL, 'approve_leave', 'index', '', 1, '2022-10-14 16:16:44', '2025-12-27 07:45:41'),
(36, 11, 'exam_group', NULL, 'exam_group', 'admin/examgroup', 1, '(\'exam_group\', \'can_view\')', NULL, 'examgroup', 'index,addexam,edit', '', 1, '2022-07-23 07:23:01', '2025-12-27 07:45:41'),
(37, 11, 'exam_schedule', NULL, 'exam_schedule', 'admin/exam_schedule', 2, '(\'exam_schedule\', \'can_view\')', NULL, 'exam_schedule', 'index', '', 1, '2022-05-16 07:01:34', '2025-12-27 07:46:57'),
(38, 11, 'exam_result', NULL, 'exam_result', 'admin/examresult', 3, '(\'exam_result\', \'can_view\')', NULL, 'examresult', 'index', '', 1, '2022-05-16 07:01:34', '2025-12-27 07:45:41'),
(39, 11, 'design_admit_card', NULL, 'design_admit_card', 'admin/admitcard', 4, '(\'design_admit_card\', \'can_view\')', NULL, 'admitcard', 'index,edit', '', 1, '2022-07-23 07:28:02', '2025-12-27 07:45:41'),
(40, 11, 'print_admit_card', NULL, 'print_admit_card', 'admin/examresult/admitcard', 5, '(\'print_admit_card\', \'can_view\')', NULL, 'examresult', 'admitcard', '', 1, '2022-05-16 07:01:34', '2025-12-27 07:45:41'),
(41, 11, 'design_marksheet', NULL, 'design_marksheet', 'admin/marksheet', 6, '(\'design_marksheet\', \'can_view\')', NULL, 'marksheet', 'index,edit', '', 1, '2022-07-23 07:35:35', '2025-12-27 07:45:41'),
(42, 11, 'print_marksheet', NULL, 'print_marksheet', 'admin/examresult/marksheet', 7, '(\'print_marksheet\', \'can_view\')', NULL, 'examresult', 'marksheet', '', 1, '2022-05-16 07:01:38', '2025-12-27 07:45:41'),
(43, 11, 'marks_grade', NULL, 'marks_grade', 'admin/grade', 8, '(\'marks_grade\', \'can_view\')', NULL, 'grade', 'index,edit', '', 1, '2022-07-23 07:37:15', '2025-12-27 07:45:41'),
(44, 11, 'marks_division', NULL, 'marks_division', 'admin/marksdivision', 9, '(\'marks_division\', \'can_view\')', NULL, 'marksdivision', 'index,edit', '', 1, '2022-08-25 06:04:26', '2025-12-27 07:45:41'),
(45, 12, 'online_exam', NULL, 'online_exam', 'admin/onlineexam', 1, '(\'online_examination\', \'can_view\')', NULL, 'onlineexam', 'index,evalution,assign', '', 1, '2022-08-30 13:03:45', '2025-12-27 07:45:41'),
(46, 12, 'question_bank', NULL, 'question_bank', 'admin/question', 1, '(\'question_bank\', \'can_view\')', NULL, 'question', 'index,read', '', 1, '2022-08-30 11:03:13', '2025-12-27 07:45:41'),
(47, 13, 'manage_lesson_plan', NULL, 'manage_lesson_plan', 'admin/syllabus', 2, '(\'manage_lesson_plan\', \'can_view\')', NULL, 'syllabus', 'index', '', 1, '2022-09-03 16:59:31', '2025-12-27 07:45:41'),
(48, 13, 'manage_syllabus_status', NULL, 'manage_syllabus_status', 'admin/syllabus/status', 3, '(\'manage_syllabus_status\', \'can_view\')', NULL, 'syllabus', 'status', '', 1, '2022-09-03 16:59:35', '2025-12-27 07:45:41'),
(49, 13, 'lesson', NULL, 'lesson', 'admin/lessonplan/lesson', 4, '(\'lesson\', \'can_view\')', NULL, 'lessonplan', 'lesson,editlesson', '', 1, '2022-09-15 11:30:55', '2025-12-27 07:45:41'),
(50, 13, 'topic', NULL, 'topic', 'admin/lessonplan/topic', 5, '(\'topic\', \'can_view\')', NULL, 'lessonplan', 'topic,edittopic', '', 1, '2022-09-15 11:30:24', '2025-12-27 07:45:41'),
(51, 14, 'class_timetable', NULL, 'class_timetable', 'admin/timetable/classreport', 1, '(\'class_timetable\', \'can_view\')', NULL, 'timetable', 'classreport,create', '', 1, '2022-07-23 09:01:22', '2025-12-27 07:45:41'),
(52, 14, 'teachers_timetable', NULL, 'teachers_timetable', 'admin/timetable/mytimetable', 2, '(\'teachers_time_table\', \'can_view\')', NULL, 'timetable', 'mytimetable', '', 1, '2022-07-20 12:22:59', '2025-12-27 07:45:41'),
(53, 14, 'assign_class_teacher', NULL, 'assign_class_teacher', 'admin/teacher/assign_class_teacher', 3, '(\'assign_class_teacher\', \'can_view\')', NULL, 'teacher', 'assign_class_teacher,update_class_teacher', '', 1, '2022-07-23 09:00:19', '2025-12-27 07:45:41'),
(54, 14, 'promote_students', NULL, 'promote_students', 'admin/stdtransfer', 4, '(\'promote_student\', \'can_view\')', NULL, 'stdtransfer', 'index', '', 1, '2022-07-20 12:22:54', '2025-12-27 07:45:41'),
(55, 14, 'subject_group', NULL, 'subject_group', 'admin/subjectgroup', 5, '(\'subject_group\', \'can_view\')', NULL, 'subjectgroup', 'index,edit', '', 1, '2022-07-23 08:59:42', '2025-12-27 07:45:41'),
(56, 14, 'subjects', NULL, 'subjects', 'admin/subject', 6, '(\'subject\', \'can_view\')', NULL, 'subject', 'index,edit', '', 1, '2022-07-23 08:59:20', '2025-12-27 07:45:41'),
(57, 14, 'class', NULL, 'class', 'classes', 7, '(\'class\', \'can_view\')', NULL, 'classes', 'index,edit', '', 1, '2022-07-23 08:58:49', '2025-12-27 07:45:41'),
(58, 14, 'sections', NULL, 'sections', 'sections', 8, '(\'section\', \'can_view\')', NULL, 'sections', 'index,edit', '', 1, '2022-07-23 08:58:21', '2025-12-27 07:45:41'),
(59, 15, 'staff_directory', NULL, 'staff_directory', 'admin/staff', 1, '(\'staff\', \'can_view\')', NULL, 'staff', 'index,edit,profile,create', '', 1, '2022-10-12 09:13:24', '2025-12-27 07:45:41'),
(60, 15, 'staff_attendance', NULL, 'staff_attendance', 'admin/staffattendance', 1, '(\'staff_attendance\', \'can_view\')', NULL, 'staffattendance', 'index', '', 1, '2022-09-07 12:04:15', '2025-12-27 07:45:41'),
(61, 15, 'payroll', NULL, 'payroll', 'admin/payroll', 1, '(\'staff_payroll\', \'can_view\')', NULL, 'payroll', 'index,edit,create', '', 1, '2022-08-16 11:58:44', '2025-12-27 07:45:41'),
(62, 15, 'approve_leave_request', NULL, 'approve_leave_request', 'admin/leaverequest/leaverequest', 1, '(\'approve_leave_request\', \'can_view\')', NULL, 'leaverequest', 'leaverequest', '', 1, '2022-05-16 09:04:33', '2025-12-27 07:45:41'),
(74, 15, 'apply_leave', NULL, 'apply_leave', 'admin/staff/leaverequest', 1, '(\'apply_leave\', \'can_view\')', NULL, 'staff', 'leaverequest', '', 1, '2022-05-16 09:11:41', '2025-12-27 07:45:41'),
(75, 15, 'leave_type', NULL, 'leave_type', 'admin/leavetypes', 1, '(\'leave_types\', \'can_view\')', NULL, 'leavetypes', 'index,leaveedit,createleavetype', '', 1, '2022-10-18 11:19:22', '2025-12-27 07:45:41'),
(76, 15, 'teachers_rating', NULL, 'teachers_rating', 'admin/staff/rating', 1, '(\'teachers_rating\', \'can_view\')', NULL, 'staff', 'rating', '', 1, '2022-05-16 09:15:31', '2025-12-27 07:45:41'),
(77, 15, 'department', NULL, 'department', 'admin/department/department', 1, '(\'department\', \'can_view\')', NULL, 'department', 'department,departmentedit', '', 1, '2022-07-23 09:14:20', '2025-12-27 07:45:41'),
(78, 15, 'designation', NULL, 'designation', 'admin/designation/designation', 1, '(\'designation\', \'can_view\')', NULL, 'designation', 'designation,designationedit', '', 1, '2022-07-23 09:15:04', '2025-12-27 07:45:41'),
(79, 15, 'disabled_staff', NULL, 'disabled_staff', 'admin/staff/disablestafflist', 1, '(\'disable_staff\', \'can_view\')', NULL, 'staff', 'disablestafflist', '', 1, '2022-09-13 07:46:56', '2025-12-27 07:45:41'),
(80, 16, 'notice_board', NULL, 'notice_board', 'admin/notification', 1, '(\'notice_board\', \'can_view\')', NULL, 'notification', 'index,edit,add', '', 1, '2022-07-23 09:17:24', '2025-12-27 07:45:41'),
(81, 16, 'send_email', NULL, 'send_email', 'admin/mailsms/compose', 2, '(\'email\', \'can_view\')', NULL, 'mailsms', 'compose', '', 1, '2022-09-02 16:52:46', '2025-12-27 07:45:41'),
(82, 16, 'send_sms', NULL, 'send_sms', 'admin/mailsms/compose_sms', 3, '(\'sms\', \'can_view\')', NULL, 'mailsms', 'compose_sms', '', 1, '2022-09-02 16:52:46', '2025-12-27 07:45:41'),
(83, 16, 'email_sms_log', NULL, 'email_sms_log', 'admin/mailsms/index', 4, '(\'email_sms_log\', \'can_view\')', NULL, 'mailsms', 'index', '', 1, '2022-09-02 16:52:50', '2025-12-27 07:45:41'),
(84, 16, 'schedule_email_sms_log', NULL, 'schedule_email_sms_log', 'admin/mailsms/schedule', 5, '(\'schedule_email_sms_log\', \'can_view\')', NULL, 'mailsms', 'schedule,edit_schedule', '', 1, '2022-09-13 07:07:38', '2025-12-27 07:45:41'),
(85, 16, 'login_credentials_send', NULL, 'login_credentials_send', 'student/bulkmail', 6, '(\'login_credentials_send\', \'can_view\')', NULL, 'student', 'bulkmail', '', 1, '2022-09-02 16:52:46', '2025-12-27 07:45:41'),
(86, 16, 'email_template', NULL, 'email_template', 'admin/mailsms/email_template', 7, '(\'email_template\', \'can_view\')', NULL, 'mailsms', 'email_template', '', 1, '2022-09-02 16:52:46', '2025-12-27 07:45:41'),
(87, 16, 'sms_template', NULL, 'sms_template', 'admin/mailsms/sms_template', 8, '(\'sms_template\', \'can_view\')', NULL, 'mailsms', 'sms_template', '', 1, '2022-09-02 16:52:46', '2025-12-27 07:45:41'),
(88, 17, 'content_type', NULL, 'content_type', 'admin/contenttype', 4, '(\'content_type\', \'can_view\')', NULL, 'contenttype', 'index,edit', '', 1, '2022-07-23 09:24:45', '2026-04-29 12:30:03'),
(89, 17, 'content_share_list', NULL, 'content_share_list', 'admin/content/list', 2, '(\'content_share_list\', \'can_view\')', NULL, 'content', 'list', '', 1, '2022-07-22 10:07:17', '2025-12-27 07:45:41'),
(90, 17, 'upload_content', NULL, 'upload_content', 'admin/content/upload', 1, '(\'upload_content\', \'can_view\')', NULL, 'content', 'upload', '', 1, '2022-07-22 10:07:17', '2025-12-27 07:45:41'),
(91, 17, 'video_tutorial', NULL, 'video_tutorial', 'admin/video_tutorial', 3, '(\'video_tutorial\', \'can_view\')', NULL, 'video_tutorial', 'index', '', 1, '2022-07-22 10:07:17', '2026-04-29 12:30:03'),
(92, 18, 'add_homework', NULL, 'add_homework', 'homework', 1, '(\'homework\', \'can_view\')', NULL, 'homework', 'index', '', 1, '2022-06-25 09:50:01', '2025-12-27 07:45:41'),
(93, 18, 'daily_assignment', NULL, 'daily_assignment', 'homework/dailyassignment', 2, '(\'daily_assignment\', \'can_view\')', NULL, 'homework', 'dailyassignment', '', 1, '2022-07-23 09:27:23', '2025-12-27 07:45:41'),
(94, 19, 'book_list', NULL, 'book_list', 'admin/book/getall', 1, '(\'books\', \'can_view\')', NULL, 'book', 'getall,index,edit,import,issue_returnreport', '', 1, '2022-09-07 11:45:50', '2025-12-27 07:45:41'),
(95, 19, 'issue_return', NULL, 'issue_return', 'admin/member', 1, '(\'issue_return\', \'can_view\')', NULL, 'member', 'index,issue', '', 1, '2022-07-23 09:32:48', '2025-12-27 07:45:41'),
(96, 19, 'add_student', NULL, 'add_student', 'admin/member/student', 1, '(\'add_student\', \'can_view\')', NULL, 'member', 'student', '', 1, '2022-05-16 11:22:54', '2025-12-27 07:45:41'),
(97, 19, 'add_staff_member', NULL, 'add_staff_member', 'admin/member/teacher', 1, '(\'add_staff_member\', \'can_view\')', NULL, 'member', 'teacher', '', 1, '2022-05-16 11:31:43', '2025-12-27 07:45:41'),
(98, 7, 'search_expense', NULL, 'search_expense', 'admin/expense/expensesearch', 1, '(\'search_expense\', \'can_view\')', NULL, 'expense', 'expensesearch', '', 1, '2022-05-16 11:36:09', '2025-12-27 07:45:41'),
(99, 7, 'expense_head', NULL, 'expense_head', 'admin/expensehead', 1, '(\'expense_head\', \'can_view\')', NULL, 'expensehead', 'index,edit', '', 1, '2022-07-23 07:16:17', '2025-12-27 07:45:41'),
(100, 20, 'issue_item', NULL, 'issue_item', 'admin/issueitem', 1, '(\'issue_item\', \'can_view\')', NULL, 'issueitem', 'index,create', '', 1, '2022-07-23 09:35:03', '2025-12-27 07:45:41'),
(101, 20, 'add_item_stock', NULL, 'add_item_stock', 'admin/itemstock', 1, '(\'item_stock\', \'can_view\')', NULL, 'itemstock', 'index,edit', '', 1, '2022-07-23 09:36:17', '2025-12-27 07:45:41'),
(102, 20, 'add_item', NULL, 'add_item', 'admin/item', 1, '(\'item\', \'can_view\')', NULL, 'item', 'index,edit', '', 1, '2022-07-23 09:36:56', '2025-12-27 07:45:41'),
(103, 20, 'item_category', NULL, 'item_category', 'admin/itemcategory', 1, '(\'item_category\', \'can_view\')', NULL, 'itemcategory', 'index,edit', '', 1, '2022-07-23 09:37:12', '2025-12-27 07:45:41'),
(104, 20, 'item_store', NULL, 'item_store', 'admin/itemstore', 1, '(\'store\', \'can_view\')', NULL, 'itemstore', 'index,edit,create', '', 1, '2022-09-16 11:49:03', '2025-12-27 07:45:41'),
(105, 20, 'item_supplier', NULL, 'item_supplier', 'admin/itemsupplier', 1, '(\'supplier\', \'can_view\')', NULL, 'itemsupplier', 'index,edit,create', '', 1, '2022-07-23 09:38:22', '2025-12-27 07:45:41'),
(106, 21, 'fees_master', NULL, 'fees_master', 'admin/transport/feemaster', 1, '(\'transport_fees_master\', \'can_view\')', NULL, 'transport', 'feemaster', '', 1, '2023-03-31 05:33:14', '2025-12-27 07:45:41'),
(107, 21, 'pickup_point', NULL, 'pickup_point', 'admin/pickuppoint', 1, '(\'pickup_point\', \'can_view\')', NULL, 'pickuppoint', 'index', '', 1, '2023-03-31 05:24:24', '2025-12-27 07:45:41'),
(108, 21, 'routes', NULL, 'routes', 'admin/route', 1, '(\'routes\', \'can_view\')', NULL, 'route', 'index,edit', '', 1, '2022-09-17 06:21:23', '2025-12-27 07:45:41'),
(109, 21, 'vehicles', NULL, 'vehicles', 'admin/vehicle', 1, '(\'vehicle\', \'can_view\')', NULL, 'vehicle', 'index', '', 1, '2022-05-16 12:29:35', '2025-12-27 07:45:41'),
(110, 21, 'assign_vehicle', NULL, 'assign_vehicle', 'admin/vehroute', 1, '(\'assign_vehicle\',\'can_view\')', NULL, 'vehroute', 'index,edit', '', 1, '2022-10-19 07:06:08', '2025-12-27 07:45:41'),
(111, 21, 'route_pickup_point', NULL, 'route_pickup_point', 'admin/pickuppoint/assign', 1, '(\'route_pickup_point\', \'can_view\')', NULL, 'pickuppoint', 'assign', '', 1, '2023-03-31 05:25:08', '2025-12-27 07:45:41'),
(112, 21, 'student_transport_fees', NULL, 'student_transport_fees', 'admin/pickuppoint/student_fees', 1, '(\'student_transport_fees\', \'can_view\')', NULL, 'pickuppoint', 'student_fees', '', 1, '2023-03-31 05:25:43', '2025-12-27 07:45:41'),
(113, 22, 'hostel_rooms', NULL, 'hostel_rooms', 'admin/hostelroom', 1, '(\'hostel_rooms\', \'can_view\')', NULL, 'hostelroom', 'index,edit', '', 1, '2022-07-23 10:27:48', '2025-12-27 07:45:41'),
(114, 22, 'room_type', NULL, 'room_type', 'admin/roomtype', 2, '(\'room_type\', \'can_view\')', NULL, 'roomtype', 'index,edit', '', 1, '2022-07-23 10:32:14', '2025-12-27 07:45:41'),
(115, 22, 'hostel', NULL, 'hostel', 'admin/hostel', 3, '(\'hostel\', \'can_view\')', NULL, 'hostel', 'index,edit', '', 1, '2022-07-23 10:32:39', '2025-12-27 07:45:41'),
(116, 23, 'student_certificate', NULL, 'student_certificate', 'admin/certificate', 2, '(\'student_certificate\', \'can_view\')', NULL, 'certificate', 'index,edit', '', 1, '2022-07-23 10:44:30', '2026-04-29 12:30:03'),
(117, 23, 'generate_certificate', NULL, 'generate_certificate', 'admin/generatecertificate', 2, '(\'generate_certificate\', \'can_view\')', NULL, 'generatecertificate', 'index,search', '', 1, '2022-07-23 10:46:16', '2026-04-29 12:30:03'),
(118, 23, 'student_id_card', NULL, 'student_id_card', 'admin/studentidcard', 2, '(\'student_id_card\', \'can_view\')', NULL, 'studentidcard', 'index,edit', '', 1, '2022-07-23 10:47:01', '2026-04-29 12:30:03'),
(119, 23, 'generate_id_card', NULL, 'generate_id_card', 'admin/generateidcard/search', 2, '(\'generate_id_card\', \'can_view\')', NULL, 'generateidcard', 'search', '', 1, '2022-05-18 05:35:13', '2026-04-29 12:30:03'),
(120, 23, 'staff_id_card', NULL, 'staff_id_card', 'admin/staffidcard', 2, '(\'staff_id_card\', \'can_view\')', NULL, 'staffidcard', 'index,edit', '', 1, '2022-07-23 10:48:13', '2026-04-29 12:30:03'),
(121, 23, 'generate_staff_id_card', NULL, 'generate_staff_id_card', 'admin/generatestaffidcard', 2, '(\'generate_staff_id_card\', \'can_view\')', NULL, 'generatestaffidcard', 'index,search', '', 1, '2022-07-23 10:49:06', '2026-04-29 12:30:03'),
(122, 24, 'event', NULL, 'event', 'admin/front/events', 1, '(\'event\', \'can_view\')', NULL, 'events', 'index,edit,create', '', 1, '2022-07-23 10:51:51', '2025-12-27 07:45:41'),
(123, 24, 'gallery', NULL, 'gallery', 'admin/front/gallery', 1, '(\'gallery\', \'can_view\')', NULL, 'gallery', 'index,edit,create', '', 1, '2022-07-23 10:52:22', '2025-12-27 07:45:41'),
(124, 24, 'news', NULL, 'news', 'admin/front/notice', 1, '(\'notice\', \'can_view\')', NULL, 'notice', 'index,edit,create', '', 1, '2022-07-23 10:54:23', '2025-12-27 07:45:41'),
(125, 24, 'media_manager', NULL, 'media_manager', 'admin/front/media', 1, '(\'media_manager\', \'can_view\')', NULL, 'media', 'index', '', 1, '2022-05-18 06:03:32', '2025-12-27 07:45:41'),
(126, 24, 'pages', NULL, 'pages', 'admin/front/page', 1, '(\'pages\', \'can_view\')', NULL, 'page', 'index,edit,create', '', 1, '2022-07-23 10:55:28', '2025-12-27 07:45:41'),
(127, 24, 'menus', NULL, 'menus', 'admin/front/menus/additem/main-menu', 1, '(\'menus\', \'can_view\')', NULL, 'menus', 'index,additem', '', 1, '2022-07-23 10:56:31', '2025-12-27 07:46:57'),
(128, 24, 'banner_images', NULL, 'banner_images', 'admin/front/banner', 1, '(\'banner_images\', \'can_view\')', NULL, 'banner', 'index', '', 1, '2022-05-18 06:10:53', '2025-12-27 07:45:41'),
(129, 25, 'manage_alumini', NULL, 'manage_alumini', 'admin/alumni/alumnilist', 1, '(\'manage_alumni\', \'can_view\')', NULL, 'alumni', 'alumnilist', '', 1, '2022-07-23 10:58:36', '2025-12-27 07:45:41'),
(130, 25, 'events', NULL, 'events', 'admin/alumni/events', 1, '(\'events\', \'can_view\')', NULL, 'alumni', 'events', '', 1, '2022-07-23 10:59:09', '2025-12-27 07:45:41'),
(131, 26, 'student_information', NULL, 'student_information', 'report/studentinformation', 1, '(\'student_report\', \'can_view\') || (\'guardian_report\', \'can_view\') || (\'student_history\', \'can_view\') || (\'student_login_credential_report\', \'can_view\') || (\'class_subject_report\', \'can_view\') || (\'admission_report\', \'can_view\') || (\'sibling_report\', \'can_view\') || (\'homehork_evaluation_report\', \'can_view\') || (\'student_profile\', \'can_view\') || (\'student_gender_ratio_report\', \'can_view\') || (\'student_teacher_ratio_report\', \'can_view\')', NULL, 'report', 'studentinformation,studentreport,online_admission_report,student_teacher_ratio,boys_girls_ratio,student_profile,sibling_report,admission_report,class_subject,classsectionreport,guardianreport,admissionreport,logindetailreport,parentlogindetailreport', '', 1, '2022-09-26 05:26:53', '2025-12-27 07:45:41'),
(132, 26, 'finance', NULL, 'finance', 'financereports/finance', 2, '(\'fees_statement\', \'can_view\') || (\'balance_fees_report\', \'can_view\') || (\'fees_collection_report\', \'can_view\') || (\'online_fees_collection_report\', \'can_view\') || (\'income_report\', \'can_view\') || (\'expense_report\', \'can_view\') || (\'payroll_report\', \'can_view\') || (\'income_group_report\', \'can_view\') || (\'expense_group_report\', \'can_view\') || (\'online_admission\', \'can_view\')', NULL, 'financereports', 'finance,reportduefees,reportdailycollection,reportbyname,studentacademicreport,collection_report,onlinefees_report,duefeesremark,income,expense,payroll,incomegroup,expensegroup,onlineadmission', '', 1, '2022-09-24 12:20:32', '2025-12-27 07:45:41'),
(133, 26, 'attendance', NULL, 'attendance', 'attendencereports/attendance', 3, '(\'attendance_report\', \'can_view\') || (\'student_attendance_type_report\', \'can_view\') || (\'daily_attendance_report\', \'can_view\') || (\'staff_attendance_report\', \'can_view\')', NULL, 'attendencereports', 'attendance,classattendencereport,attendancereport,daily_attendance_report,staffattendancereport,biometric_attlog,reportbymonthstudent,reportbymonth,staffdaywiseattendancereport', '', 1, '2022-09-26 11:36:08', '2025-12-27 07:46:57'),
(134, 26, 'examinations', NULL, 'examinations', 'admin/examresult/examinations', 4, '(\'rank_report\', \'can_view\')', NULL, 'examresult', 'rankreport,examinations', '', 1, '2022-09-20 08:34:13', '2025-12-27 07:45:41'),
(135, 26, 'lesson_plan', NULL, 'lesson_plan', 'report/lesson_plan', 6, '(\'syllabus_status_report\', \'can_view\') || (\'subject_lesson_plan_report\', \'can_view\')', NULL, 'report', 'lesson_plan,teachersyllabusstatus', '', 1, '2022-07-25 11:39:17', '2025-12-27 07:46:57'),
(136, 26, 'human_resource', NULL, 'human_resource', 'report/human_resource', 7, '(\'staff_report\', \'can_view\') || (\'payroll_report\', \'can_view\') || (\'staff_leave_request_report\', \'can_view\') || (\'my_leave_request_report\', \'can_view\')  ', NULL, 'report', 'human_resource,staff_report,payrollreport,myleaverequestreport,leaverequestreport', '', 1, '2022-07-25 11:38:20', '2025-12-27 07:46:57'),
(137, 26, 'library', NULL, 'library', 'report/library', 9, '(\'book_issue_report\', \'can_view\') || (\'book_due_report\', \'can_view\') || (\'book_issue_return_report\', \'can_view\') || (\'book_inventory_report\', \'can_view\')', NULL, 'report', 'library,studentbookissuereport,bookduereport,bookinventory', '', 1, '2022-09-07 11:53:15', '2025-12-27 07:45:41'),
(138, 26, 'inventory', NULL, 'inventory', 'report/inventory', 10, '(\'stock_report\', \'can_view\') || (\'add_item_report\', \'can_view\') || (\'issue_item_report\', \'can_view\')', NULL, 'report', 'inventory,inventorystock,additem,issueinventory', '', 1, '2022-07-25 11:30:57', '2025-12-27 07:45:41'),
(139, 26, 'hostel', NULL, 'hostel', 'admin/hostelroom/studenthosteldetails', 12, '(\'hostel_report\', \'can_view\')', NULL, 'hostelroom', 'studenthosteldetails', '', 1, '2022-07-20 12:30:07', '2025-12-27 07:45:41'),
(140, 26, 'alumni', NULL, 'alumni', 'report/alumnireport', 13, '(\'alumni_report\', \'can_view\')', NULL, 'report', 'alumnireport', '', 1, '2022-07-20 12:30:07', '2025-12-27 07:45:41'),
(141, 26, 'user_log', NULL, 'user_log', 'admin/userlog', 14, '(\'user_log\', \'can_view\')', NULL, 'userlog', 'index', '', 1, '2022-07-20 12:30:07', '2025-12-27 07:45:41'),
(142, 26, 'audit_trail_report', NULL, 'audit_trail_report', 'admin/audit', 15, '(\'audit_trail_report\', \'can_view\')', NULL, 'audit', 'index', '', 1, '2022-07-20 12:30:07', '2025-12-27 07:45:41'),
(143, 26, 'online_examinations', NULL, 'online_examinations', 'admin/onlineexam/report', 5, '(\'online_exam_wise_report\', \'can_view\') || (\'online_exams_report\', \'can_view\') || (\'online_exams_attempt_report\', \'can_view\') || (\'online_exams_rank_report\', \'can_view\')', NULL, 'onlineexam', 'report,onlineexams', '', 1, '2022-07-25 11:48:23', '2025-12-27 07:45:41'),
(144, 26, 'homework', NULL, 'homework', 'homework/homeworkordailyassignmentreport', 8, '(\'homework\', \'can_view\') || (\'daily_assignment\', \'can_view\') || (\'homework_marks_report\', \'can_view\') || (\'homehork_evaluation_report\', \'can_view\')', NULL, 'homework', 'homeworkordailyassignmentreport,homeworkreport,evaluation_report,dailyassignmentreport,homework_marksreport', '', 1, '2022-09-21 09:28:47', '2025-12-27 07:46:57'),
(145, 26, 'transport', NULL, 'transport', 'admin/route/studenttransportdetails', 11, '(\'transport_report\', \'can_view\')', NULL, 'route', 'studenttransportdetails', '', 1, '2022-07-20 12:30:07', '2025-12-27 07:45:41'),
(146, 27, 'general_setting', NULL, 'general_setting', 'schsettings', 1, '(\'general_setting\', \'can_view\')', NULL, 'schsettings', 'index,logo,miscellaneous,backendtheme,mobileapp,studentguardianpanel,fees,idautogeneration,attendancetype,maintenance,whatsappsettings,chatsetting', '', 1, '2025-02-13 09:03:12', '2025-12-27 07:46:57'),
(147, 27, 'session_setting', NULL, 'session_setting', 'sessions', 2, '(\'session_setting\', \'can_view\')', NULL, 'sessions', 'index,edit', '', 1, '2022-07-23 11:57:16', '2025-12-27 07:45:41'),
(148, 27, 'notification_setting', NULL, 'notification_setting', 'admin/notification/setting', 3, '(\'notification_setting\', \'can_view\')', NULL, 'notification', 'setting', '', 1, '2022-07-08 08:12:28', '2025-12-27 07:45:41'),
(149, 27, 'sms_setting', NULL, 'sms_setting', 'smsconfig', 4, '(\'sms_setting\', \'can_view\')', NULL, 'smsconfig', 'index', '', 1, '2022-07-08 08:12:28', '2025-12-27 07:45:41'),
(150, 27, 'email_setting', NULL, 'email_setting', 'emailconfig', 5, '(\'email_setting\', \'can_view\')', NULL, 'emailconfig', 'index', '', 1, '2022-07-08 08:12:28', '2025-12-27 07:45:41'),
(151, 27, 'payment_methods', NULL, 'payment_methods', 'admin/paymentsettings', 6, '(\'payment_methods\', \'can_view\')', NULL, 'paymentsettings', 'index', '', 1, '2022-07-08 08:12:28', '2025-12-27 07:45:41'),
(152, 27, 'print_headerfooter', NULL, 'print_headerfooter', 'admin/print_headerfooter', 7, '(\'print_header_footer\', \'can_view\')', NULL, 'print_headerfooter', 'index', '', 1, '2022-07-08 08:12:28', '2025-12-27 07:45:41'),
(153, 27, 'front_cms_setting', NULL, 'front_cms_setting', 'admin/frontcms', 8, '(\'front_cms_setting\', \'can_view\')', NULL, 'frontcms', 'index', '', 1, '2022-07-08 08:12:28', '2025-12-27 07:45:41'),
(154, 27, 'roles_permissions', NULL, 'roles_permissions', 'admin/roles', 9, '(\'superadmin\', \'can_view\')', NULL, 'roles', 'index,permission', '', 1, '2022-09-09 11:03:34', '2025-12-27 07:45:41'),
(155, 27, 'backup_restore', NULL, 'backup_restore', 'admin/admin/backup', 10, '(\'backup\', \'can_view\')', NULL, 'admin', 'backup', '', 1, '2022-07-08 08:12:28', '2025-12-27 07:45:41'),
(156, 27, 'users', NULL, 'users', 'admin/users', 13, '(\'user_status\', \'can_view\')', NULL, 'users', 'index', '', 1, '2022-07-20 12:34:09', '2025-12-27 07:45:41'),
(157, 27, 'languages', NULL, 'languages', 'admin/language', 11, '(\'languages\', \'can_view\')', NULL, 'language', 'index,create', '', 1, '2022-09-10 09:14:52', '2025-12-27 07:45:41'),
(158, 27, 'modules', NULL, 'modules', 'admin/module', 14, '(\'superadmin\', \'can_view\')', NULL, 'module', 'index', '', 1, '2022-07-20 12:34:06', '2025-12-27 07:45:41'),
(159, 27, 'custom_fields', NULL, 'custom_fields', 'admin/customfield', 15, '(\'custom_fields\', \'can_view\')', NULL, 'customfield', 'index,edit', '', 1, '2022-07-23 12:02:14', '2025-12-27 07:45:41'),
(160, 27, 'captcha_setting', NULL, 'captcha_setting', 'admin/captcha', 16, '(\'superadmin\', \'can_view\')', NULL, 'captcha', 'index', '', 1, '2022-07-20 12:34:06', '2025-12-27 07:45:41'),
(161, 27, 'system_fields', NULL, 'system_fields', 'admin/systemfield', 17, '(\'system_fields\', \'can_view\')', NULL, 'systemfield', 'index', '', 1, '2022-07-22 06:07:38', '2025-12-27 07:45:41'),
(162, 27, 'student_profile_update', NULL, 'student_profile_update', 'student/profilesetting', 18, '(\'student_profile_update\', \'can_view\')', NULL, 'student', 'profilesetting', '', 1, '2022-07-20 12:34:06', '2025-12-27 07:45:41'),
(163, 27, 'online_admission', NULL, 'online_admission', 'admin/onlineadmission/admissionsetting', 19, '(\'online_admission\', \'can_view\')', NULL, 'onlineadmission', 'admissionsetting', '', 1, '2022-07-20 12:34:06', '2025-12-27 07:45:41'),
(164, 27, 'file_types', NULL, 'file_types', 'admin/admin/filetype', 20, '(\'superadmin\', \'can_view\')', NULL, 'admin', 'filetype', '', 1, '2022-07-20 12:34:30', '2025-12-27 07:45:41'),
(165, 27, 'system_update', NULL, 'system_update', 'admin/updater', 22, '(\'superadmin\', \'can_view\')', NULL, 'updater', 'index', '', 1, '2022-10-13 11:49:51', '2025-12-27 07:45:41'),
(166, 27, 'sidebar_menu', NULL, 'sidebar_menu', 'admin/sidemenu', 21, '(\'sidebar_menu\', \'can_view\')', NULL, 'sidemenu', 'index', '', 1, '2022-10-13 11:49:51', '2025-12-27 07:45:41'),
(167, 28, 'online_course', NULL, 'online_course', 'onlinecourse/course/index', 1, '(\'online_course\', \'can_view\')', NULL, 'course', 'index', 'ssoclc', 1, '2022-05-18 07:50:11', '2026-04-29 12:37:42'),
(168, 28, 'offline_payment', NULL, 'offline_payment', 'onlinecourse/offlinepayment/payment', 3, '(\'online_course_offline_payment\', \'can_view\')', NULL, 'offlinepayment', 'payment', 'ssoclc', 1, '2022-12-04 10:26:40', '2026-04-29 12:37:42'),
(169, 28, 'course_category', NULL, 'course_category', 'onlinecourse/coursecategory/categoryadd', 4, '(\'course_category\', \'can_view\') || (\'course_category\', \'can_add\') || (\'course_category\', \'can_edit\') || (\'course_category\', \'can_delete\')', NULL, 'coursecategory', 'categoryadd,categoryedit', 'ssoclc', 1, '2023-01-02 09:23:54', '2026-04-29 12:37:42'),
(170, 29, 'live_class', NULL, 'live_class', 'admin/gmeet/timetable', 1, '(\'gmeet_live_classes\', \'can_view\')', NULL, 'gmeet', 'timetable', 'ssglc', 1, '2022-07-22 04:11:10', '2026-04-29 12:37:26'),
(171, 29, 'live_meeting', NULL, 'live_meeting', 'admin/gmeet/meeting', 2, '(\'gmeet_live_meeting\', \'can_view\')', NULL, 'gmeet', 'meeting', 'ssglc', 1, '2022-07-22 04:11:10', '2026-04-29 12:37:26'),
(172, 29, 'live_class_report', NULL, 'live_class_report', 'admin/gmeet/class_report', 3, '(\'gmeet_live_classes_report\', \'can_view\')', NULL, 'gmeet', 'class_report', 'ssglc', 1, '2022-07-21 11:28:45', '2026-04-29 12:37:26'),
(173, 29, 'live_meeting_report', NULL, 'live_meeting_report', 'admin/gmeet/meeting_report', 4, '(\'gmeet_live_meeting_report\', \'can_view\')', NULL, 'gmeet', 'meeting_report', 'ssglc', 1, '2022-07-21 11:28:45', '2026-04-29 12:37:26'),
(174, 29, 'setting', NULL, 'setting', 'admin/gmeet/index', 5, '(\'gmeet_setting\', \'can_view\')', NULL, 'gmeet', 'index', '', 1, '2022-07-21 11:28:45', '2026-04-29 12:37:26'),
(175, 30, 'live_class', NULL, 'live_class', 'admin/conference/timetable', 2, '(\'live_classes\', \'can_view\')', NULL, 'conference', 'timetable', 'sszlc', 1, '2022-07-22 05:55:48', '2026-04-29 12:42:24'),
(176, 30, 'live_meeting', NULL, 'live_meeting', 'admin/conference/meeting', 1, '(\'live_meeting\', \'can_view\')', NULL, 'conference', 'meeting', 'sszlc', 1, '2022-07-22 05:55:48', '2026-04-29 12:42:24'),
(177, 30, 'live_class_report', NULL, 'live_class_report', 'admin/conference/class_report', 3, '(\'live_classes_report\', \'can_view\')', NULL, 'conference', 'class_report', 'sszlc', 1, '2022-07-11 11:38:41', '2026-04-29 12:42:24'),
(178, 30, 'live_meeting_report', NULL, 'live_meeting_report', 'admin/conference/meeting_report', 4, '(\'live_meeting_report\', \'can_view\')', NULL, 'conference', 'meeting_report', 'sszlc', 1, '2022-07-11 11:38:41', '2026-04-29 12:42:24'),
(179, 30, 'setting', NULL, 'setting', 'admin/conference', 5, '(\'setting\', \'can_view\')', NULL, 'conference', 'index', '', 1, '2022-07-11 11:38:41', '2026-04-29 12:42:24'),
(180, 28, 'online_course_report', NULL, 'online_course_report', 'onlinecourse/coursereport/report', 6, '(\'student_course_purchase_report\', \'can_view\') || (\'course_sell_count_report\', \'can_view\') || (\'course_trending_report\', \'can_view\') || (\'course_complete_report\', \'can_view\') || (\'course_rating_report\', \'can_view\') || (\'guest_report\', \'can_view\') || (\'course_assignment_report\', \'can_view\') || (\'course_exam_result_report\', \'can_view\') || (\'course_exam_report\', \'can_view\') || (\'course_exam_attempt_report\', \'can_view\')', NULL, 'coursereport', 'report,coursepurchase,coursesellreport,trendingreport,completereport,courseratingreport,guestlist,quizperformance,course_exam_attempt_report,course_exam_report,result_report,course_assignment_report', 'ssoclc', 1, '2022-12-09 05:00:31', '2026-04-29 12:37:42'),
(181, 3, 'fees_discount', NULL, 'fees_discount', 'admin/feediscount', 8, '(\'fees_discount\', \'can_view\')', NULL, 'feediscount', 'index,edit,assign', '', 1, '2022-08-08 06:03:27', '2025-12-27 07:45:41'),
(182, 3, 'fees_carry_forward', NULL, 'fees_carry_forward', 'admin/feesforward', 9, '(\'fees_carry_forward\', \'can_view\')', NULL, 'feesforward', 'index', '', 1, '2022-08-08 06:03:24', '2025-12-27 07:45:41'),
(183, 3, 'fees_reminder', NULL, 'fees_reminder', 'admin/feereminder/setting', 10, '(\'fees_reminder\', \'can_view\')', NULL, 'feereminder', 'setting', '', 1, '2022-08-08 06:03:21', '2025-12-27 07:45:41'),
(184, 27, 'currency', NULL, 'currency', 'admin/currency', 12, '(\'currency\', \'can_view\')', NULL, 'currency', 'index', '', 1, '2022-07-20 12:34:09', '2025-12-27 07:45:41'),
(186, 31, 'assign_incident', NULL, 'assign_incident', 'behaviour/studentincidents', 1, '(\'behaviour_records_assign_incident\', \'can_view\')', NULL, 'studentincidents', 'index', 'ssbr', 1, '2022-07-27 04:55:37', '2026-04-29 12:35:03'),
(187, 31, 'incidents', NULL, 'incidents', 'behaviour/incidents', 1, '(\'behaviour_records_incident\', \'can_view\')', NULL, 'incidents', 'index', 'ssbr', 1, '2022-09-06 13:02:04', '2026-04-29 12:35:03'),
(188, 31, 'reports', NULL, 'reports', 'behaviour/report/behaviourreport', 1, '(\'student_incident_report\', \'can_view\') || (\'student_behaviour_rank_report\', \'can_view\') || (\'class_wise_rank_report\', \'can_view\') || (\'class_section_wise_rank_report\', \'can_view\') || (\'house_wise_rank_report\', \'can_view\') || (\'incident_wise_report\', \'can_view\')', NULL, 'report', 'behaviourreport,studentincidentreport,studentbehaviorsrankreport,classwiserankreport,classsectionwiserank,housewiserank,incidentwisereport', 'ssbr', 1, '2022-09-06 13:25:28', '2026-04-29 12:35:03'),
(189, 31, 'setting', NULL, 'setting', 'behaviour/behavioursetting', 1, '(\'behaviour_records_setting\', \'can_view\')', NULL, 'behavioursetting', 'index', '', 1, '2022-09-06 13:02:20', '2026-04-29 12:35:03'),
(190, 3, 'offline_bank_payments', NULL, 'offline_bank_payments', 'admin/offlinepayment', 2, '(\'offline_bank_payments\', \'can_view\')', NULL, 'offlinepayment', 'index', '', 1, '2022-08-08 06:05:29', '2025-12-27 07:45:41'),
(191, 13, 'Copy Old Lessons', NULL, 'copy_old_lesson', 'admin/lessonplan/copylesson', 1, '(\'copy_old_lesson\', \'can_view\')', NULL, 'lessonplan', 'copylesson', NULL, 1, '2022-09-09 10:20:37', '2025-12-27 07:45:41'),
(192, 10, 'Period Attendance', 'period_attendance', 'period_attendance', 'admin/subjectattendence/index', 4, '(\'student_attendance\',\'can_view\')', NULL, 'subjectattendence', 'index', NULL, 0, '2022-10-20 05:50:25', '2025-12-27 07:45:41'),
(193, 10, 'Period Attendance By Date', 'period_attendance_by_date', 'period_attendance_by_date', 'admin/subjectattendence/reportbydate', 5, '(\'attendance_by_date\', \'can_view\')', NULL, 'subjectattendence', 'reportbydate', NULL, 0, '2022-10-20 05:50:25', '2025-12-27 07:45:41'),
(194, 32, 'setup_two_fa', NULL, 'setup_two_fa', 'admin/gauthenticate/admin/setup', 1, '(\'google_authenticate_setup_two_fa\', \'can_view\')', NULL, 'admin', 'setup', 'sstfa', 1, '2022-11-21 09:00:15', '2026-04-29 12:40:36'),
(195, 32, 'setting', NULL, 'setting', 'admin/gauthenticate/admin', 1, '(\'google_authenticate_setting\', \'can_view\')', NULL, 'admin', 'index', '', 1, '2022-11-21 09:01:34', '2026-04-29 12:40:36'),
(197, 28, 'setting', NULL, 'setting', 'onlinecourse/course/setting', 7, '(\'online_course_setting\', \'can_view\')', NULL, 'course', 'setting', '', 1, '2022-07-22 01:13:30', '2026-04-29 12:37:42'),
(201, 34, 'exam', NULL, 'exam', 'cbseexam/exam', 1, '(\'cbse_exam\', \'can_view\')', NULL, 'exam', 'index,examwiserank', 'sscbse', 1, '2023-07-04 09:57:01', '2026-04-29 12:35:42'),
(202, 34, 'exam_schedule', NULL, 'exam_schedule', 'cbseexam/exam/examtimetable', 2, '(\'cbse_exam_schedule\', \'can_view\')', NULL, 'exam', 'examtimetable', 'sscbse', 1, '2023-07-04 13:01:15', '2026-04-29 12:35:43'),
(203, 34, 'print_marksheet', NULL, 'print_marksheet', 'cbseexam/result/marksheet', 3, '(\'cbse_exam_print_marksheet\', \'can_view\')', NULL, 'result', 'marksheet', 'sscbse', 1, '2023-05-25 05:23:50', '2026-04-29 12:35:43'),
(205, 34, 'assign_observation', NULL, 'assign_observation', 'cbseexam/observation/assign', 5, '(\'cbse_exam_assign_observation\', \'can_view\')', NULL, 'observation', 'assign', 'sscbse', 1, '2023-05-25 05:31:49', '2026-04-29 12:35:43'),
(210, 34, 'template', NULL, 'template', 'cbseexam/template', 4, '(\'cbse_exam_template\', \'can_view\')', NULL, 'template', 'index,templatewiserank', 'sscbse', 1, '2023-07-04 09:57:06', '2026-04-29 12:35:43'),
(211, 34, 'reports', NULL, 'reports', 'cbseexam/report/index', 7, '(\'subject_marks_report\', \'can_view\') || (\'template_marks_report\', \'can_view\')', NULL, 'report', 'index,templatewise,examsubject', 'sscbse', 1, '2023-07-01 05:22:34', '2026-04-29 12:35:43'),
(212, 34, 'setting', NULL, 'setting', 'cbseexam/cbsecategory/index', 8, '(\'cbse_exam_setting\', \'can_view\') || (\'cbse_exam_category\', \'can_view\') || (\'cbse_exam_term\', \'can_view\') || (\'cbse_exam_assessment\', \'can_view\') || (\'cbse_exam_grade\', \'can_view\')', NULL, 'cbsecategory', 'index', '', 1, '2023-07-03 05:26:03', '2026-04-29 12:35:43'),
(213, 35, 'attendance', NULL, 'attendance', 'admin/qrattendance/attendance/index', 1, '(\'qr_code_attendance\', \'can_view\')', NULL, 'attendance', 'index,scannergun', 'ssqra', 1, '2023-12-11 12:38:24', '2026-04-29 12:32:39'),
(214, 35, 'setting', NULL, 'setting', 'admin/qrattendance/qrsetting/index', 2, '(\'qr_code_setting\', \'can_view\')', NULL, 'qrsetting', 'index', NULL, 1, '2023-12-11 12:38:27', '2026-04-29 12:32:39'),
(215, 36, 'annual_calendar', NULL, 'annual_calendar', 'admin/holiday/index', 1, '(\'annual_calendar\', \'can_view\')', NULL, 'holiday', 'index', '', 1, '2024-10-14 12:07:58', '2025-12-27 07:45:41'),
(216, 36, 'holiday_type', NULL, 'holiday_type', 'admin/holiday/holidaytype', 1, '(\'holiday_type\', \'can_view\')', NULL, 'holiday', 'holidaytype,editholidaytype', '', 1, '2024-10-14 12:06:02', '2025-12-27 07:45:41'),
(217, 37, 'download_cv', NULL, 'download_cv', 'admin/resume/download', 2, '(\'download_cv\', \'can_view\')', NULL, 'resume', 'download', NULL, 1, '2025-01-09 08:05:11', '2025-12-27 07:45:41'),
(218, 37, 'build_cv', NULL, 'build_cv', 'admin/resume/index', 1, '(\'build_cv\', \'can_view\')', NULL, 'resume', 'index,resume_setting,student_resume_details', NULL, 1, '2024-12-06 11:42:02', '2025-12-27 07:45:41'),
(219, 27, 'addons', NULL, 'addons', 'admin/addons', 13, '(\'superadmin\', \'can_view\')', NULL, 'addons', 'index', '', 1, '2024-12-21 11:43:48', '2025-12-27 07:45:41'),
(220, 3, 'quick_fees', NULL, 'quick_fees', 'admin/customfeesmaster/index', 5, '(\'quick_fees\', \'can_view\')', 1300, 'customfeesmaster', 'index', 'ssqfc', 1, '2025-01-29 05:40:13', '2026-04-29 12:34:20'),
(221, 27, 'thermal_print', NULL, 'thermal_print', 'admin/thermalprint/index', 7, '(\'thermal_print\', \'can_view\')', NULL, 'thermalprint', 'index', 'sstpa', 1, '2025-01-10 12:08:46', '2026-04-29 12:38:41'),
(222, 28, 'online_course_question_bank', NULL, 'online_course_question_bank', 'onlinecourse/courseexamquestion/index', 2, '(\'online_course_question_bank\', \'can_view\') || (\'online_course_question_tag\', \'can_view\')', NULL, 'courseexamquestion', 'index', NULL, 1, '2024-12-24 07:02:50', '2026-04-29 12:37:42'),
(225, 34, 'print_admit_card', NULL, 'admit_card', 'cbseexam/cbseadmitcard/admitcard', 6, '(\'cbse_exam_print_admit_card\', \'can_view\') || (\'cbse_exam_admit_card\', \'can_view\')', NULL, 'cbseadmitcard', 'admitcard,index,edit', '', 1, '2023-07-03 03:26:03', '2025-10-04 06:41:16'),
(226, 27, 'whatsapp_messaging', NULL, 'whatsapp_messaging', 'whatsappconfig/index', 4, '(\'whatsapp_messaging\', \'can_view\')', NULL, 'whatsappconfig', 'index', '', 1, '2025-01-10 11:08:46', '2025-10-04 06:41:16'),
(227, 28, 'certificate_template', NULL, 'certificate_template', 'onlinecourse/coursecertificate/templatelist', 5, '(\'course_certificate_template\', \'can_view\')', NULL, 'coursecertificate', 'templatelist,addcertificate', 'ssoclc', 1, '2022-05-18 05:50:11', '2026-04-29 12:37:42'),
(230, 23, 'transfer_certificate', NULL, 'transfer_certificate', 'admin/transfercertificate/download', 1, '(\'download_tc\', \'can_view\') || (\'prepare_tc\', \'can_view\') || (\'tc_settings\', \'can_view\') || (\'verify_tc\', \'can_view\')', NULL, 'transfercertificate', 'download,index,verify_tc,prepare_tc,edit_custom_field,edit_header', '', 1, '2022-07-23 08:44:30', '2025-10-03 11:54:09');

-- --------------------------------------------------------

--
-- Structure de la table `sms_config`
--

CREATE TABLE `sms_config` (
  `id` int(11) NOT NULL,
  `type` varchar(50) NOT NULL,
  `name` varchar(100) NOT NULL,
  `api_id` varchar(100) NOT NULL,
  `authkey` varchar(100) NOT NULL,
  `senderid` varchar(100) NOT NULL,
  `contact` text DEFAULT NULL,
  `username` varchar(150) DEFAULT NULL,
  `url` varchar(150) DEFAULT NULL,
  `password` varchar(150) DEFAULT NULL,
  `is_active` varchar(255) DEFAULT 'disabled',
  `created_at` timestamp NOT NULL DEFAULT current_timestamp(),
  `updated_at` timestamp NOT NULL DEFAULT current_timestamp() ON UPDATE current_timestamp()
) ENGINE=InnoDB DEFAULT CHARSET=utf8mb3 COLLATE=utf8mb3_uca1400_ai_ci;

-- --------------------------------------------------------

--
-- Structure de la table `sms_template`
--

CREATE TABLE `sms_template` (
  `id` int(11) NOT NULL,
  `title` varchar(100) NOT NULL,
  `message` text NOT NULL,
  `created_at` timestamp NOT NULL DEFAULT current_timestamp(),
  `updated_at` timestamp NOT NULL DEFAULT current_timestamp() ON UPDATE current_timestamp()
) ENGINE=InnoDB DEFAULT CHARSET=utf8mb3 COLLATE=utf8mb3_uca1400_ai_ci;

-- --------------------------------------------------------

--
-- Structure de la table `source`
--

CREATE TABLE `source` (
  `id` int(11) NOT NULL,
  `source` varchar(100) NOT NULL,
  `description` text NOT NULL
) ENGINE=InnoDB DEFAULT CHARSET=utf8mb3 COLLATE=utf8mb3_uca1400_ai_ci;

-- --------------------------------------------------------

--
-- Structure de la table `staff`
--

CREATE TABLE `staff` (
  `id` int(11) NOT NULL,
  `employee_id` varchar(200) NOT NULL,
  `lang_id` int(11) NOT NULL,
  `currency_id` int(11) DEFAULT 0,
  `department` int(11) DEFAULT NULL,
  `designation` int(11) DEFAULT NULL,
  `qualification` varchar(200) NOT NULL,
  `work_exp` varchar(200) NOT NULL,
  `name` varchar(200) NOT NULL,
  `surname` varchar(200) NOT NULL,
  `father_name` varchar(200) NOT NULL,
  `mother_name` varchar(200) NOT NULL,
  `contact_no` varchar(200) NOT NULL,
  `emergency_contact_no` varchar(200) NOT NULL,
  `email` varchar(200) NOT NULL,
  `dob` date NOT NULL,
  `marital_status` varchar(100) NOT NULL,
  `date_of_joining` date DEFAULT NULL,
  `date_of_leaving` date DEFAULT NULL,
  `local_address` varchar(300) NOT NULL,
  `permanent_address` varchar(200) NOT NULL,
  `note` varchar(200) NOT NULL,
  `image` text CHARACTER SET utf8mb3 COLLATE utf8mb3_general_ci NOT NULL,
  `password` varchar(250) NOT NULL,
  `gender` varchar(50) NOT NULL,
  `account_title` varchar(200) NOT NULL,
  `bank_account_no` varchar(200) NOT NULL,
  `bank_name` varchar(200) NOT NULL,
  `ifsc_code` varchar(200) NOT NULL,
  `bank_branch` varchar(100) NOT NULL,
  `payscale` varchar(200) NOT NULL,
  `basic_salary` int(11) DEFAULT NULL,
  `epf_no` varchar(200) NOT NULL,
  `contract_type` varchar(100) NOT NULL,
  `shift` varchar(100) NOT NULL,
  `location` varchar(100) NOT NULL,
  `facebook` varchar(200) NOT NULL,
  `twitter` varchar(200) NOT NULL,
  `linkedin` varchar(200) NOT NULL,
  `instagram` varchar(200) NOT NULL,
  `resume` text CHARACTER SET utf8mb3 COLLATE utf8mb3_general_ci NOT NULL,
  `joining_letter` text CHARACTER SET utf8mb3 COLLATE utf8mb3_general_ci NOT NULL,
  `resignation_letter` text CHARACTER SET utf8mb3 COLLATE utf8mb3_general_ci NOT NULL,
  `other_document_name` varchar(200) NOT NULL,
  `other_document_file` text CHARACTER SET utf8mb3 COLLATE utf8mb3_general_ci NOT NULL,
  `user_id` int(11) NOT NULL,
  `is_active` int(11) NOT NULL,
  `verification_code` varchar(100) NOT NULL,
  `zoom_api_key` varchar(100) DEFAULT NULL,
  `zoom_api_secret` varchar(100) DEFAULT NULL,
  `disable_at` date DEFAULT NULL,
  `created_at` timestamp NOT NULL DEFAULT current_timestamp(),
  `updated_at` timestamp NOT NULL DEFAULT current_timestamp() ON UPDATE current_timestamp()
) ENGINE=InnoDB DEFAULT CHARSET=utf8mb3 COLLATE=utf8mb3_uca1400_ai_ci;

--
-- Déchargement des données de la table `staff`
--

INSERT INTO `staff` (`id`, `employee_id`, `lang_id`, `currency_id`, `department`, `designation`, `qualification`, `work_exp`, `name`, `surname`, `father_name`, `mother_name`, `contact_no`, `emergency_contact_no`, `email`, `dob`, `marital_status`, `date_of_joining`, `date_of_leaving`, `local_address`, `permanent_address`, `note`, `image`, `password`, `gender`, `account_title`, `bank_account_no`, `bank_name`, `ifsc_code`, `bank_branch`, `payscale`, `basic_salary`, `epf_no`, `contract_type`, `shift`, `location`, `facebook`, `twitter`, `linkedin`, `instagram`, `resume`, `joining_letter`, `resignation_letter`, `other_document_name`, `other_document_file`, `user_id`, `is_active`, `verification_code`, `zoom_api_key`, `zoom_api_secret`, `disable_at`, `created_at`, `updated_at`) VALUES
(1, '9000', 81, 0, NULL, NULL, '', '', 'Super Admin', '', '', '', '', '', '02lavictoire@gmail.com', '2020-01-01', '', NULL, NULL, '', '', '', '', '$2y$10$SAN0hzSN2XDtYyqppeZlx.21WRoNjQIrImLKfWPU1WRI6WTtzgKLe', 'Male', '', '', '', '', '', '', NULL, '', '', '', '', '', '', '', '', '', '', '', '', '', 0, 1, '', NULL, NULL, NULL, '2026-04-29 12:30:03', '2026-05-03 15:13:19'),
(2, '19001', 0, 0, NULL, NULL, 'Chef d\'entreprise\r\n', '', 'Ibrabim', 'AIT ALLA', '', '', '', '', 'brahimaitalla1970@gmail.com', '1970-01-01', 'Marié', NULL, NULL, 'Rue El Yasmeen en face de la pharmacie Al Baqali Tétouan 93020 Tétouan, Maroc\r\n', '', '', '', '$2y$10$E5/l6eTpZ0EFRBiFmvHBJ.aUepiHBdk/xtsYv6E8L4lDqkmMBn/ou', 'Male', '', '', '', '', '', '', 0, '', '', '', '', '', '', '', '', '', '', '', '', '', 0, 1, '', NULL, NULL, NULL, '2025-09-15 01:11:39', '2025-09-15 01:15:29'),
(3, '9002', 81, 0, NULL, NULL, '', '', 'Fatima', ' BOUHOU', '', '', '', '', 'fatimabouhou@groupelavictoire.com', '2025-09-04', 'Marié', NULL, NULL, '', '', '', '', '$2y$10$nHD07xtPj6UY7DpHGY8cHexsUsurpeb5luR46381xA9QKULEstfR6', 'Female', '', '', '', '', '', '', 2500, '', '', '', '', '', '', '', '', '', '', '', 'Other Document', '', 0, 1, '', NULL, NULL, NULL, '2025-09-15 01:22:25', '2026-05-13 11:23:03'),
(4, '9006', 0, 0, NULL, NULL, '', '', 'NADA', 'MAZAR', '', '', '', '', 'compta@groupelavictoire.com', '2000-07-21', 'Seul', NULL, NULL, 'LOT TAMOUDA NR 32 TETOUAN', 'LOT TAMOUDA NR 32 TETOUAN', '', '', '$2y$10$Xa7rHZr0UgyCli4AYgBzVewGwFb8FiLOvaDEle9WVQicnDRFyLWPa', 'Female', '', '', '', '', '', '', 3000, '', 'permanent', '', 'Librairie LA Victoire ', '', '', '', '', '', '', '', 'Other Document', '', 0, 1, '', NULL, NULL, NULL, '2025-10-06 12:12:41', '2025-10-16 12:45:39'),
(5, 'LV1', 0, 0, NULL, NULL, '', '', 'HICHAM', 'TIJANI', '', '', '', '', 'tijani.hich@gmail.com', '2025-10-09', '', NULL, NULL, '', '', '', '', '$2y$10$uvdz5un6hiPutrr5Xb2lfu24Xvk5fn9dgoLoYbePqpnVFKYNKlHGy', 'Male', '', '', '', '', '', '', 3000, '', '', '', '', '', '', '', '', '', '', '', 'Other Document', '', 0, 1, '', NULL, NULL, NULL, '2025-10-16 09:43:41', '2025-11-11 09:28:29'),
(46, 'LV2', 0, 0, NULL, NULL, 'Enseignant', '', 'KARIM', 'TAGZATI', '', '', '0618061203', '', 'karimu.taghzaty92@gmail.com', '2025-10-09', '', NULL, NULL, 'Tetouan', 'Tetouan', '', '', '$2y$10$FgNhmNOn2ya2yE9vSWpS1elAkht0hh4KxvpkN8FmwZxbmCVgKAzPe', 'Male', '', '', '', '23072050478321100890045', '', '', 3000, '', '', '', '', '', '', '', '', '', '', '', 'Other Document', '', 0, 1, '', NULL, NULL, NULL, '2025-10-16 19:22:13', '2025-10-22 12:35:43'),
(47, 'LV3', 81, 0, NULL, NULL, '', '', 'AYA', 'EL MOUSATY', '', '', '0762795909', '', 'elmoussatyaya@gmail.com', '2025-10-09', '', NULL, NULL, 'Tetouan', 'Tetouan', '', '', '$2y$10$qdMK4WTG5S76vskVd5jLqOdhTopOnuap1ki4aRrehno7/D80EbGk6', 'Female', '', '', '', '00772000075530040022467', '', '', 3000, '', '', '', '', '', '', '', '', '', '', '', 'Other Document', '', 0, 1, '', NULL, NULL, NULL, '2025-10-16 19:28:20', '2025-11-11 19:35:56'),
(48, 'LV4', 0, 0, NULL, NULL, '', '', 'Maryam', 'EL Imarani', '', '', '0766457213', '', 'maryammaryam453@gmail.com', '2025-10-09', '', NULL, NULL, '', '', '', '', '$2y$10$4SJ50PRvow3Rda2yqB.zf.3/NN9TeeV7oEWg803I9nlqEYImdxNhy', 'Female', '', '', '', '007720000755330040107546', '', '', 2500, '', '', '', '', '', '', '', '', '', '', '', 'Other Document', '', 0, 1, '', NULL, NULL, NULL, '2025-10-16 19:30:31', '2025-10-22 12:36:01'),
(49, 'LV5', 5, 0, NULL, NULL, '', '', 'FATIMA', 'BOUAZZA', '', '', '0671474102', '', 'bouazza.fatima76@gmail.com', '2025-10-09', '', NULL, NULL, '', '', '', '', '$2y$10$F1DjTL.roAYgsnOd7WpOWuDgSQy390MJm3PP5K3bzHm0/OQjg5Tje', 'Female', '', '', '', '007720000755130040044506', '', '', 3000, '', '', '', '', '', '', '', '', '', '', '', 'Other Document', '', 0, 1, '', NULL, NULL, NULL, '2025-10-16 19:32:29', '2025-11-11 09:43:15'),
(50, 'LV6', 0, 0, NULL, NULL, '', '', 'FATIMA ZARAE', 'LAZIZI', '', '', '', '', 'azizifati@icloud.com', '2025-10-08', 'Marié', NULL, NULL, '', '', '', '', '$2y$10$d/NtB/WlvlhMXCoBz2LSh..eg3s3dYmgAbEB16a/5Wdf3i3H2uCWu', 'Female', '', '', '', '', '', '', 2500, '', '', '', '', '', '', '', '', '', '', '', 'Other Document', '', 0, 1, '', NULL, NULL, NULL, '2025-10-16 19:33:58', '2025-10-22 12:36:16'),
(51, 'LV7', 0, 0, NULL, NULL, '', '', 'MARIAM', 'TSOULI', '', '', '', '', 'faridhadri217@gmail.com', '2025-10-09', '', NULL, NULL, '', '', '', '', '$2y$10$O9G.34hY2/qo1dfwQYZOu.GKaHpJAoTNo15RLZ8iYMdqVkN6P7DgC', 'Female', '', '', '', '', '', '', 3000, '', '', '', '', '', '', '', '', '', '', '', 'Other Document', '', 0, 1, '', NULL, NULL, NULL, '2025-10-16 19:41:15', '2025-10-22 12:36:26'),
(52, 'LV8', 0, 0, NULL, NULL, '', '', 'SLIMANI', 'EL YAZID', '', '', '', '', 'yazidslimani@gmail.com', '2025-10-09', '', NULL, NULL, '', '', '', '', '$2y$10$xp3aGKNNGPEoe4GsrX7CuOFlaCGXU9g8MevJ1fXMoD9NM7adqRA7a', 'Male', '', '', '', '', '', '', 3000, '', '', '', '', '', '', '', '', '', '', '', 'Other Document', '', 0, 1, '', NULL, NULL, NULL, '2025-10-16 19:44:24', '2025-10-22 12:36:35'),
(53, 'LV9', 81, 0, NULL, NULL, '', '', 'KARIMA', 'LAALLEL', '', '', '', '', 'karimlaakel463@gmail.com', '2025-10-09', '', NULL, NULL, '', '', '', '', '$2y$10$9PmKPoQcnTmhgWxXs8jn3eKtejVYYNXodP4F9WlJwLydk2ZZVzc92', 'Female', '', '', '', '', '', '', 3000, '', '', '', '', '', '', '', '', '', '', '', 'Other Document', '', 0, 1, '', NULL, NULL, NULL, '2025-10-16 19:47:51', '2025-11-11 12:16:48'),
(54, 'LV10', 5, 0, NULL, NULL, '', '', 'SAMIA', 'BARGHOUT', '', '', '', '', 'samiabarghout1988@gmail.com', '2025-10-09', '', NULL, NULL, '', '', '', '', '$2y$10$Wu.aGLIHzBj2xdZhPk0rP.Zc7QBsob1jadNSrELJ6UbR6LITM56Wi', 'Female', '', '', '', '', '', '', 3000, '', '', '', '', '', '', '', '', '', '', '', 'Other Document', '', 0, 1, '', NULL, NULL, NULL, '2025-10-16 19:48:43', '2025-11-11 13:59:42'),
(55, 'LV11', 0, 0, NULL, NULL, '', '', 'FATINE', 'BOULAID', '', '', '', '', 'fatine.abdelaziz@gmail.com', '2025-10-09', '', NULL, NULL, '', '', '', '', '$2y$10$vV9c62/Eme8iwEw3lwkpVOUzqtEYXRvclspBwbYSSW1NI6IHib2KC', 'Female', '', '', '', '', '', '', 3500, '', '', '', '', '', '', '', '', '', '', '', 'Other Document', '', 0, 1, '', NULL, NULL, NULL, '2025-10-16 19:49:35', '2025-10-22 12:37:02'),
(56, 'LV12', 0, 0, NULL, NULL, '', '', 'ZOUBIDA ISLAMI', '', '', '', '', '', 'islamizoubida@gmail.com', '2025-10-09', '', NULL, NULL, '', '', '', '', '$2y$10$cjRt7JAZbAMjAezwydeJbONFvhfJpE.xEQwa0hz8y1bbi2t7SCltO', 'Female', '', '', '', '', '', '', 3500, '', '', '', '', '', '', '', '', '', '', '', 'Other Document', '', 0, 1, '', NULL, NULL, NULL, '2025-10-16 19:50:38', '2025-10-22 12:34:26'),
(57, 'LV13', 0, 0, NULL, NULL, '', '', 'WIAME', 'EL JAIDI', 'WIAME', 'EL JAIDI', '', '', 'eljaidiwiam4@gmail.com', '2025-04-16', '', NULL, NULL, '', '', '', '', '$2y$10$MteB35wgvHbj9o6UduQQgOCO4y76jLaBQP.IrQvVaI8J/vi4l8u5.', 'Female', '', '', '', '', '', '', 3000, '', '', '', '', '', '', '', '', '', '', '', 'Other Document', '', 0, 1, '', NULL, NULL, NULL, '2025-10-17 10:59:19', '2025-10-22 12:37:23'),
(58, 'LV14', 81, 0, NULL, NULL, '', '', 'ZOHRA', 'EL AMRANI', '', '', '', '', 'elamranizohra16@gmail.com', '2025-10-01', '', NULL, NULL, '', '', '', '', '$2y$10$6msoLnDVCUqP9yu1V8kySeBFvYouG7lWtn4n5mx/7Nz8mTzcL5WKi', 'Female', '', '', '', '', '', '', 3500, '', '', '', '', '', '', '', '', '', '', '', 'Other Document', '', 0, 1, '', NULL, NULL, NULL, '2025-10-17 11:01:18', '2025-11-11 09:46:25'),
(59, 'LV15', 0, 0, NULL, NULL, '', '', 'KHOULOUD', 'ZERROUK', '', '', '', '', 'zerroukkhouloud96@gmail.com', '2025-10-15', '', NULL, NULL, '', '', '', '', '$2y$10$D/aoetQz4cspTfdGHLm1Q.fLt5G11rdvu7TDRoey1XXlun2OxTkKu', 'Female', '', '', '', '', '', '', 2500, '', '', '', '', '', '', '', '', '', '', '', 'Other Document', '', 0, 1, '', NULL, NULL, NULL, '2025-10-17 11:01:54', '2025-10-22 12:37:54'),
(60, 'LV16', 0, 0, NULL, NULL, '', '', 'NAJOUA', 'EL BAKKALI', '', '', '', '', 'elbakkalinajoua104@gmail.com', '2025-10-08', '', NULL, NULL, '', '', '', '', '$2y$10$jjTOXjauQOzzc4MbfKGmeOYD86sFCBbbtzPewrVWOVwBfBjCOIixi', 'Female', '', '', '', '', '', '', 2500, '', '', '', '', '', '', '', '', '', '', '', 'Other Document', '', 0, 1, '', NULL, NULL, NULL, '2025-10-17 11:03:35', '2025-10-22 12:38:02'),
(61, 'LV17', 0, 0, NULL, NULL, '', '', 'WAFAE', 'NAKISS', '', '', '', '', 'wafaenakiss1989@gmail.com', '2025-10-21', '', NULL, NULL, '', '', '', '', '$2y$10$KhNsK2hWVTXRHxkhLT6pYeKYnaWDmkb/tKYKHg/hiInfc5ehLLGvu', 'Female', '', '', '', '', '', '', 2500, '', '', '', '', '', '', '', '', '', '', '', 'Other Document', '', 0, 1, '', NULL, NULL, NULL, '2025-10-17 11:05:26', '2025-10-22 12:38:16'),
(62, 'LV18', 0, 0, NULL, NULL, '', '', 'AMINA', 'BAKKALI', '', '', '', '', 'baraabakkali25@gmail.com', '2025-10-16', '', NULL, NULL, '', '', '', '', '$2y$10$o2w8blc0yR1cuVY9ZGAWDeRex0HyqWeST78Ukl.WgFEsTpwEXrspS', 'Female', '', '', '', '', '', '', 2500, '', '', '', '', '', '', '', '', '', '', '', 'Other Document', '', 0, 1, '', NULL, NULL, NULL, '2025-10-17 11:06:12', '2025-10-22 12:38:25'),
(63, 'LV19', 0, 0, NULL, NULL, '', '', 'AYOUB', 'ELYAAKOUBI', '', '', '', '', 'ayoubelyakoubi555@gmail.com', '2025-10-15', '', NULL, NULL, '', '', '', '', '$2y$10$pLXgA8VbkXuEqSf6c3AJjeKB91oPIG6CVhtfCEJfEm4x60Z9HWYzy', 'Male', '', '', '', '', '', '', 2500, '', '', '', '', '', '', '', '', '', '', '', 'Other Document', '', 0, 1, '', NULL, NULL, NULL, '2025-10-17 11:07:23', '2025-10-22 12:38:35'),
(64, 'LV20', 0, 0, NULL, NULL, '', '', 'WASSIMA', 'JAMHOUN', '', '', '', '', 'wasimafares@gmail.com', '2025-10-17', '', NULL, NULL, '', '', '', '', '$2y$10$ECgPf9hDEhD54eIGvJBWCedfpD5TvifDchQm6qWSHU3/0ayqK6mwi', 'Female', '', '', '', '', '', '', 3000, '', '', '', '', '', '', '', '', '', '', '', 'Other Document', '', 0, 1, '', NULL, NULL, NULL, '2025-10-17 11:08:07', '2025-10-22 12:38:43'),
(65, 'LV21', 0, 0, NULL, NULL, '', '', 'MARIAM', 'EL KFIFI', '', '', '', '', 'manaltetouan032@gmail.com', '2025-10-09', '', NULL, NULL, '', '', '', '', '$2y$10$tXzv/ap7AbI1X29w4Gt3Iel0mEqV7vYvjnW/ZiKu2VNO1V/qYoH.O', 'Female', '', '', '', '', '', '', 2500, '', '', '', '', '', '', '', '', '', '', '', 'Other Document', '', 0, 1, '', NULL, NULL, NULL, '2025-10-17 11:08:56', '2025-10-22 12:38:52'),
(66, 'LV22', 0, 0, NULL, NULL, '', '', 'ABD EL KAOUI', '', '', '', '', '', 'nnn@gmail.com', '2025-10-14', '', NULL, NULL, '', '', '', '', '$2y$10$94Wlcpa3uUr/KIfkhLmZ/.9UaBMBIqVQJ4sFsZOMk0u48bH1kosNi', 'Female', '', '', '', '', '', '', 2000, '', '', '', '', '', '', '', '', '', '', '', '', '', 0, 1, '', NULL, NULL, NULL, '2025-10-22 12:45:28', '2025-10-22 12:45:28'),
(67, 'LV23', 0, 0, NULL, NULL, '', '', 'ABD SAMAD', '', '', '', '', '', 'nn0n@gmail.com', '2025-10-21', '', NULL, NULL, '', '', '', '', '$2y$10$Ba2q2ub3cD71HN2YUF/jF.PtVgU4LdNGBXRWdh3a6sqRRU9jzVxmm', 'Female', '', '', '', '', '', '', 3750, '', '', '', '', '', '', '', '', '', '', '', '', '', 0, 1, '', NULL, NULL, NULL, '2025-10-22 12:46:33', '2025-10-22 12:46:33'),
(68, 'LV24', 0, 0, NULL, NULL, '', '', 'ISMAIL', 'AIT OUKTIR', '', '', '', '', 'mmm0@gmail.com', '2025-10-16', '', NULL, NULL, '', '', '', '', '$2y$10$hdHj2oQRFQc5yQu0b6X1L.1u6Bygx6rKpMKHBznsaEKLIQIMe1U1u', 'Female', '', '', '', '', '', '', 3000, '', '', '', '', '', '', '', '', '', '', '', 'Other Document', '', 0, 1, '', NULL, NULL, NULL, '2025-10-22 12:47:34', '2025-10-22 12:48:32'),
(69, 'LV25', 0, 0, NULL, NULL, '', '', 'MOHAMED', 'KARROUN', '', '', '', '', 'nn12@gmail.com', '2025-10-23', '', NULL, NULL, '', '', '', '', '$2y$10$uqfjr2BrujN2Nobdt7Zx..OQLm.oLQ91LzhV.pq6lzcQCCgm2QlsG', 'Male', '', '', '', '', '', '', 3000, '', '', '', '', '', '', '', '', '', '', '', '', '', 0, 1, '', NULL, NULL, NULL, '2025-10-22 12:48:22', '2025-10-22 12:48:22'),
(70, 'LV26', 0, 0, NULL, NULL, '', '', 'MOURAD', 'SALHI', '', '', '', '', 'mourad12@gmail.com', '2025-10-29', '', NULL, NULL, '', '', '', '', '$2y$10$6hITmPaKmM2YbVPFZ.sK5uRBuukAUeGyoyLWDukZHMTt4W2XXfR/.', 'Male', '', '', '', '', '', '', 3000, '', '', '', '', '', '', '', '', '', '', '', '', '', 0, 1, '', NULL, NULL, NULL, '2025-10-22 12:49:28', '2025-10-22 12:49:28'),
(71, 'LV27', 0, 0, NULL, NULL, '', '', 'SAIDA', 'ELYOUSSFI', '', '', '', '', 'saidaa123@gmail.com', '2025-10-23', '', NULL, NULL, '', '', '', '', '$2y$10$rt5gU.qiJdG3X44f0V6TX.2yj9M9cbJ1v3nSwwuky087kxqQjAEeq', 'Female', '', '', '', '', '', '', 2000, '', '', '', '', '', '', '', '', '', '', '', '', '', 0, 1, '', NULL, NULL, NULL, '2025-10-22 12:50:06', '2025-10-22 12:50:06'),
(72, 'LV28', 0, 0, NULL, NULL, '', '', 'AMINA', 'KHALI', '', '', '', '', 'amina@gmail.com', '2025-10-24', '', NULL, NULL, '', '', '', '', '$2y$10$n4HXnRseaBC/.3lq5ojfJ.wBsnr2xjCJnDEh91B6bw6WzWbStnbn.', 'Female', '', '', '', '', '', '', 2000, '', '', '', '', '', '', '', '', '', '', '', 'Other Document', '', 0, 1, '', NULL, NULL, NULL, '2025-10-22 12:50:43', '2025-12-08 11:10:40'),
(73, 'LV29', 0, 0, NULL, NULL, '', '', 'MARIAM', 'ABOUALLAL', '', '', '', '', 'mariam123@gmail.com', '2025-10-29', '', NULL, NULL, '', '', '', '', '$2y$10$venLIApnGwB/MpEiTC7cDuc5ujOowvfp1I58vmvEPtx4M.evdm7oK', 'Female', '', '', '', '', '', '', 2000, '', '', '', '', '', '', '', '', '', '', '', 'Other Document', '', 0, 1, '', NULL, NULL, NULL, '2025-10-22 12:51:23', '2025-12-08 11:10:15'),
(74, 'LV30', 0, 0, NULL, NULL, '', '', 'OUSTANI', '', '', '', '', '', 'oo@gmail.com', '2025-10-23', '', NULL, NULL, '', '', '', '', '$2y$10$1fV9gEdD1unJoCTI3zhq0uJjVRKRYngAB6GsSpnDcYHOaj12a8FPu', 'Male', '', '', '', '', '', '', 3000, '', '', '', '', '', '', '', '', '', '', '', '', '', 0, 1, '', NULL, NULL, NULL, '2025-10-22 12:52:03', '2025-10-22 12:52:03'),
(75, 'LV31', 0, 0, NULL, NULL, '', '', 'FATIMA', 'KHLIFA', '', '', '', '', 'fatima123@gmail.com', '2025-10-17', '', NULL, NULL, '', '', '', '', '$2y$10$Cg6vXV0dAUxSMN9itDw9IeKM8P8/mea96dazKYnoSQoFCX/n4C0iK', 'Female', '', '', '', '', '', '', 2500, '', '', '', '', '', '', '', '', '', '', '', '', '', 0, 1, '', NULL, NULL, NULL, '2025-10-22 12:53:05', '2025-10-22 12:53:05'),
(76, 'LV32', 0, 0, NULL, NULL, '', '', 'LAMYAA', 'JAMOUN', '', '', '', '', 'direction@groupelavictoire.com', '1985-10-01', '', NULL, NULL, '', '', '', '', '$2y$10$EKEu37SzB7UfOdvSmAP9JuSWRufrkGXDnWnHN6PCcS92QDhtO92sa', 'Female', '', '', '', '', '', '', 5580, '', '', '', '', '', '', '', '', '', '', '', 'Other Document', '', 0, 1, '', NULL, NULL, NULL, '2025-10-28 09:23:55', '2026-06-05 14:39:14'),
(78, 'LV33', 0, 0, NULL, NULL, '', '', 'AMADOU', 'SHOW', '', '', '', '', 'amadou12@gmail.com', '2025-11-06', '', NULL, NULL, '', '', '', '', '$2y$10$8DizBdnmM820UJlARa.Y/ufSHQykjmRDUpXxmcKRTkqDT0dobo.kC', 'Male', '', '', '', '', '', '', 3000, '', '', '', '', '', '', '', '', '', '', '', '', '', 0, 1, '', NULL, NULL, NULL, '2025-11-12 12:34:06', '2025-11-12 12:34:06'),
(79, 'LV34', 0, 0, NULL, NULL, '', '', 'ANAS', 'ALOUCH', '', '', '', '', 'anas123@gmail.com', '2025-11-12', '', NULL, NULL, '', '', '', '', '$2y$10$Zmg7hYWIQfhLi.vGmfQJ1ulWCTF82JIaJdQ9jNgzCnSw0MakCgp0.', 'Male', '', '', '', '', '', '', 3000, '', '', '', '', '', '', '', '', '', '', '', '', '', 0, 1, '', NULL, NULL, NULL, '2025-11-12 12:36:19', '2025-11-12 12:36:19'),
(80, 'LV35', 0, 0, NULL, NULL, '', '', 'MONCEF', 'AOURAM', '', '', '', '', 'moncef21@gmail.com', '2025-11-05', '', NULL, NULL, '', '', '', '', '$2y$10$OVqb1XuwwAbeHMFVxilvJea0oTQi5N2jL4m6xIURxIf5r.lv.tf8e', 'Male', '', '', '', '', '', '', 1500, '', '', '', '', '', '', '', '', '', '', '', '', '', 0, 1, '', NULL, NULL, NULL, '2025-11-12 12:37:41', '2025-11-12 12:37:41');

-- --------------------------------------------------------

--
-- Structure de la table `staff_attendance`
--

CREATE TABLE `staff_attendance` (
  `id` int(11) NOT NULL,
  `date` date NOT NULL,
  `staff_id` int(11) NOT NULL,
  `staff_attendance_type_id` int(11) NOT NULL,
  `biometric_attendence` int(11) DEFAULT 0,
  `qrcode_attendance` int(11) NOT NULL DEFAULT 0,
  `biometric_device_data` text DEFAULT NULL,
  `user_agent` varchar(250) DEFAULT NULL,
  `remark` varchar(200) NOT NULL,
  `is_active` int(11) NOT NULL,
  `in_time` time DEFAULT NULL,
  `out_time` time DEFAULT NULL,
  `created_at` datetime NOT NULL,
  `updated_at` timestamp NOT NULL DEFAULT current_timestamp() ON UPDATE current_timestamp()
) ENGINE=InnoDB DEFAULT CHARSET=utf8mb3 COLLATE=utf8mb3_uca1400_ai_ci;

-- --------------------------------------------------------

--
-- Structure de la table `staff_attendance_type`
--

CREATE TABLE `staff_attendance_type` (
  `id` int(11) NOT NULL,
  `type` varchar(200) NOT NULL,
  `key_value` varchar(200) NOT NULL,
  `is_active` varchar(50) NOT NULL,
  `for_qr_attendance` int(11) NOT NULL DEFAULT 1,
  `long_lang_name` varchar(250) DEFAULT NULL,
  `long_name_style` varchar(250) DEFAULT NULL,
  `for_schedule` int(11) NOT NULL DEFAULT 0,
  `created_at` timestamp NOT NULL DEFAULT current_timestamp(),
  `updated_at` timestamp NOT NULL DEFAULT current_timestamp() ON UPDATE current_timestamp()
) ENGINE=InnoDB DEFAULT CHARSET=utf8mb3 COLLATE=utf8mb3_uca1400_ai_ci;

--
-- Déchargement des données de la table `staff_attendance_type`
--

INSERT INTO `staff_attendance_type` (`id`, `type`, `key_value`, `is_active`, `for_qr_attendance`, `long_lang_name`, `long_name_style`, `for_schedule`, `created_at`, `updated_at`) VALUES
(1, 'Present', '<b class=\"text text-success\">P</b>', 'yes', 1, 'present', 'label label-success', 1, '2023-12-13 10:15:57', '2023-11-10 00:00:00'),
(2, 'Late', '<b class=\"text text-warning\">L</b>', 'yes', 1, 'late', 'label label-warning', 1, '2023-12-13 10:16:01', '2023-11-10 00:00:00'),
(3, 'Absent', '<b class=\"text text-danger\">A</b>', 'yes', 0, 'absent', 'label label-danger', 0, '2023-12-13 10:16:06', '2023-11-10 00:00:00'),
(4, 'Half Day', '<b class=\"text text-warning\">F</b>', 'yes', 1, 'half_day', 'label label-info', 1, '2023-12-14 12:57:07', '2023-11-10 00:00:00'),
(5, 'Holiday', 'H', 'yes', 0, 'holiday', 'label label-warning text-dark', 0, '2023-12-13 10:16:17', '2023-11-10 00:00:00'),
(6, 'Half Day Second Shift', '<b class=\"text text-warning\">SH</b>', 'yes', 1, 'half_day_second_shift', 'label label-info', 1, '2024-09-24 12:28:42', '0000-00-00 00:00:00');

-- --------------------------------------------------------

--
-- Structure de la table `staff_attendence_schedules`
--

CREATE TABLE `staff_attendence_schedules` (
  `id` int(11) NOT NULL,
  `staff_attendence_type_id` int(11) DEFAULT NULL,
  `role_id` int(11) DEFAULT NULL,
  `entry_time_from` time DEFAULT NULL,
  `entry_time_to` time DEFAULT NULL,
  `total_institute_hour` time DEFAULT '00:00:00',
  `is_active` int(11) NOT NULL,
  `created_at` timestamp NOT NULL DEFAULT current_timestamp(),
  `updated_at` timestamp NOT NULL DEFAULT current_timestamp() ON UPDATE current_timestamp()
) ENGINE=InnoDB DEFAULT CHARSET=utf8mb3 COLLATE=utf8mb3_uca1400_ai_ci;

--
-- Déchargement des données de la table `staff_attendence_schedules`
--

INSERT INTO `staff_attendence_schedules` (`id`, `staff_attendence_type_id`, `role_id`, `entry_time_from`, `entry_time_to`, `total_institute_hour`, `is_active`, `created_at`, `updated_at`) VALUES
(1, 1, 1, '07:00:00', '10:00:00', '08:30:00', 1, '2026-05-03 15:09:41', '2026-05-03 15:09:41'),
(2, 1, 1, '15:30:00', '18:00:00', '08:30:00', 1, '2026-05-03 15:09:41', '2026-05-03 15:09:41'),
(3, 1, 2, '07:00:00', '10:00:00', '08:30:00', 1, '2026-05-03 15:09:41', '2026-05-03 15:09:41'),
(4, 1, 2, '15:30:00', '18:00:00', '08:30:00', 1, '2026-05-03 15:09:41', '2026-05-03 15:09:41'),
(5, 1, 3, '07:00:00', '10:00:00', '08:30:00', 1, '2026-05-03 15:09:41', '2026-05-03 15:09:41'),
(6, 1, 3, '15:30:00', '18:00:00', '08:30:00', 1, '2026-05-03 15:09:41', '2026-05-03 15:09:41'),
(7, 1, 4, '07:00:00', '10:00:00', '08:30:00', 1, '2026-05-03 15:09:41', '2026-05-03 15:09:41'),
(8, 1, 4, '15:30:00', '18:00:00', '08:30:00', 1, '2026-05-03 15:09:41', '2026-05-03 15:09:41'),
(9, 1, 6, '07:00:00', '10:00:00', '08:30:00', 1, '2026-05-03 15:09:41', '2026-05-03 15:09:41'),
(10, 1, 6, '15:30:00', '18:00:00', '08:30:00', 1, '2026-05-03 15:09:41', '2026-05-03 15:09:41'),
(11, 1, 7, '07:00:00', '10:00:00', '08:30:00', 1, '2026-05-03 15:09:41', '2026-05-03 15:09:41'),
(12, 1, 7, '15:30:00', '18:00:00', '08:30:00', 1, '2026-05-03 15:09:41', '2026-05-03 15:09:41'),
(13, 1, 8, '07:00:00', '10:00:00', '08:30:00', 1, '2026-05-03 15:09:41', '2026-05-03 15:09:41'),
(14, 1, 8, '15:30:00', '18:00:00', '08:30:00', 1, '2026-05-03 15:09:41', '2026-05-03 15:09:41');

-- --------------------------------------------------------

--
-- Structure de la table `staff_designation`
--

CREATE TABLE `staff_designation` (
  `id` int(11) NOT NULL,
  `designation` varchar(200) NOT NULL,
  `is_active` varchar(100) NOT NULL,
  `created_at` timestamp NOT NULL DEFAULT current_timestamp(),
  `updated_at` timestamp NOT NULL DEFAULT current_timestamp()
) ENGINE=InnoDB DEFAULT CHARSET=utf8mb3 COLLATE=utf8mb3_uca1400_ai_ci;

-- --------------------------------------------------------

--
-- Structure de la table `staff_id_card`
--

CREATE TABLE `staff_id_card` (
  `id` int(11) NOT NULL,
  `title` varchar(255) NOT NULL,
  `school_name` varchar(255) NOT NULL,
  `school_address` varchar(255) NOT NULL,
  `background` text CHARACTER SET utf8mb3 COLLATE utf8mb3_general_ci NOT NULL,
  `logo` text CHARACTER SET utf8mb3 COLLATE utf8mb3_general_ci NOT NULL,
  `sign_image` text CHARACTER SET utf8mb3 COLLATE utf8mb3_general_ci NOT NULL,
  `header_color` varchar(100) NOT NULL,
  `enable_vertical_card` int(11) NOT NULL DEFAULT 0,
  `enable_staff_role` tinyint(1) NOT NULL COMMENT '0=disable,1=enable',
  `enable_staff_id` tinyint(1) NOT NULL COMMENT '0=disable,1=enable',
  `enable_staff_department` tinyint(1) NOT NULL COMMENT '0=disable,1=enable',
  `enable_designation` tinyint(1) NOT NULL COMMENT '0=disable,1=enable',
  `enable_name` tinyint(1) NOT NULL COMMENT '0=disable,1=enable',
  `enable_fathers_name` tinyint(1) NOT NULL COMMENT '0=disable,1=enable',
  `enable_mothers_name` tinyint(1) NOT NULL COMMENT '0=disable,1=enable',
  `enable_date_of_joining` tinyint(1) NOT NULL COMMENT '0=disable,1=enable',
  `enable_permanent_address` tinyint(1) NOT NULL COMMENT '0=disable,1=enable',
  `enable_staff_dob` tinyint(1) NOT NULL COMMENT '0=disable,1=enable',
  `enable_staff_phone` tinyint(1) NOT NULL COMMENT '0=disable,1=enable',
  `enable_staff_barcode` tinyint(1) NOT NULL COMMENT '0=disable,1=enable',
  `status` tinyint(1) NOT NULL COMMENT '0=disable,1=enable'
) ENGINE=InnoDB DEFAULT CHARSET=utf8mb3 COLLATE=utf8mb3_uca1400_ai_ci;

--
-- Déchargement des données de la table `staff_id_card`
--

INSERT INTO `staff_id_card` (`id`, `title`, `school_name`, `school_address`, `background`, `logo`, `sign_image`, `header_color`, `enable_vertical_card`, `enable_staff_role`, `enable_staff_id`, `enable_staff_department`, `enable_designation`, `enable_name`, `enable_fathers_name`, `enable_mothers_name`, `enable_date_of_joining`, `enable_permanent_address`, `enable_staff_dob`, `enable_staff_phone`, `enable_staff_barcode`, `status`) VALUES
(1, 'Sample Staff ID Card Horizontal', 'Mount Carmel School', '110 Kings Street, CA', 'background1.png', 'logo1.png', 'sign1.png', '#9b1818', 0, 0, 1, 0, 0, 1, 1, 1, 1, 1, 1, 1, 0, 1),
(2, 'Sample Staff ID Card Vertical', 'Mount Carmel School', '110 Kings Street, CA', 'background1.png', 'logo1.png', 'sign1.png', '#9b1818', 1, 0, 1, 0, 0, 1, 1, 1, 1, 1, 1, 1, 0, 1);

-- --------------------------------------------------------

--
-- Structure de la table `staff_leave_details`
--

CREATE TABLE `staff_leave_details` (
  `id` int(11) NOT NULL,
  `staff_id` int(11) NOT NULL,
  `leave_type_id` int(11) NOT NULL,
  `alloted_leave` decimal(10,2) NOT NULL,
  `session_id` int(11) DEFAULT NULL,
  `created_at` timestamp NOT NULL DEFAULT current_timestamp(),
  `updated_at` timestamp NOT NULL DEFAULT current_timestamp()
) ENGINE=InnoDB DEFAULT CHARSET=utf8mb3 COLLATE=utf8mb3_uca1400_ai_ci;

-- --------------------------------------------------------

--
-- Structure de la table `staff_leave_request`
--

CREATE TABLE `staff_leave_request` (
  `id` int(11) NOT NULL,
  `staff_id` int(11) NOT NULL,
  `leave_type_id` int(11) NOT NULL,
  `leave_from` date NOT NULL,
  `leave_to` date NOT NULL,
  `leave_days` decimal(10,2) NOT NULL,
  `employee_remark` varchar(200) NOT NULL,
  `admin_remark` varchar(200) NOT NULL,
  `approve_date` date DEFAULT NULL,
  `status` varchar(50) NOT NULL,
  `applied_by` int(11) DEFAULT NULL,
  `document_file` text CHARACTER SET utf8mb3 COLLATE utf8mb3_general_ci NOT NULL,
  `session_id` int(11) DEFAULT NULL,
  `date` date NOT NULL,
  `half_day_leave` varchar(50) DEFAULT NULL,
  `created_at` timestamp NOT NULL DEFAULT current_timestamp(),
  `updated_at` timestamp NOT NULL DEFAULT current_timestamp() ON UPDATE current_timestamp()
) ENGINE=InnoDB DEFAULT CHARSET=utf8mb3 COLLATE=utf8mb3_uca1400_ai_ci;

-- --------------------------------------------------------

--
-- Structure de la table `staff_payroll`
--

CREATE TABLE `staff_payroll` (
  `id` int(11) NOT NULL,
  `basic_salary` int(11) NOT NULL,
  `pay_scale` varchar(200) NOT NULL,
  `grade` varchar(50) NOT NULL,
  `is_active` varchar(50) NOT NULL,
  `created_at` timestamp NOT NULL DEFAULT current_timestamp(),
  `updated_at` timestamp NOT NULL DEFAULT current_timestamp()
) ENGINE=InnoDB DEFAULT CHARSET=utf8mb3 COLLATE=utf8mb3_uca1400_ai_ci;

-- --------------------------------------------------------

--
-- Structure de la table `staff_payslip`
--

CREATE TABLE `staff_payslip` (
  `id` int(11) NOT NULL,
  `staff_id` int(11) NOT NULL,
  `basic` decimal(10,2) NOT NULL,
  `total_allowance` decimal(10,2) NOT NULL,
  `total_deduction` decimal(10,2) NOT NULL,
  `leave_deduction` int(11) NOT NULL,
  `tax` varchar(200) NOT NULL,
  `net_salary` decimal(10,2) NOT NULL,
  `status` varchar(100) NOT NULL,
  `month` varchar(200) NOT NULL,
  `year` varchar(200) NOT NULL,
  `payment_mode` varchar(200) NOT NULL,
  `payment_date` date NOT NULL,
  `remark` varchar(200) NOT NULL,
  `generated_by` int(11) DEFAULT NULL,
  `created_at` timestamp NOT NULL DEFAULT current_timestamp(),
  `updated_at` timestamp NOT NULL DEFAULT current_timestamp() ON UPDATE current_timestamp()
) ENGINE=InnoDB DEFAULT CHARSET=utf8mb3 COLLATE=utf8mb3_uca1400_ai_ci;

--
-- Déchargement des données de la table `staff_payslip`
--

INSERT INTO `staff_payslip` (`id`, `staff_id`, `basic`, `total_allowance`, `total_deduction`, `leave_deduction`, `tax`, `net_salary`, `status`, `month`, `year`, `payment_mode`, `payment_date`, `remark`, `generated_by`, `created_at`, `updated_at`) VALUES
(1, 3, 2500.00, 0.00, 0.00, 0, '0', 2500.00, 'paid', 'September', '2025', 'cash', '2025-10-01', '', NULL, '2025-10-22 13:00:36', '2025-10-22 13:14:22'),
(2, 3, 2500.00, 0.00, 0.00, 0, '0', 2500.00, 'paid', 'October', '2025', 'online', '2025-11-04', '', NULL, '2025-11-11 15:21:03', '2025-11-12 12:41:48'),
(3, 3, 2500.00, 0.00, 0.00, 0, '0', 2500.00, 'paid', 'November', '2025', 'online', '2025-10-31', '', NULL, '2025-12-08 11:02:03', '2025-12-08 11:11:21'),
(4, 3, 2500.00, 0.00, 0.00, 0, '0', 2500.00, 'paid', 'December', '2026', 'online', '2026-01-01', '', NULL, '2026-01-09 10:29:09', '2026-01-09 11:02:54'),
(5, 3, 2500.00, 0.00, 0.00, 0, '0', 2500.00, 'paid', 'January', '2026', 'online', '2026-02-02', '', NULL, '2026-02-06 13:07:23', '2026-02-06 13:16:07'),
(6, 3, 2500.00, 0.00, 113.00, 0, '0', 2387.00, 'paid', 'February', '2026', 'online', '2026-03-02', '', NULL, '2026-03-05 11:01:30', '2026-03-05 11:31:02'),
(7, 4, 3000.00, 0.00, 0.00, 0, '0', 3000.00, 'paid', 'September', '2025', 'online', '2025-10-01', '', NULL, '2025-10-22 13:00:44', '2025-10-22 13:14:31'),
(8, 4, 3000.00, 0.00, 0.00, 0, '0', 3000.00, 'paid', 'October', '2025', 'online', '2025-11-04', '', NULL, '2025-11-11 15:21:09', '2025-11-12 12:41:58'),
(9, 4, 3000.00, 0.00, 0.00, 0, '0', 3000.00, 'paid', 'November', '2025', 'online', '2025-12-01', '', NULL, '2025-12-08 11:02:11', '2025-12-08 11:11:36'),
(10, 4, 3000.00, 0.00, 0.00, 0, '0', 3000.00, 'paid', 'December', '2026', 'online', '2026-01-01', '', NULL, '2026-01-09 10:29:17', '2026-01-09 11:03:01'),
(11, 4, 3000.00, 0.00, 0.00, 0, '0', 3000.00, 'paid', 'January', '2026', 'cash', '2026-02-02', '', NULL, '2026-02-06 13:07:31', '2026-02-06 13:16:46'),
(12, 4, 3000.00, 0.00, 0.00, 0, '0', 3000.00, 'paid', 'February', '2026', 'cash', '2026-03-05', '', NULL, '2026-03-05 11:01:38', '2026-03-05 11:31:11'),
(13, 5, 3000.00, 0.00, 0.00, 0, '0', 3000.00, 'paid', 'September', '2025', 'online', '2025-10-01', '', NULL, '2025-10-22 13:00:54', '2025-10-22 13:14:43'),
(14, 5, 3000.00, 0.00, 0.00, 0, '0', 3000.00, 'paid', 'October', '2025', 'online', '2025-11-04', '', NULL, '2025-11-11 15:21:17', '2025-11-12 12:42:07'),
(15, 5, 3000.00, 0.00, 0.00, 0, '0', 3000.00, 'paid', 'November', '2025', 'online', '2025-12-01', '', NULL, '2025-12-08 11:02:18', '2025-12-08 11:11:47'),
(16, 5, 3000.00, 0.00, 0.00, 0, '0', 3000.00, 'paid', 'December', '2026', 'online', '2026-01-01', '', NULL, '2026-01-09 10:29:24', '2026-01-09 11:03:11'),
(17, 5, 3000.00, 0.00, 0.00, 0, '0', 3000.00, 'paid', 'January', '2026', 'online', '2026-02-02', '', NULL, '2026-02-06 13:07:37', '2026-02-06 13:16:23'),
(18, 5, 3000.00, 0.00, 0.00, 0, '0', 3000.00, 'paid', 'February', '2026', 'online', '2026-03-05', '', NULL, '2026-03-05 11:01:45', '2026-03-05 11:31:16'),
(19, 46, 3000.00, 0.00, 0.00, 0, '0', 3000.00, 'paid', 'September', '2025', 'online', '2025-10-01', '', NULL, '2025-10-22 13:01:02', '2025-10-22 13:14:58'),
(20, 46, 3000.00, 0.00, 0.00, 0, '0', 3000.00, 'paid', 'October', '2025', 'online', '2025-11-04', '', NULL, '2025-11-11 15:21:25', '2025-11-12 12:42:16'),
(21, 46, 3000.00, 0.00, 0.00, 0, '0', 3000.00, 'paid', 'November', '2025', 'online', '2025-12-01', '', NULL, '2025-12-08 11:02:26', '2025-12-08 11:11:59'),
(22, 46, 3000.00, 0.00, 0.00, 0, '0', 3000.00, 'paid', 'December', '2026', 'cash', '2026-01-01', '', NULL, '2026-01-09 10:29:31', '2026-01-09 11:03:19'),
(23, 46, 3000.00, 0.00, 0.00, 0, '0', 3000.00, 'paid', 'January', '2026', 'online', '2026-02-02', '', NULL, '2026-02-06 13:07:45', '2026-02-06 13:17:12'),
(24, 46, 3000.00, 0.00, 136.00, 0, '0', 2864.00, 'paid', 'February', '2026', 'online', '2026-03-05', '', NULL, '2026-03-05 11:02:09', '2026-03-05 11:31:24'),
(25, 47, 3000.00, 0.00, 0.00, 0, '0', 3000.00, 'paid', 'September', '2025', 'online', '2025-10-01', '', NULL, '2025-10-22 13:01:10', '2025-10-22 13:15:08'),
(26, 47, 3000.00, 0.00, 0.00, 0, '0', 3000.00, 'paid', 'October', '2025', 'online', '2025-11-04', '', NULL, '2025-11-11 15:21:44', '2025-11-12 12:42:34'),
(27, 47, 3000.00, 0.00, 0.00, 0, '0', 3000.00, 'paid', 'November', '2025', 'online', '2025-12-01', '', NULL, '2025-12-08 11:02:43', '2025-12-08 11:12:19'),
(28, 47, 3000.00, 0.00, 136.00, 0, '0', 2864.00, 'paid', 'December', '2026', 'cash', '2026-01-01', '', NULL, '2026-01-09 10:30:15', '2026-01-09 11:03:31'),
(29, 47, 3000.00, 0.00, 0.00, 0, '0', 3000.00, 'paid', 'January', '2026', 'online', '2026-02-01', '', NULL, '2026-02-06 13:07:50', '2026-02-06 13:17:21'),
(30, 47, 3000.00, 0.00, 0.00, 0, '0', 3000.00, 'paid', 'February', '2026', 'online', '2026-03-05', '', NULL, '2026-03-05 11:02:19', '2026-03-05 11:31:29'),
(31, 48, 2500.00, 0.00, 0.00, 0, '0', 2500.00, 'paid', 'September', '2025', 'online', '2025-10-01', '', NULL, '2025-10-22 13:01:22', '2025-10-22 13:15:19'),
(32, 48, 2500.00, 0.00, 0.00, 0, '0', 2500.00, 'paid', 'October', '2025', 'online', '2025-11-04', '', NULL, '2025-11-11 15:21:54', '2025-11-12 12:42:43'),
(33, 48, 2500.00, 0.00, 0.00, 0, '0', 2500.00, 'paid', 'November', '2025', 'online', '2025-12-01', '', NULL, '2025-12-08 11:02:51', '2025-12-08 11:12:28'),
(34, 48, 2500.00, 0.00, 0.00, 0, '0', 2500.00, 'paid', 'December', '2026', 'online', '2026-01-01', '', NULL, '2026-01-09 10:30:23', '2026-01-09 11:03:44'),
(35, 48, 2500.00, 0.00, 0.00, 0, '0', 2500.00, 'paid', 'January', '2026', 'online', '2026-02-02', '', NULL, '2026-02-06 13:07:58', '2026-02-06 13:17:30'),
(36, 48, 2500.00, 0.00, 0.00, 0, '0', 2500.00, 'paid', 'February', '2026', 'online', '2026-03-05', '', NULL, '2026-03-05 11:02:29', '2026-03-05 11:31:35'),
(37, 49, 3000.00, 0.00, 0.00, 0, '0', 3000.00, 'paid', 'September', '2025', 'online', '2025-10-01', '', NULL, '2025-10-22 13:01:35', '2025-10-22 13:15:27'),
(38, 49, 3000.00, 0.00, 0.00, 0, '0', 3000.00, 'paid', 'October', '2025', 'online', '2025-11-04', '', NULL, '2025-11-11 15:22:02', '2025-11-12 12:42:52'),
(39, 49, 3000.00, 0.00, 0.00, 0, '0', 3000.00, 'paid', 'November', '2025', 'online', '2025-12-01', '', NULL, '2025-12-08 11:03:04', '2025-12-08 11:12:51'),
(40, 49, 3000.00, 0.00, 0.00, 0, '0', 3000.00, 'paid', 'December', '2026', 'online', '2026-01-01', '', NULL, '2026-01-09 10:30:30', '2026-01-09 11:04:02'),
(41, 49, 3000.00, 0.00, 0.00, 0, '0', 3000.00, 'paid', 'January', '2026', 'online', '2026-02-02', '', NULL, '2026-02-06 13:08:05', '2026-02-06 13:17:41'),
(42, 49, 3000.00, 0.00, 0.00, 0, '0', 3000.00, 'paid', 'February', '2026', 'online', '2026-03-05', '', NULL, '2026-03-05 11:02:39', '2026-03-05 11:31:44'),
(43, 50, 2500.00, 0.00, 0.00, 0, '0', 2500.00, 'paid', 'September', '2025', 'online', '2025-10-01', '', NULL, '2025-10-22 13:03:11', '2025-10-22 13:15:36'),
(44, 50, 2500.00, 0.00, 0.00, 0, '0', 2500.00, 'paid', 'October', '2025', 'online', '2025-11-04', '', NULL, '2025-11-11 15:22:10', '2025-11-12 12:43:00'),
(45, 50, 2500.00, 0.00, 0.00, 0, '0', 2500.00, 'paid', 'November', '2025', 'online', '2025-12-01', '', NULL, '2025-12-08 11:03:11', '2025-12-08 11:13:01'),
(46, 50, 2500.00, 0.00, 0.00, 0, '0', 2500.00, 'paid', 'December', '2026', 'online', '2026-01-01', '', NULL, '2026-01-09 10:30:37', '2026-01-09 11:04:11'),
(47, 50, 2500.00, 0.00, 0.00, 0, '0', 2500.00, 'paid', 'January', '2026', 'online', '2026-02-02', '', NULL, '2026-02-06 13:08:12', '2026-02-06 13:17:56'),
(48, 50, 2500.00, 0.00, 113.00, 0, '0', 2387.00, 'paid', 'February', '2026', 'online', '2026-03-05', '', NULL, '2026-03-05 11:02:56', '2026-03-05 11:31:50'),
(49, 51, 3000.00, 0.00, 0.00, 0, '0', 3000.00, 'paid', 'September', '2025', 'online', '2025-10-01', '', NULL, '2025-10-22 13:04:00', '2025-10-22 13:15:47'),
(50, 51, 3000.00, 0.00, 0.00, 0, '0', 3000.00, 'paid', 'October', '2025', 'online', '2025-11-04', '', NULL, '2025-11-11 15:22:18', '2025-11-12 12:43:10'),
(51, 51, 3000.00, 0.00, 0.00, 0, '0', 3000.00, 'paid', 'November', '2025', 'online', '2025-12-01', '', NULL, '2025-12-08 11:03:18', '2025-12-08 11:13:11'),
(52, 51, 3000.00, 0.00, 0.00, 0, '0', 3000.00, 'paid', 'December', '2026', 'online', '2026-01-01', '', NULL, '2026-01-09 10:30:44', '2026-01-09 11:04:20'),
(53, 51, 3000.00, 0.00, 0.00, 0, '0', 3000.00, 'paid', 'January', '2026', 'online', '2026-02-02', '', NULL, '2026-02-06 13:08:18', '2026-02-06 13:18:59'),
(54, 51, 3000.00, 0.00, 0.00, 0, '0', 3000.00, 'paid', 'February', '2026', 'online', '2026-03-05', '', NULL, '2026-03-05 11:03:21', '2026-03-05 11:32:19'),
(55, 52, 3000.00, 0.00, 0.00, 0, '0', 3000.00, 'paid', 'September', '2025', 'cash', '2025-10-01', '', NULL, '2025-10-22 13:04:28', '2025-10-22 13:15:59'),
(56, 52, 3000.00, 0.00, 0.00, 0, '0', 3000.00, 'paid', 'October', '2025', 'online', '2025-11-04', '', NULL, '2025-11-11 15:22:25', '2025-11-12 12:43:18'),
(57, 52, 3000.00, 0.00, 0.00, 0, '0', 3000.00, 'paid', 'November', '2025', 'online', '2025-12-01', '', NULL, '2025-12-08 11:03:26', '2025-12-08 11:13:21'),
(58, 52, 3000.00, 0.00, 0.00, 0, '0', 3000.00, 'paid', 'December', '2026', 'cash', '2026-01-01', '', NULL, '2026-01-09 10:30:53', '2026-01-09 11:04:26'),
(59, 52, 3000.00, 0.00, 0.00, 0, '0', 3000.00, 'paid', 'January', '2026', 'online', '2026-02-02', '', NULL, '2026-02-06 13:08:24', '2026-02-06 13:19:10'),
(60, 52, 3000.00, 0.00, 0.00, 0, '0', 3000.00, 'paid', 'February', '2026', 'online', '2026-03-05', '', NULL, '2026-03-05 11:03:29', '2026-03-05 11:32:25'),
(61, 53, 3000.00, 0.00, 0.00, 0, '0', 3000.00, 'paid', 'September', '2025', 'cash', '2025-10-01', '', NULL, '2025-10-22 13:04:40', '2025-10-22 13:16:14'),
(62, 53, 3000.00, 0.00, 0.00, 0, '0', 3000.00, 'paid', 'October', '2025', 'online', '2025-11-04', '', NULL, '2025-11-11 15:22:33', '2025-11-12 12:43:28'),
(63, 53, 3000.00, 0.00, 0.00, 0, '0', 3000.00, 'paid', 'November', '2025', 'online', '2025-12-01', '', NULL, '2025-12-08 11:03:37', '2025-12-08 11:13:32'),
(64, 53, 3000.00, 0.00, 0.00, 0, '0', 3000.00, 'paid', 'December', '2026', 'cash', '2026-01-01', '', NULL, '2026-01-09 10:31:08', '2026-01-09 11:04:33'),
(65, 53, 3000.00, 0.00, 0.00, 0, '0', 3000.00, 'paid', 'January', '2026', 'online', '2026-02-02', '', NULL, '2026-02-06 13:08:29', '2026-02-06 13:19:27'),
(66, 53, 3000.00, 0.00, 136.00, 0, '0', 2864.00, 'paid', 'February', '2026', 'online', '2026-03-05', '', NULL, '2026-03-05 11:03:46', '2026-03-05 11:32:30'),
(67, 54, 3000.00, 0.00, 0.00, 0, '0', 3000.00, 'paid', 'September', '2025', 'cash', '2025-10-01', '', NULL, '2025-10-22 13:04:49', '2025-10-22 13:16:24'),
(68, 54, 3000.00, 0.00, 0.00, 0, '0', 3000.00, 'paid', 'October', '2025', 'online', '2025-11-04', '', NULL, '2025-11-11 15:22:39', '2025-11-12 12:43:35'),
(69, 54, 3000.00, 0.00, 0.00, 0, '0', 3000.00, 'paid', 'November', '2025', 'online', '2025-12-01', '', NULL, '2025-12-08 11:03:43', '2025-12-08 11:14:00'),
(70, 54, 3000.00, 0.00, 0.00, 0, '0', 3000.00, 'paid', 'December', '2026', 'cash', '2026-01-01', '', NULL, '2026-01-09 10:31:20', '2026-01-09 11:04:41'),
(71, 54, 3000.00, 0.00, 0.00, 0, '0', 3000.00, 'paid', 'January', '2026', 'online', '2026-02-02', '', NULL, '2026-02-06 13:08:36', '2026-02-06 13:19:37'),
(72, 54, 3000.00, 0.00, 0.00, 0, '0', 3000.00, 'paid', 'February', '2026', 'online', '2026-03-05', '', NULL, '2026-03-05 11:03:55', '2026-03-05 11:32:37'),
(73, 55, 3500.00, 0.00, 0.00, 0, '0', 3500.00, 'paid', 'September', '2025', 'cash', '2025-10-01', '', NULL, '2025-10-22 13:05:01', '2025-10-22 13:16:31'),
(74, 55, 3500.00, 0.00, 0.00, 0, '0', 3500.00, 'paid', 'October', '2025', 'online', '2025-11-04', '', NULL, '2025-11-11 15:22:59', '2025-11-12 12:43:45'),
(75, 55, 3500.00, 0.00, 0.00, 0, '0', 3500.00, 'paid', 'November', '2025', 'online', '2025-12-01', '', NULL, '2025-12-08 11:03:50', '2025-12-08 11:14:19'),
(76, 55, 3500.00, 0.00, 0.00, 0, '0', 3500.00, 'paid', 'December', '2026', 'cash', '2026-01-01', '', NULL, '2026-01-09 10:31:31', '2026-01-09 11:04:48'),
(77, 55, 3500.00, 0.00, 0.00, 0, '0', 3500.00, 'paid', 'January', '2026', 'online', '2026-02-02', '', NULL, '2026-02-06 13:08:42', '2026-02-06 13:19:52'),
(78, 55, 3500.00, 0.00, 0.00, 0, '0', 3500.00, 'paid', 'February', '2026', 'online', '2026-03-05', '', NULL, '2026-03-05 11:04:04', '2026-03-05 11:32:43'),
(79, 56, 3500.00, 0.00, 0.00, 0, '0', 3500.00, 'paid', 'September', '2025', 'online', '2025-10-01', '', NULL, '2025-10-22 13:05:23', '2025-10-22 13:16:42'),
(80, 56, 3500.00, 0.00, 0.00, 0, '0', 3500.00, 'paid', 'October', '2025', 'online', '2025-11-04', '', NULL, '2025-11-11 15:23:06', '2025-11-12 12:43:53'),
(81, 56, 3500.00, 0.00, 0.00, 0, '0', 3500.00, 'paid', 'November', '2025', 'online', '2025-12-01', '', NULL, '2025-12-08 11:03:57', '2025-12-08 11:14:53'),
(82, 56, 3500.00, 0.00, 0.00, 0, '0', 3500.00, 'paid', 'December', '2026', 'online', '2026-01-01', '', NULL, '2026-01-09 10:31:39', '2026-01-09 11:04:58'),
(83, 56, 3500.00, 0.00, 0.00, 0, '0', 3500.00, 'paid', 'January', '2026', 'online', '2026-02-02', '', NULL, '2026-02-06 13:08:48', '2026-02-06 13:20:04'),
(84, 56, 3500.00, 0.00, 0.00, 0, '0', 3500.00, 'paid', 'February', '2026', 'online', '2026-03-05', '', NULL, '2026-03-05 11:04:16', '2026-03-05 11:32:50'),
(85, 57, 3000.00, 0.00, 0.00, 0, '0', 3000.00, 'paid', 'September', '2025', 'online', '2025-10-01', '', NULL, '2025-10-22 13:05:35', '2025-10-22 13:16:51'),
(86, 57, 3000.00, 0.00, 0.00, 0, '0', 3000.00, 'paid', 'October', '2025', 'online', '2025-11-04', '', NULL, '2025-11-11 15:23:16', '2025-11-12 12:44:00'),
(87, 57, 3000.00, 0.00, 0.00, 0, '0', 3000.00, 'paid', 'November', '2025', 'online', '2025-12-01', '', NULL, '2025-12-08 11:04:04', '2025-12-08 11:15:03'),
(88, 57, 3000.00, 0.00, 136.00, 0, '0', 2864.00, 'paid', 'December', '2026', 'online', '2026-01-01', '', NULL, '2026-01-09 10:32:06', '2026-01-09 11:05:10'),
(89, 57, 3000.00, 0.00, 0.00, 0, '0', 3000.00, 'paid', 'January', '2026', 'online', '2026-02-02', '', NULL, '2026-02-06 13:08:54', '2026-02-06 13:20:12'),
(90, 57, 3000.00, 0.00, 0.00, 0, '0', 3000.00, 'paid', 'February', '2026', 'online', '2026-03-05', '', NULL, '2026-03-05 11:04:25', '2026-03-05 11:32:56'),
(91, 58, 3500.00, 0.00, 0.00, 0, '0', 3500.00, 'paid', 'September', '2025', 'cash', '2025-10-01', '', NULL, '2025-10-22 13:05:46', '2025-10-22 13:17:06'),
(92, 58, 3500.00, 0.00, 0.00, 0, '0', 3500.00, 'paid', 'October', '2025', 'online', '2025-11-04', '', NULL, '2025-11-11 15:23:22', '2025-11-12 13:55:54'),
(93, 58, 3500.00, 0.00, 0.00, 0, '0', 3500.00, 'paid', 'November', '2025', 'online', '2025-12-01', '', NULL, '2025-12-08 11:04:11', '2025-12-08 11:15:15'),
(94, 58, 3500.00, 0.00, 0.00, 0, '0', 3500.00, 'paid', 'December', '2026', 'online', '2026-01-01', '', NULL, '2026-01-09 10:32:14', '2026-01-09 11:05:17'),
(95, 58, 3500.00, 0.00, 0.00, 0, '0', 3500.00, 'paid', 'January', '2026', 'online', '2026-02-02', '', NULL, '2026-02-06 13:09:00', '2026-02-06 13:20:33'),
(96, 58, 3500.00, 0.00, 0.00, 0, '0', 3500.00, 'paid', 'February', '2026', 'online', '2026-03-05', '', NULL, '2026-03-05 11:04:34', '2026-03-05 11:33:03'),
(97, 59, 2500.00, 0.00, 0.00, 0, '0', 2500.00, 'paid', 'September', '2025', 'online', '2025-10-01', '', NULL, '2025-10-22 13:06:19', '2025-10-22 13:17:18'),
(98, 59, 2500.00, 0.00, 0.00, 0, '0', 2500.00, 'paid', 'October', '2025', 'cash', '2025-11-04', '', NULL, '2025-11-11 15:23:29', '2025-11-12 13:56:35'),
(99, 59, 2500.00, 0.00, 0.00, 0, '0', 2500.00, 'paid', 'November', '2025', 'cash', '2025-12-01', '', NULL, '2025-12-08 11:04:18', '2025-12-08 11:15:28'),
(100, 59, 2500.00, 0.00, 113.00, 0, '0', 2387.00, 'paid', 'December', '2026', 'online', '2026-01-01', '', NULL, '2026-01-09 10:32:30', '2026-01-09 11:05:30'),
(101, 59, 2500.00, 0.00, 0.00, 0, '0', 2500.00, 'paid', 'January', '2026', 'online', '2026-02-02', '', NULL, '2026-02-06 13:09:06', '2026-02-06 13:20:44'),
(102, 59, 2500.00, 0.00, 0.00, 0, '0', 2500.00, 'paid', 'February', '2026', 'online', '2026-03-05', '', NULL, '2026-03-05 11:04:40', '2026-03-05 11:33:10'),
(103, 60, 2500.00, 0.00, 0.00, 0, '0', 2500.00, 'paid', 'September', '2025', 'online', '2025-10-01', '', NULL, '2025-10-22 13:06:27', '2025-10-22 13:17:32'),
(104, 60, 2500.00, 0.00, 0.00, 0, '0', 2500.00, 'paid', 'October', '2025', 'online', '2025-11-04', '', NULL, '2025-11-11 15:23:37', '2025-11-12 13:56:46'),
(105, 60, 2500.00, 0.00, 0.00, 0, '0', 2500.00, 'paid', 'November', '2025', 'online', '2025-12-01', '', NULL, '2025-12-08 11:04:26', '2025-12-08 11:15:41'),
(106, 60, 2500.00, 0.00, 0.00, 0, '0', 2500.00, 'paid', 'December', '2026', 'online', '2026-01-01', '', NULL, '2026-01-09 10:32:41', '2026-01-09 11:05:39'),
(107, 60, 2500.00, 0.00, 0.00, 0, '0', 2500.00, 'paid', 'January', '2026', 'online', '2026-02-02', '', NULL, '2026-02-06 13:09:11', '2026-02-06 13:20:59'),
(108, 60, 2500.00, 0.00, 0.00, 0, '0', 2500.00, 'paid', 'February', '2026', 'online', '2026-03-05', '', NULL, '2026-03-05 11:04:48', '2026-03-05 11:33:16'),
(109, 61, 2500.00, 0.00, 0.00, 0, '0', 2500.00, 'paid', 'September', '2025', 'online', '2025-10-01', '', NULL, '2025-10-22 13:06:59', '2025-10-22 13:17:41'),
(110, 61, 2500.00, 0.00, 0.00, 0, '0', 2500.00, 'paid', 'October', '2025', 'online', '2025-11-04', '', NULL, '2025-11-11 15:23:48', '2025-11-12 13:56:55'),
(111, 61, 2500.00, 0.00, 0.00, 0, '0', 2500.00, 'paid', 'November', '2025', 'online', '2025-12-01', '', NULL, '2025-12-08 11:04:34', '2025-12-08 11:15:53'),
(112, 61, 2500.00, 0.00, 113.00, 0, '0', 2387.00, 'paid', 'December', '2026', 'online', '2026-01-01', '', NULL, '2026-01-09 10:33:10', '2026-01-09 11:05:48'),
(113, 61, 2500.00, 0.00, 0.00, 0, '0', 2500.00, 'paid', 'January', '2026', 'online', '2026-02-02', '', NULL, '2026-02-06 13:09:17', '2026-02-06 13:21:46'),
(114, 61, 2500.00, 0.00, 0.00, 0, '0', 2500.00, 'paid', 'February', '2026', 'online', '2026-03-05', '', NULL, '2026-03-05 11:05:05', '2026-03-05 11:35:01'),
(115, 62, 2500.00, 0.00, 0.00, 0, '0', 2500.00, 'paid', 'September', '2025', 'online', '2025-10-01', '', NULL, '2025-10-22 13:07:11', '2025-10-22 13:17:50'),
(116, 62, 2500.00, 0.00, 0.00, 0, '0', 2500.00, 'paid', 'October', '2025', 'online', '2025-11-04', '', NULL, '2025-11-11 15:24:03', '2025-11-12 13:57:04'),
(117, 62, 2500.00, 0.00, 0.00, 0, '0', 2500.00, 'paid', 'November', '2025', 'online', '2025-12-01', '', NULL, '2025-12-08 11:04:44', '2025-12-08 11:16:12'),
(118, 62, 2500.00, 0.00, 0.00, 0, '0', 2500.00, 'paid', 'December', '2026', 'online', '2026-01-01', '', NULL, '2026-01-09 10:33:17', '2026-01-09 11:05:57'),
(119, 62, 2500.00, 0.00, 0.00, 0, '0', 2500.00, 'paid', 'January', '2026', 'online', '2026-02-02', '', NULL, '2026-02-06 13:09:23', '2026-02-06 13:23:00'),
(120, 62, 2500.00, 0.00, 0.00, 0, '0', 2500.00, 'paid', 'February', '2026', 'online', '2026-03-05', '', NULL, '2026-03-05 11:05:23', '2026-03-05 11:35:08'),
(121, 63, 2500.00, 0.00, 0.00, 0, '0', 2500.00, 'paid', 'September', '2025', 'cash', '2025-10-01', '', NULL, '2025-10-22 13:07:19', '2025-10-22 13:17:59'),
(122, 63, 2500.00, 0.00, 0.00, 0, '0', 2500.00, 'paid', 'October', '2025', 'cash', '2025-11-04', '', NULL, '2025-11-11 15:24:11', '2025-11-12 13:57:12'),
(123, 63, 2500.00, 0.00, 0.00, 0, '0', 2500.00, 'paid', 'November', '2025', 'online', '2025-12-01', '', NULL, '2025-12-08 11:05:03', '2025-12-08 11:16:21'),
(124, 63, 2500.00, 0.00, 0.00, 0, '0', 2500.00, 'paid', 'December', '2026', 'online', '2026-01-01', '', NULL, '2026-01-09 10:33:24', '2026-01-09 11:06:04'),
(125, 63, 2500.00, 0.00, 0.00, 0, '0', 2500.00, 'paid', 'January', '2026', 'online', '2026-02-02', '', NULL, '2026-02-06 13:09:29', '2026-02-06 13:23:15'),
(126, 63, 2500.00, 0.00, 0.00, 0, '0', 2500.00, 'paid', 'February', '2026', 'online', '2026-03-05', '', NULL, '2026-03-05 11:05:38', '2026-03-05 11:35:14'),
(127, 64, 3000.00, 0.00, 0.00, 0, '0', 3000.00, 'paid', 'September', '2025', 'online', '2025-10-01', '', NULL, '2025-10-22 13:07:35', '2025-10-22 13:18:08'),
(128, 64, 3000.00, 0.00, 0.00, 0, '0', 3000.00, 'paid', 'October', '2025', 'online', '2025-11-04', '', NULL, '2025-11-11 15:24:21', '2025-11-12 13:57:21'),
(129, 64, 3000.00, 0.00, 0.00, 0, '0', 3000.00, 'paid', 'November', '2025', 'online', '2025-12-01', '', NULL, '2025-12-08 11:05:26', '2025-12-08 11:16:33'),
(130, 64, 3000.00, 0.00, 0.00, 0, '0', 3000.00, 'paid', 'December', '2026', 'online', '2026-01-01', '', NULL, '2026-01-09 10:33:31', '2026-01-09 11:06:20'),
(131, 64, 3000.00, 0.00, 0.00, 0, '0', 3000.00, 'paid', 'January', '2026', 'online', '2026-02-02', '', NULL, '2026-02-06 13:09:35', '2026-02-06 13:23:56'),
(132, 64, 3000.00, 0.00, 0.00, 0, '0', 3000.00, 'paid', 'February', '2026', 'online', '2026-03-05', '', NULL, '2026-03-05 11:05:51', '2026-03-05 11:35:23'),
(133, 65, 2500.00, 0.00, 0.00, 0, '0', 2500.00, 'paid', 'September', '2025', 'online', '2025-10-01', '', NULL, '2025-10-22 13:07:45', '2025-10-22 13:18:17'),
(134, 65, 2500.00, 0.00, 0.00, 0, '0', 2500.00, 'paid', 'October', '2025', 'online', '2025-11-04', '', NULL, '2025-11-11 15:24:31', '2025-11-12 13:57:31'),
(135, 65, 2500.00, 0.00, 0.00, 0, '0', 2500.00, 'paid', 'November', '2025', 'online', '2025-12-01', '', NULL, '2025-12-08 11:05:33', '2025-12-08 11:16:43'),
(136, 65, 2500.00, 0.00, 0.00, 0, '0', 2500.00, 'paid', 'December', '2026', 'cash', '2026-01-01', '', NULL, '2026-01-09 10:33:38', '2026-01-09 11:06:38'),
(137, 65, 2500.00, 0.00, 0.00, 0, '0', 2500.00, 'paid', 'January', '2026', 'online', '2026-02-02', '', NULL, '2026-02-06 13:09:41', '2026-02-06 13:24:10'),
(138, 65, 2500.00, 0.00, 0.00, 0, '0', 2500.00, 'paid', 'February', '2026', 'online', '2026-03-05', '', NULL, '2026-03-05 11:06:05', '2026-03-05 11:35:28'),
(139, 66, 2000.00, 0.00, 0.00, 0, '0', 2000.00, 'paid', 'September', '2025', 'cash', '2025-10-01', '', NULL, '2025-10-22 13:07:53', '2025-10-22 13:18:25'),
(140, 66, 2000.00, 0.00, 0.00, 0, '0', 2000.00, 'paid', 'October', '2025', 'cash', '2025-11-04', '', NULL, '2025-11-11 15:24:40', '2025-11-12 13:57:39'),
(141, 66, 2000.00, 0.00, 0.00, 0, '0', 2000.00, 'paid', 'November', '2025', 'cash', '2025-12-01', '', NULL, '2025-12-08 11:05:51', '2025-12-08 11:16:50'),
(142, 66, 2000.00, 0.00, 0.00, 0, '0', 2000.00, 'paid', 'December', '2026', 'cash', '2026-01-01', '', NULL, '2026-01-09 10:33:45', '2026-01-09 11:06:47'),
(143, 66, 2000.00, 0.00, 0.00, 0, '0', 2000.00, 'paid', 'January', '2026', 'cash', '2026-02-02', '', NULL, '2026-02-06 13:09:47', '2026-02-06 13:24:49'),
(144, 66, 2000.00, 0.00, 0.00, 0, '0', 2000.00, 'paid', 'February', '2026', 'cash', '2026-03-05', '', NULL, '2026-03-05 11:06:18', '2026-03-05 11:35:34'),
(145, 67, 3750.00, 0.00, 0.00, 0, '0', 3750.00, 'paid', 'September', '2025', 'cash', '2025-10-01', '', NULL, '2025-10-22 13:08:02', '2025-10-22 13:18:35'),
(146, 67, 3750.00, 0.00, 0.00, 0, '0', 3750.00, 'paid', 'October', '2025', 'cash', '2025-11-04', '', NULL, '2025-11-11 15:24:48', '2025-11-12 13:57:49'),
(147, 67, 3750.00, 0.00, 0.00, 0, '0', 3750.00, 'paid', 'November', '2025', 'cash', '2025-12-01', '', NULL, '2025-12-08 11:05:59', '2025-12-08 11:16:58'),
(148, 67, 3750.00, 0.00, 0.00, 0, '0', 3750.00, 'paid', 'December', '2026', 'cash', '2026-01-01', '', NULL, '2026-01-09 10:33:52', '2026-01-09 11:06:55'),
(149, 67, 3750.00, 0.00, 0.00, 0, '0', 3750.00, 'paid', 'January', '2026', 'cash', '2026-02-02', '', NULL, '2026-02-06 13:09:53', '2026-02-06 13:24:56'),
(150, 67, 3750.00, 0.00, 0.00, 0, '0', 3750.00, 'paid', 'February', '2026', 'cash', '2026-03-05', '', NULL, '2026-03-05 11:06:30', '2026-03-05 11:35:40'),
(151, 68, 3000.00, 0.00, 0.00, 0, '0', 3000.00, 'paid', 'September', '2025', 'online', '2025-10-01', '', NULL, '2025-10-22 13:08:29', '2025-10-22 13:18:45'),
(152, 68, 3000.00, 0.00, 0.00, 0, '0', 3000.00, 'paid', 'October', '2025', 'online', '2025-11-04', '', NULL, '2025-11-11 15:25:01', '2025-11-12 13:57:57'),
(153, 68, 3000.00, 0.00, 0.00, 0, '0', 3000.00, 'paid', 'November', '2025', 'online', '2025-12-01', '', NULL, '2025-12-08 11:06:06', '2025-12-08 11:17:11'),
(154, 68, 3000.00, 0.00, 0.00, 0, '0', 3000.00, 'paid', 'December', '2026', 'online', '2026-01-01', '', NULL, '2026-01-09 10:33:58', '2026-01-09 11:07:19'),
(155, 68, 3000.00, 0.00, 0.00, 0, '0', 3000.00, 'paid', 'January', '2026', 'online', '2026-02-02', '', NULL, '2026-02-06 13:09:58', '2026-02-06 13:25:06'),
(156, 68, 3000.00, 0.00, 0.00, 0, '0', 3000.00, 'paid', 'February', '2026', 'online', '2026-03-05', '', NULL, '2026-03-05 11:06:42', '2026-03-05 11:35:45'),
(157, 69, 3000.00, 0.00, 1500.00, 0, '0', 1500.00, 'paid', 'September', '2025', 'cash', '2025-10-01', '15j', NULL, '2025-10-22 13:19:47', '2025-10-22 13:20:07'),
(158, 69, 3000.00, 0.00, 0.00, 0, '0', 3000.00, 'paid', 'October', '2025', 'online', '2025-11-04', '', NULL, '2025-11-11 15:25:09', '2025-11-12 13:58:06'),
(159, 69, 3000.00, 0.00, 0.00, 0, '0', 3000.00, 'paid', 'November', '2025', 'online', '2025-12-01', '', NULL, '2025-12-08 11:06:14', '2025-12-08 11:17:24'),
(160, 69, 3000.00, 0.00, 0.00, 0, '0', 3000.00, 'paid', 'December', '2026', 'online', '2026-01-01', '', NULL, '2026-01-09 10:55:54', '2026-01-09 11:07:30'),
(161, 69, 3000.00, 0.00, 0.00, 0, '0', 3000.00, 'paid', 'January', '2026', 'online', '2026-02-02', '', NULL, '2026-02-06 13:10:05', '2026-02-06 13:25:35'),
(162, 69, 3000.00, 0.00, 0.00, 0, '0', 3000.00, 'paid', 'February', '2026', 'online', '2026-03-05', '', NULL, '2026-03-05 11:06:56', '2026-03-05 11:35:52'),
(163, 70, 3000.00, 0.00, 0.00, 0, '0', 3000.00, 'paid', 'September', '2025', 'online', '2025-10-01', '', NULL, '2025-10-22 13:08:56', '2025-10-22 13:20:28'),
(164, 70, 3000.00, 0.00, 0.00, 0, '0', 3000.00, 'paid', 'October', '2025', 'online', '2025-11-04', '', NULL, '2025-11-11 15:25:15', '2025-11-12 13:58:14'),
(165, 70, 3000.00, 0.00, 0.00, 0, '0', 3000.00, 'paid', 'November', '2025', 'online', '2025-12-01', '', NULL, '2025-12-08 11:06:28', '2025-12-08 11:17:37'),
(166, 70, 3000.00, 0.00, 0.00, 0, '0', 3000.00, 'paid', 'December', '2026', 'online', '2026-01-01', '', NULL, '2026-01-09 10:56:02', '2026-01-09 11:07:38'),
(167, 70, 3000.00, 0.00, 0.00, 0, '0', 3000.00, 'paid', 'January', '2026', 'online', '2026-02-02', '', NULL, '2026-02-06 13:10:11', '2026-02-06 13:26:14'),
(168, 70, 3000.00, 0.00, 0.00, 0, '0', 3000.00, 'paid', 'February', '2026', 'online', '2026-03-05', '', NULL, '2026-03-05 11:07:06', '2026-03-05 11:35:57'),
(169, 71, 2000.00, 0.00, 0.00, 0, '0', 2000.00, 'paid', 'September', '2025', 'cash', '2025-10-01', '', NULL, '2025-10-22 13:09:08', '2025-10-22 13:21:16'),
(170, 71, 2000.00, 0.00, 0.00, 0, '0', 2000.00, 'paid', 'October', '2025', 'cash', '2025-11-04', '', NULL, '2025-11-11 15:25:41', '2025-11-12 13:58:23'),
(171, 71, 2000.00, 0.00, 0.00, 0, '0', 2000.00, 'paid', 'November', '2025', 'cash', '2025-12-01', '', NULL, '2025-12-08 11:06:37', '2025-12-08 11:18:03'),
(172, 71, 2000.00, 0.00, 0.00, 0, '0', 2000.00, 'paid', 'December', '2026', 'cash', '2026-01-01', '', NULL, '2026-01-09 10:56:11', '2026-01-09 11:07:53'),
(173, 71, 2000.00, 0.00, 0.00, 0, '0', 2000.00, 'paid', 'January', '2026', 'cash', '2026-02-02', '', NULL, '2026-02-06 13:10:16', '2026-02-06 13:26:27'),
(174, 71, 2000.00, 0.00, 0.00, 0, '0', 2000.00, 'paid', 'February', '2026', 'cash', '2026-03-05', '', NULL, '2026-03-05 11:07:16', '2026-03-05 11:36:03'),
(175, 72, 2000.00, 0.00, 0.00, 0, '0', 2000.00, 'paid', 'September', '2025', 'cash', '2025-10-01', '', NULL, '2025-10-22 13:09:17', '2025-10-22 13:21:36'),
(176, 72, 2000.00, 0.00, 0.00, 0, '0', 2000.00, 'paid', 'October', '2025', 'cash', '2025-11-04', '', NULL, '2025-11-11 15:29:16', '2025-11-12 13:58:31'),
(177, 72, 2000.00, 0.00, 0.00, 0, '0', 2000.00, 'paid', 'November', '2025', 'online', '2025-12-01', '', NULL, '2025-12-08 11:06:47', '2025-12-08 11:18:15'),
(178, 72, 2000.00, 0.00, 0.00, 0, '0', 2000.00, 'paid', 'December', '2026', 'online', '2026-01-01', '', NULL, '2026-01-09 10:56:19', '2026-01-09 11:08:03'),
(179, 72, 2000.00, 0.00, 0.00, 0, '0', 2000.00, 'paid', 'January', '2026', 'online', '2026-02-02', '', NULL, '2026-02-06 13:10:22', '2026-02-06 13:27:04'),
(180, 72, 2000.00, 0.00, 0.00, 0, '0', 2000.00, 'paid', 'February', '2026', 'online', '2026-03-05', '', NULL, '2026-03-05 11:07:29', '2026-03-05 11:36:22'),
(181, 73, 2000.00, 0.00, 0.00, 0, '0', 2000.00, 'paid', 'September', '2025', 'cash', '2025-10-01', '', NULL, '2025-10-22 13:09:35', '2025-10-22 13:22:14'),
(182, 73, 2000.00, 0.00, 0.00, 0, '0', 2000.00, 'paid', 'October', '2025', 'cash', '2025-11-04', '', NULL, '2025-11-11 15:29:23', '2025-11-12 13:58:42'),
(183, 73, 2000.00, 0.00, 0.00, 0, '0', 2000.00, 'paid', 'November', '2025', 'online', '2025-12-01', '', NULL, '2025-12-08 11:06:55', '2025-12-08 11:18:29'),
(184, 73, 2000.00, 0.00, 0.00, 0, '0', 2000.00, 'paid', 'December', '2026', 'online', '2026-01-01', '', NULL, '2026-01-09 10:56:26', '2026-01-09 11:08:17'),
(185, 73, 2000.00, 0.00, 0.00, 0, '0', 2000.00, 'paid', 'January', '2026', 'online', '2026-02-02', '', NULL, '2026-02-06 13:10:28', '2026-02-06 13:27:12'),
(186, 73, 2000.00, 0.00, 0.00, 0, '0', 2000.00, 'paid', 'February', '2026', 'online', '2026-03-05', '', NULL, '2026-03-05 11:07:38', '2026-03-05 11:36:30'),
(187, 74, 3000.00, 0.00, 0.00, 0, '0', 3000.00, 'paid', 'September', '2025', 'cash', '2025-10-01', '', NULL, '2025-10-22 13:09:55', '2025-10-22 13:22:43'),
(188, 74, 3000.00, 0.00, 0.00, 0, '0', 3000.00, 'paid', 'October', '2025', 'cash', '2025-11-04', '', NULL, '2025-11-11 15:29:36', '2025-11-20 10:19:29'),
(189, 74, 3000.00, 0.00, 0.00, 0, '0', 3000.00, 'paid', 'November', '2025', 'cash', '2025-12-01', '', NULL, '2025-12-08 11:07:07', '2025-12-08 11:18:44'),
(190, 74, 3000.00, 0.00, 0.00, 0, '0', 3000.00, 'paid', 'December', '2026', 'cash', '2026-01-01', '', NULL, '2026-01-09 10:56:43', '2026-01-09 11:08:26'),
(191, 74, 3000.00, 0.00, 0.00, 0, '0', 3000.00, 'paid', 'January', '2026', 'cash', '2026-02-02', '', NULL, '2026-02-06 13:10:35', '2026-02-06 13:27:20'),
(192, 74, 3000.00, 0.00, 0.00, 0, '0', 3000.00, 'paid', 'February', '2026', 'cash', '2026-03-05', '', NULL, '2026-03-05 11:07:49', '2026-03-05 11:36:36'),
(193, 75, 2500.00, 0.00, 0.00, 0, '0', 2500.00, 'paid', 'September', '2025', 'cash', '2025-10-01', '', NULL, '2025-10-22 13:10:05', '2025-10-22 13:22:54'),
(194, 75, 2500.00, 0.00, 0.00, 0, '0', 2500.00, 'paid', 'October', '2025', 'cash', '2025-11-04', '', NULL, '2025-11-11 15:29:43', '2025-11-12 13:59:00'),
(195, 75, 2500.00, 0.00, 0.00, 0, '0', 2500.00, 'paid', 'November', '2025', 'cash', '2025-12-01', '', NULL, '2025-12-08 11:07:16', '2025-12-08 11:18:57'),
(196, 75, 2500.00, 0.00, 113.00, 0, '0', 2387.00, 'paid', 'December', '2026', 'cash', '2026-01-01', '', NULL, '2026-01-09 11:08:54', '2026-01-09 11:09:05'),
(197, 75, 2500.00, 0.00, 0.00, 0, '0', 2500.00, 'paid', 'January', '2026', 'online', '2026-02-02', '', NULL, '2026-02-06 13:10:41', '2026-02-06 13:27:29'),
(198, 75, 2500.00, 0.00, 0.00, 0, '0', 2500.00, 'paid', 'February', '2026', 'online', '2026-03-05', '', NULL, '2026-03-05 11:07:57', '2026-03-05 11:36:41'),
(199, 76, 5580.00, 0.00, 0.00, 0, '0', 5580.00, 'paid', 'November', '2025', 'online', '2025-12-01', '', NULL, '2025-12-08 11:19:03', '2025-12-08 11:19:14'),
(200, 76, 5580.00, 0.00, 0.00, 0, '0', 5580.00, 'paid', 'December', '2026', 'online', '2026-01-01', '', NULL, '2026-01-09 10:57:12', '2026-01-09 11:09:15'),
(201, 76, 5580.00, 0.00, 0.00, 0, '0', 5580.00, 'paid', 'January', '2026', 'online', '2026-02-02', '', NULL, '2026-02-06 13:10:48', '2026-02-06 13:27:38'),
(202, 76, 5580.00, 0.00, 0.00, 0, '0', 5580.00, 'paid', 'February', '2026', 'online', '2026-03-05', '', NULL, '2026-03-05 11:08:12', '2026-03-05 11:36:47'),
(203, 78, 3000.00, 0.00, 0.00, 0, '0', 3000.00, 'paid', 'September', '2025', 'cash', '2025-10-02', '', NULL, '2025-11-12 12:37:59', '2025-11-12 12:39:22'),
(204, 78, 3000.00, 0.00, 0.00, 0, '0', 3000.00, 'paid', 'October', '2025', 'cash', '2025-11-04', '', NULL, '2025-11-12 12:39:55', '2025-11-12 13:59:11'),
(205, 78, 3000.00, 0.00, 0.00, 0, '0', 3000.00, 'paid', 'November', '2025', 'cash', '2025-12-01', '', NULL, '2025-12-08 11:08:44', '2025-12-08 11:19:28'),
(206, 78, 3000.00, 0.00, 0.00, 0, '0', 3000.00, 'paid', 'December', '2026', 'cash', '2026-01-01', '', NULL, '2026-01-09 10:57:21', '2026-01-09 11:09:51'),
(207, 78, 3000.00, 0.00, 0.00, 0, '0', 3000.00, 'paid', 'January', '2026', 'cash', '2026-02-02', '', NULL, '2026-02-06 13:10:55', '2026-02-06 13:27:46'),
(208, 78, 3000.00, 0.00, 500.00, 0, '0', 2500.00, 'paid', 'February', '2026', 'cash', '2026-03-05', '', NULL, '2026-03-05 11:08:36', '2026-03-05 11:36:53'),
(209, 79, 3000.00, 0.00, 1500.00, 0, '0', 1500.00, 'paid', 'September', '2025', 'cash', '2025-09-30', '', NULL, '2025-11-12 12:38:27', '2025-12-08 11:09:14'),
(210, 79, 3000.00, 0.00, 0.00, 0, '0', 3000.00, 'paid', 'October', '2025', 'cash', '2025-11-04', '', NULL, '2025-11-12 12:40:04', '2025-11-12 14:01:48'),
(211, 79, 3000.00, 0.00, 0.00, 0, '0', 3000.00, 'paid', 'November', '2025', 'cash', '2025-12-01', '', NULL, '2025-12-08 11:08:54', '2025-12-08 11:19:37'),
(212, 79, 3000.00, 0.00, 0.00, 0, '0', 3000.00, 'paid', 'December', '2026', 'cash', '2026-01-01', '', NULL, '2026-01-09 10:57:39', '2026-01-09 11:10:02'),
(213, 79, 3000.00, 0.00, 0.00, 0, '0', 3000.00, 'paid', 'January', '2026', 'cash', '2026-02-02', '', NULL, '2026-02-06 13:11:03', '2026-02-06 13:27:55'),
(214, 79, 3000.00, 0.00, 0.00, 0, '0', 3000.00, 'paid', 'February', '2026', 'cash', '2026-03-05', '', NULL, '2026-03-05 11:08:44', '2026-03-05 11:37:02'),
(215, 80, 1500.00, 0.00, 0.00, 0, '0', 1500.00, 'paid', 'September', '2025', 'cash', '2025-10-02', '', NULL, '2025-11-12 12:38:55', '2025-11-12 12:39:43'),
(216, 80, 1500.00, 0.00, 0.00, 0, '0', 1500.00, 'paid', 'October', '2025', 'cash', '2025-11-04', '', NULL, '2025-11-12 12:40:11', '2025-11-12 14:01:57'),
(217, 80, 1500.00, 0.00, 0.00, 0, '0', 1500.00, 'paid', 'November', '2025', 'cash', '2025-12-01', '', NULL, '2025-12-08 11:09:24', '2025-12-08 11:19:51'),
(218, 80, 1500.00, 0.00, 0.00, 0, '0', 1500.00, 'paid', 'December', '2026', 'cash', '2026-01-01', '', NULL, '2026-01-09 10:57:45', '2026-01-09 11:10:09'),
(219, 80, 1500.00, 0.00, 0.00, 0, '0', 1500.00, 'paid', 'January', '2026', 'cash', '2026-02-02', '', NULL, '2026-02-06 13:11:11', '2026-02-06 13:28:03'),
(220, 80, 1500.00, 0.00, 0.00, 0, '0', 1500.00, 'paid', 'February', '2026', 'cash', '2026-03-05', '', NULL, '2026-03-05 11:08:53', '2026-03-05 11:37:09');

-- --------------------------------------------------------

--
-- Structure de la table `staff_rating`
--

CREATE TABLE `staff_rating` (
  `id` int(11) NOT NULL,
  `staff_id` int(11) NOT NULL,
  `comment` text NOT NULL,
  `rate` int(11) NOT NULL,
  `user_id` int(11) NOT NULL,
  `role` varchar(255) NOT NULL,
  `status` int(11) NOT NULL COMMENT '0 decline, 1 Approve',
  `entrydt` timestamp NOT NULL DEFAULT current_timestamp(),
  `created_at` timestamp NOT NULL DEFAULT current_timestamp(),
  `updated_at` timestamp NOT NULL DEFAULT current_timestamp() ON UPDATE current_timestamp()
) ENGINE=InnoDB DEFAULT CHARSET=utf8mb3 COLLATE=utf8mb3_uca1400_ai_ci;

-- --------------------------------------------------------

--
-- Structure de la table `staff_roles`
--

CREATE TABLE `staff_roles` (
  `id` int(11) NOT NULL,
  `role_id` int(11) DEFAULT NULL,
  `staff_id` int(11) DEFAULT NULL,
  `is_active` int(11) DEFAULT 0,
  `created_at` timestamp NOT NULL DEFAULT current_timestamp(),
  `updated_at` timestamp NOT NULL DEFAULT current_timestamp() ON UPDATE current_timestamp()
) ENGINE=InnoDB DEFAULT CHARSET=utf8mb3 COLLATE=utf8mb3_uca1400_ai_ci;

--
-- Déchargement des données de la table `staff_roles`
--

INSERT INTO `staff_roles` (`id`, `role_id`, `staff_id`, `is_active`, `created_at`, `updated_at`) VALUES
(1, 7, 1, 0, '2026-04-29 12:30:03', '2026-04-29 12:30:03'),
(2, 7, 2, 0, '2025-09-15 01:11:39', '2025-09-15 01:11:39'),
(3, 6, 3, 0, '2025-09-15 01:22:25', '2025-09-15 01:22:25'),
(4, 3, 4, 0, '2025-10-06 12:12:41', '2025-10-06 12:12:41'),
(5, 2, 5, 0, '2025-10-16 09:43:41', '2025-10-16 09:43:41'),
(6, 2, 46, 0, '2025-10-16 19:22:13', '2025-10-16 19:22:13'),
(7, 2, 47, 0, '2025-10-16 19:28:20', '2025-10-16 19:28:20'),
(8, 2, 48, 0, '2025-10-16 19:30:31', '2025-10-16 19:30:31'),
(9, 2, 49, 0, '2025-10-16 19:32:29', '2025-10-16 19:32:29'),
(10, 2, 50, 0, '2025-10-16 19:33:58', '2025-10-16 19:33:58'),
(11, 2, 51, 0, '2025-10-16 19:41:15', '2025-10-16 19:41:15'),
(12, 2, 52, 0, '2025-10-16 19:44:24', '2025-10-16 19:44:24'),
(13, 2, 53, 0, '2025-10-16 19:47:51', '2025-10-16 19:47:51'),
(14, 2, 54, 0, '2025-10-16 19:48:43', '2025-10-16 19:48:43'),
(15, 2, 55, 0, '2025-10-16 19:49:35', '2025-10-16 19:49:35'),
(16, 2, 56, 0, '2025-10-16 19:50:38', '2025-10-16 19:50:38'),
(17, 2, 57, 0, '2025-10-17 10:59:19', '2025-10-17 10:59:19'),
(18, 2, 58, 0, '2025-10-17 11:01:18', '2025-10-17 11:01:18'),
(19, 2, 59, 0, '2025-10-17 11:01:54', '2025-10-17 11:01:54'),
(20, 2, 60, 0, '2025-10-17 11:03:35', '2025-10-17 11:03:35'),
(21, 2, 61, 0, '2025-10-17 11:05:26', '2025-10-17 11:05:26'),
(22, 2, 62, 0, '2025-10-17 11:06:12', '2025-10-17 11:06:12'),
(23, 2, 63, 0, '2025-10-17 11:07:23', '2025-10-17 11:07:23'),
(24, 2, 64, 0, '2025-10-17 11:08:07', '2025-10-17 11:08:07'),
(25, 2, 65, 0, '2025-10-17 11:08:56', '2025-10-17 11:08:56'),
(26, 2, 66, 0, '2025-10-22 12:45:28', '2025-10-22 12:45:28'),
(27, 2, 67, 0, '2025-10-22 12:46:33', '2025-10-22 12:46:33'),
(28, 2, 68, 0, '2025-10-22 12:47:34', '2025-10-22 12:47:34'),
(29, 2, 69, 0, '2025-10-22 12:48:22', '2025-10-22 12:48:22'),
(30, 2, 70, 0, '2025-10-22 12:49:28', '2025-10-22 12:49:28'),
(31, 2, 71, 0, '2025-10-22 12:50:06', '2025-10-22 12:50:06'),
(32, 2, 72, 0, '2025-10-22 12:50:43', '2025-10-22 12:50:43'),
(33, 2, 73, 0, '2025-10-22 12:51:23', '2025-10-22 12:51:23'),
(34, 2, 74, 0, '2025-10-22 12:52:03', '2025-10-22 12:52:03'),
(35, 2, 75, 0, '2025-10-22 12:53:05', '2025-10-22 12:53:05'),
(36, 8, 76, 0, '2025-10-28 09:23:55', '2026-05-03 20:07:35'),
(37, 2, 78, 0, '2025-11-12 12:34:06', '2025-11-12 12:34:06'),
(38, 2, 79, 0, '2025-11-12 12:36:19', '2025-11-12 12:36:19'),
(39, 2, 80, 0, '2025-11-12 12:37:41', '2025-11-12 12:37:41');

-- --------------------------------------------------------

--
-- Structure de la table `staff_timeline`
--

CREATE TABLE `staff_timeline` (
  `id` int(11) NOT NULL,
  `staff_id` int(11) NOT NULL,
  `title` varchar(200) NOT NULL,
  `timeline_date` date NOT NULL,
  `description` varchar(300) NOT NULL,
  `document` text CHARACTER SET utf8mb3 COLLATE utf8mb3_general_ci NOT NULL,
  `status` varchar(200) NOT NULL,
  `date` date NOT NULL,
  `created_at` timestamp NOT NULL DEFAULT current_timestamp(),
  `updated_at` timestamp NOT NULL DEFAULT current_timestamp() ON UPDATE current_timestamp()
) ENGINE=InnoDB DEFAULT CHARSET=utf8mb3 COLLATE=utf8mb3_uca1400_ai_ci;

-- --------------------------------------------------------

--
-- Structure de la table `students`
--

CREATE TABLE `students` (
  `id` int(11) NOT NULL,
  `parent_id` int(11) NOT NULL,
  `admission_no` varchar(100) DEFAULT NULL,
  `roll_no` varchar(100) DEFAULT NULL,
  `admission_date` date DEFAULT NULL,
  `firstname` varchar(100) DEFAULT NULL,
  `middlename` varchar(255) DEFAULT NULL,
  `lastname` varchar(100) DEFAULT NULL,
  `rte` varchar(20) DEFAULT NULL,
  `image` text CHARACTER SET utf8mb3 COLLATE utf8mb3_general_ci DEFAULT NULL,
  `mobileno` varchar(100) DEFAULT NULL,
  `email` varchar(100) DEFAULT NULL,
  `state` varchar(100) DEFAULT NULL,
  `city` varchar(100) DEFAULT NULL,
  `pincode` varchar(100) DEFAULT NULL,
  `religion` varchar(100) DEFAULT NULL,
  `cast` varchar(50) DEFAULT NULL,
  `dob` date DEFAULT NULL,
  `gender` varchar(100) DEFAULT NULL,
  `current_address` text DEFAULT NULL,
  `permanent_address` text DEFAULT NULL,
  `category_id` varchar(100) DEFAULT NULL,
  `school_house_id` int(11) DEFAULT NULL,
  `blood_group` varchar(200) NOT NULL,
  `hostel_room_id` int(11) DEFAULT NULL,
  `adhar_no` varchar(100) DEFAULT NULL,
  `samagra_id` varchar(100) DEFAULT NULL,
  `bank_account_no` varchar(100) DEFAULT NULL,
  `bank_name` varchar(100) DEFAULT NULL,
  `ifsc_code` varchar(100) DEFAULT NULL,
  `guardian_is` varchar(100) NOT NULL,
  `father_name` varchar(100) DEFAULT NULL,
  `father_phone` varchar(100) DEFAULT NULL,
  `father_occupation` varchar(100) DEFAULT NULL,
  `mother_name` varchar(100) DEFAULT NULL,
  `mother_phone` varchar(100) DEFAULT NULL,
  `mother_occupation` varchar(100) DEFAULT NULL,
  `guardian_name` varchar(100) DEFAULT NULL,
  `guardian_relation` varchar(100) DEFAULT NULL,
  `guardian_phone` varchar(100) DEFAULT NULL,
  `guardian_occupation` varchar(150) NOT NULL,
  `guardian_address` text DEFAULT NULL,
  `guardian_email` varchar(100) DEFAULT NULL,
  `father_pic` text CHARACTER SET utf8mb3 COLLATE utf8mb3_general_ci NOT NULL,
  `mother_pic` text CHARACTER SET utf8mb3 COLLATE utf8mb3_general_ci NOT NULL,
  `guardian_pic` text CHARACTER SET utf8mb3 COLLATE utf8mb3_general_ci NOT NULL,
  `is_active` varchar(255) DEFAULT 'yes',
  `previous_school` text DEFAULT NULL,
  `height` varchar(100) NOT NULL,
  `weight` varchar(100) NOT NULL,
  `measurement_date` date DEFAULT NULL,
  `dis_reason` int(11) NOT NULL,
  `note` varchar(200) DEFAULT NULL,
  `dis_note` text NOT NULL,
  `about` text CHARACTER SET utf8mb3 COLLATE utf8mb3_general_ci DEFAULT NULL,
  `designation` varchar(255) DEFAULT NULL,
  `app_key` text DEFAULT NULL,
  `parent_app_key` text DEFAULT NULL,
  `created_by` int(11) DEFAULT NULL,
  `disable_at` date DEFAULT NULL,
  `created_at` timestamp NOT NULL DEFAULT current_timestamp(),
  `updated_at` timestamp NOT NULL DEFAULT current_timestamp() ON UPDATE current_timestamp()
) ENGINE=InnoDB DEFAULT CHARSET=utf8mb3 COLLATE=utf8mb3_uca1400_ai_ci;

--
-- Déchargement des données de la table `students`
--

INSERT INTO `students` (`id`, `parent_id`, `admission_no`, `roll_no`, `admission_date`, `firstname`, `middlename`, `lastname`, `rte`, `image`, `mobileno`, `email`, `state`, `city`, `pincode`, `religion`, `cast`, `dob`, `gender`, `current_address`, `permanent_address`, `category_id`, `school_house_id`, `blood_group`, `hostel_room_id`, `adhar_no`, `samagra_id`, `bank_account_no`, `bank_name`, `ifsc_code`, `guardian_is`, `father_name`, `father_phone`, `father_occupation`, `mother_name`, `mother_phone`, `mother_occupation`, `guardian_name`, `guardian_relation`, `guardian_phone`, `guardian_occupation`, `guardian_address`, `guardian_email`, `father_pic`, `mother_pic`, `guardian_pic`, `is_active`, `previous_school`, `height`, `weight`, `measurement_date`, `dis_reason`, `note`, `dis_note`, `about`, `designation`, `app_key`, `parent_app_key`, `created_by`, `disable_at`, `created_at`, `updated_at`) VALUES
(1, 139, '19158', '360', '2025-08-29', 'HIDAYA', 'NULL', 'FRIRAH', NULL, NULL, '', '', NULL, NULL, NULL, '', NULL, '2020-03-24', 'Female', 'Tetouan', 'Tetouan', '1', 0, '', 0, '', '', '', '', '', 'father', 'AZIZ', '611209544', '', 'IBTISSAM', '648710705', '', 'AZIZ', 'Père', '611209544', '', '', '', '', '', '', 'yes', '', '', '', '0000-00-00', 0, '', '', NULL, NULL, NULL, NULL, 1, NULL, '2026-05-01 11:03:34', '2026-05-02 20:21:40'),
(2, 113, '19166', '368', '2025-09-01', 'AROUA', 'NULL', 'AYAAD', NULL, NULL, '', '', NULL, NULL, NULL, '', NULL, '2020-03-27', 'Female', 'Tetouan', 'Tetouan', '', 0, '', 0, '', NULL, '', '', '', 'father', 'REDOUANE', '664686155', '', '', '', '', 'REDOUANE', 'Père', '664686155', '', '', '', '', '', '', 'yes', '', '', '', '0000-00-00', 0, '', '', NULL, NULL, NULL, NULL, 3, NULL, '2026-05-01 11:03:34', '2026-05-02 01:24:39'),
(3, 117, '19174', '376', '2025-09-02', 'MOHAMED YASSER', 'NULL', 'BODKO', NULL, NULL, '', '', NULL, NULL, NULL, '', NULL, '2019-06-19', 'Male', 'Tetouan', 'Tetouan', '', 0, '', 0, '', NULL, '', '', '', 'father', 'MOHAMED', '', '', '', '', '', 'MOHAMED', 'Père', '667064134', '', '', '', '', '', '', 'yes', '', '', '', '0000-00-00', 0, '', '', NULL, NULL, NULL, NULL, 1, NULL, '2026-05-01 11:03:34', '2026-05-02 01:24:39'),
(4, 143, '19178', '380', '2025-09-02', 'IYAD', 'NULL', 'HAMDOUN', NULL, NULL, '', '', NULL, NULL, NULL, '', NULL, '2019-08-11', 'Male', 'Tetouan', 'Tetouan', '', 0, '', 0, '', NULL, '', '', '', 'father', 'TAOUFIQ', '671878311', '', 'ASMAE', '678172144', '', 'TAOUFIQ', 'Père', '671878311', '', '', '', '', '', '', 'yes', '', '', '', '0000-00-00', 0, '', '', NULL, NULL, NULL, NULL, 1, NULL, '2026-05-01 11:03:34', '2026-05-02 01:24:39'),
(5, 121, '19184', '386', '2025-09-02', 'SOULAIMANE', 'NULL', 'AKHANDAF', NULL, NULL, '', '', NULL, NULL, NULL, '', NULL, '2019-08-28', 'Male', 'Tetouan', 'Tetouan', '', 0, '', 0, '', NULL, '', '', '', 'father', 'AZEDDINE', '631065428', '', '', '', '', 'AZEDDINE', 'Père', '631065428', '', '', '', '', '', '', 'yes', '', '', '', '0000-00-00', 0, '', '', NULL, NULL, NULL, NULL, 1, NULL, '2026-05-01 11:03:34', '2026-05-02 01:24:39'),
(6, 123, '19185', '387', '2025-09-02', 'NEAMA', 'NULL', 'AMJARSOU', NULL, NULL, '', '', NULL, NULL, NULL, '', NULL, '2019-09-24', 'Female', 'Tetouan', 'Tetouan', '', 0, '', 0, '', NULL, '', '', '', 'mother', 'HANAN', '06618075178', '', 'HANAN', '618075178', '', 'HANAN', 'Mère', '618075178', '', '', '', '', '', '', 'yes', '', '', '', '0000-00-00', 0, '', '', NULL, NULL, NULL, NULL, 3, NULL, '2026-05-01 11:03:34', '2026-05-02 01:24:39'),
(7, 126, '19189', '391', '2025-09-02', 'MOHAMED MAJD', 'NULL', 'ABCHRI', NULL, NULL, '', '', NULL, NULL, NULL, '', NULL, '2020-02-21', 'Male', 'Tetouan', 'Tetouan', '', 0, '', 0, '', NULL, '', '', '', 'father', 'MOUHSSINE', '661844416', '', '', '', '', 'MOUHSSINE', 'Père', '661844416', '', '', '', '', '', '', 'yes', '', '', '', '0000-00-00', 0, '', '', NULL, NULL, NULL, NULL, 1, NULL, '2026-05-01 11:03:34', '2026-05-02 01:24:39'),
(8, 337, '19190', '392', '2025-09-03', 'TASNIM', 'NULL', 'AKDI', NULL, NULL, '', '', NULL, NULL, NULL, '', NULL, '2019-12-27', 'Female', 'Tetouan', 'Tetouan', '', 0, '', 0, '', NULL, '', '', '', 'father', 'REDOUANE', '619171365', '', '', '', '', 'REDOUANE', 'Père', '619171365', '', '', '', '', '', '', 'yes', '', '', '', '0000-00-00', 0, '', '', NULL, NULL, NULL, NULL, 1, NULL, '2026-05-01 11:03:34', '2026-05-02 01:24:39'),
(9, 36, '19198', '400', '2025-09-03', 'YUSSUF', 'NULL', 'BELHAJ', NULL, NULL, '', '', NULL, NULL, NULL, '', NULL, '2019-06-21', 'Male', 'Tetouan', 'Tetouan', '', 0, '', 0, '', NULL, '', '', '', 'mother', 'WISSAM', '613876800', '', 'ASMA', '697106408', '', 'ASMA', 'Mère', '697106408', '', '', '', '', '', '', 'yes', '', '', '', '0000-00-00', 0, '', '', NULL, NULL, NULL, NULL, 1, NULL, '2026-05-01 11:03:34', '2026-05-02 01:24:39'),
(10, 40, '19208', '410', '2025-09-04', 'JINANE', 'NULL', 'ASLIMANI', NULL, NULL, '', '', NULL, NULL, NULL, '', NULL, '2019-04-26', 'Female', 'Tetouan', 'Tetouan', '', 0, '', 0, '', NULL, '', '', '', 'mother', 'MOHAMMED', '', '', 'SOAD', '625863732', '', 'SOAD', 'Mère', '625863732', '', '', '', '', '', '', 'yes', '', '', '', '0000-00-00', 0, '', '', NULL, NULL, NULL, NULL, 3, NULL, '2026-05-01 11:03:34', '2026-05-02 01:24:39'),
(11, 153, '19214', '416', '2025-09-08', 'TOUAYBA', 'NULL', 'CHAROING', NULL, NULL, '', '', NULL, NULL, NULL, '', NULL, '2019-07-24', 'Female', 'Tetouan', 'Tetouan', '', 0, '', 0, '', NULL, '', '', '', 'father', 'STEVE', '726600235', '', 'SAMIRA', '708255080', '', 'STEVE', 'Père', '726600235', '', '', '', '', '', '', 'yes', '', '', '', '0000-00-00', 0, '', '', NULL, NULL, NULL, NULL, 1, NULL, '2026-05-01 11:03:34', '2026-05-02 01:24:39'),
(12, 133, '19216', '418', '2025-09-08', 'MARYAM', 'NULL', 'HAMOUROU', NULL, NULL, '', '', NULL, NULL, NULL, '', NULL, '2019-12-09', 'Female', 'Tetouan', 'Tetouan', '', 0, '', 0, '', NULL, '', '', '', 'father', 'BILAL', '608622397', '', 'SOINA', '698548822', '', 'BILAL', 'Père', '608622397', '', '', '', '', '', '', 'yes', '', '', '', '0000-00-00', 0, '', '', NULL, NULL, NULL, 'f_yv7cG8TE-LQQP7J1M2bt:APA91bE_SAw0AlWcaKlmjCd0gncwBvl23f8SfrDifm3XvE9btssKSuxv7jl5sW3PJu8BvYJqIXaInlsW4FcLaTt7kUOuVxkrVMFhggsd3oZp-lPodBV_f18', 1, NULL, '2026-05-01 11:03:34', '2026-05-05 16:56:10'),
(13, 155, '19224', '426', '2025-09-08', 'HATIM', 'NULL', 'TEMSAMANI', NULL, NULL, '', '', NULL, NULL, NULL, '', NULL, '2019-07-19', 'Male', 'Tetouan', 'Tetouan', '', 0, '', 0, '', NULL, '', '', '', 'father', 'ABDELOUAHD', '600188005', '', 'HASNAA', '659136097', '', 'ABDELOUAHD', 'Père', '600188005', '', '', '', '', '', '', 'yes', '', '', '', '0000-00-00', 0, '', '', NULL, NULL, NULL, NULL, 1, NULL, '2026-05-01 11:03:34', '2026-05-02 01:24:39'),
(14, 157, '19169', '371', '2025-09-02', 'ELANA', 'NULL', 'HATTAB', NULL, NULL, '', '', NULL, NULL, NULL, '', NULL, '2019-03-24', 'Female', 'Tetouan', 'Tetouan', '', 0, '', 0, '', '', '', '', '', 'father', 'MOHAMMED', '652442166', '', 'VIOLA', '767027695', '', 'MOHAMMED', 'Père', '652442166', '', '', '', '', '', '', 'yes', '', '', '', '0000-00-00', 0, '', '', NULL, NULL, NULL, NULL, 1, NULL, '2026-05-01 11:03:34', '2026-05-02 20:34:01'),
(15, 137, '19172', '374', '2025-09-02', 'BADR', 'NULL', 'ZBAKH', NULL, NULL, '', '', NULL, NULL, NULL, '', NULL, '2019-10-08', 'Male', 'Tetouan', 'Tetouan', '', 0, '', 0, '', '', '', '', '', 'father', 'BILAL', '660219976', '', '', '', '', 'BILAL', 'Père', '660219976', '', '', '', '', '', '', 'yes', '', '', '', '0000-00-00', 0, '', '', NULL, NULL, NULL, NULL, 1, NULL, '2026-05-01 11:03:34', '2026-05-02 20:34:12'),
(16, 163, '19173', '375', '2025-09-02', 'IMRAN', 'NULL', 'BOUSLHAM', NULL, NULL, '', '', NULL, NULL, NULL, '', NULL, '2019-11-20', 'Male', 'Tetouan', 'Tetouan', '', 0, '', 0, '', '', '', '', '', 'father', 'MAROUAN BOUSLHAM', '', '', '', '', '', 'MAROUAN', 'Père', '663685903', '', '', '', '', '', '', 'yes', '', '', '', '0000-00-00', 0, '', '', NULL, NULL, NULL, NULL, 1, NULL, '2026-05-01 11:03:34', '2026-05-02 20:34:23'),
(17, 167, '19175', '377', '2025-09-02', 'MAYAR', 'NULL', 'LAMRABET', NULL, NULL, '', '', NULL, NULL, NULL, '', NULL, '2019-02-28', 'Female', 'Tetouan', 'Tetouan', '', 0, '', 0, '', '', '', '', '', 'father', 'AZIZ', '', '', 'OUAFAE', '', '', 'AZIZ', 'Père', '677002913', '', '', '', '', '', '', 'yes', '', '', '', '0000-00-00', 0, '', '', NULL, NULL, NULL, NULL, 1, NULL, '2026-05-01 11:03:34', '2026-05-02 20:34:35'),
(18, 72, '19180', '382', '2025-09-02', 'KHALID', 'NULL', 'ES SEBAIY', NULL, NULL, '', '', NULL, NULL, NULL, '', NULL, '2019-08-15', 'Male', 'Tetouan', 'Tetouan', '', 0, '', 0, '', '', '', '', '', 'father', 'ABDELBAR', '669434028', '', 'YASMINA', '609000425', '', 'ABDELBAR', 'Père', '669434028', '', '', '', '', '', '', 'yes', '', '', '', '0000-00-00', 0, '', '', NULL, NULL, NULL, 'f22k2OCGTSSEqXbhsaU82o:APA91bGGoY8t34ry5l_DcjHYmlaDG_UaVAkSSflyEAdm8Gtv2Ion-Kv5ncc9fBR9gN7ILANkNwJVfw22XNXY71Fqg56xQl03XqDfWJmpz7velT1GXxHZ39Q', 1, NULL, '2026-05-01 11:03:34', '2026-05-04 23:01:26'),
(19, 76, '19181', '383', '2025-09-02', 'SIDRA', 'NULL', 'KHARCHICH', 'No', NULL, '', '', NULL, NULL, NULL, '', NULL, '2019-10-05', 'Female', 'Tetouan', 'Tetouan', '', 0, '', 0, '', '', '', '', '', 'mother', 'HASNAA', '0767548856', '', 'HASNAA', '767548856', '', 'HASNAA', 'Mère', '767548856', '', '', '', '', '', '', 'yes', '', '', '', '0000-00-00', 0, '', '', NULL, NULL, NULL, NULL, 1, NULL, '2026-05-01 11:03:34', '2026-05-02 20:35:40'),
(20, 80, '19183', '385', '2025-09-02', 'YASSIN', 'NULL', 'AKDI', NULL, NULL, '', '', NULL, NULL, NULL, '', NULL, '2019-06-22', 'Male', 'Tetouan', 'Tetouan', '', 0, '', 0, '', '', '', '', '', 'father', 'ABDRAHIM', '667018791', '', '', '', '', 'ABDRAHIM', 'Père', '667018791', '', '', '', '', '', '', 'yes', '', '', '', '0000-00-00', 0, '', '', NULL, NULL, NULL, NULL, 1, NULL, '2026-05-01 11:03:34', '2026-05-02 20:35:55'),
(21, 84, 'A220086012', '390', '2025-09-02', 'RAYHANE', 'NULL', 'ABOUAINAN', NULL, NULL, '', '', NULL, NULL, NULL, '', NULL, '2019-06-26', 'Female', 'تجزئة الوقاية رقم 172 تطوان', 'تجزئة الوقاية رقم 172 تطوان', '', 0, '', 0, '', '', '', '', '', 'father', 'ABDELGHANI', '0670165899', '', 'JANNA', '670165899', '', 'ABDELGHANI', 'Père', '0670165899', '', 'تجزئة الوقاية رقم 172 تطوان', '', '', '', '', 'yes', '', '', '', '0000-00-00', 0, '', '', NULL, NULL, NULL, NULL, 1, NULL, '2026-05-01 11:03:34', '2026-05-02 20:36:05'),
(22, 88, '19204', '406', '2025-09-03', 'ADAM', 'NULL', 'ROUCHDI', NULL, NULL, '', '', NULL, NULL, NULL, '', NULL, '2019-05-09', 'Male', 'Tetouan', 'Tetouan', '', 0, '', 0, '', '', '', '', '', 'father', 'ABDRAHIM', '668859397', '', '', '', '', 'ABDRAHIM', 'Père', '668859397', '', '', '', '', '', '', 'yes', '', '', '', '0000-00-00', 0, '', '', NULL, NULL, NULL, NULL, 1, NULL, '2026-05-01 11:03:34', '2026-05-02 20:40:01'),
(23, 92, '19211', '413', '2025-09-04', 'MOHAMED', 'NULL', 'ELGUERBOUZI', NULL, NULL, '', '', NULL, NULL, NULL, '', NULL, '2020-01-14', 'Male', 'Tetouan', 'Tetouan', '', 0, '', 0, '', '', '', '', '', 'father', 'ISSA', '694777195', '', 'SARA', '693721316', '', 'ISSA', 'Père', '694777195', '', '', '', '', '', '', 'yes', '', '', '', '0000-00-00', 0, '', '', NULL, NULL, NULL, NULL, 1, NULL, '2026-05-01 11:03:34', '2026-05-02 20:41:48'),
(24, 48, '19231', '432', '2025-09-15', 'HADIL', NULL, 'THIBEL', 'No', NULL, '', '', NULL, NULL, NULL, NULL, NULL, '2020-01-27', 'Male', '', '', '', NULL, '', 0, '', '', '', '', '', 'father', 'MOHAMMED', '0665242530', '', 'BOUCHRA', '0770069830', '', 'MOHAMMED', 'Père', '0665242530', '', '', '', '', '', '', 'yes', '', '', '', NULL, 0, '', '', NULL, NULL, NULL, NULL, 1, NULL, '2026-05-01 11:03:34', '2026-05-02 20:41:56'),
(25, 261, '19241', '442', '2025-09-24', 'MAHA', NULL, 'ESSAFIR', 'No', NULL, '', '', NULL, NULL, NULL, NULL, NULL, '2019-06-16', 'Female', '', '', '', NULL, '', 0, '', '', '', '', '', 'mother', 'YOUSSRA', '0660033837', '', 'youssra', '0660033837', '', 'youssra', 'Mère', '0660033837', '', '', '', '', '', '', 'yes', '', '', '', NULL, 0, '', '', NULL, NULL, NULL, NULL, 1, NULL, '2026-05-01 11:03:34', '2026-05-02 20:42:06'),
(26, 52, '19271', '472', '2025-10-29', 'OUSSAMA', NULL, 'MARCHOH', 'No', NULL, '', '', NULL, NULL, NULL, NULL, NULL, '2019-10-02', 'Male', '', '', '', NULL, '', 0, '', '', '', '', '', 'father', 'RACHID', '0666871058', '', 'SELOUA', '0669070153', '', 'RACHID', 'Père', '0666871058', '', '', '', '', '', '', 'yes', '', '', '', NULL, 0, '', '', NULL, NULL, NULL, NULL, 1, NULL, '2026-05-01 11:03:34', '2026-05-02 20:42:21'),
(27, 363, '19105', '307', '2024-09-02', 'TASNIM', '', 'CHAREF', NULL, NULL, '', '', NULL, NULL, NULL, '', NULL, '2019-05-18', 'Female', 'Tetouan', 'Tetouan', '', 0, '', 0, '', '', '', '', '', 'father', 'SAMIR', '', '', 'YASMINE', '669042399', '', 'SAMIR', 'Père', '66666666', '', '', '', '', '', '', 'yes', '', '', '', '0000-00-00', 0, '', '', NULL, NULL, NULL, NULL, 1, NULL, '2026-05-01 11:03:34', '2026-06-08 14:58:36'),
(28, 56, '19109', '311', '2024-09-02', 'AYA', '', 'EL FHAL', NULL, NULL, '', '', NULL, NULL, NULL, '', NULL, '2019-06-19', 'Female', 'Tetouan', 'Tetouan', '', 0, '', 0, '', NULL, '', '', '', 'father', 'SAID', '611414806', '', '', '', '', 'SAID', 'Père', '611414806', '', '', '', '', '', '', 'yes', '', '', '', '0000-00-00', 0, '', '', NULL, NULL, NULL, NULL, 1, NULL, '2026-05-01 11:03:34', '2026-05-01 11:03:34'),
(29, 58, '19111', '313', '2024-09-02', 'ZIYAD', '', 'EL- AKDI', NULL, NULL, '', '', NULL, NULL, NULL, '', NULL, '2019-07-25', 'Male', 'Tetouan', 'Tetouan', '', 0, '', 0, '', NULL, '', '', '', 'father', 'MOHAMED', '673271766', '', '', '', '', 'MOHAMED', 'Père', '673271766', '', '', '', '', '', '', 'yes', '', '', '', '0000-00-00', 0, '', '', NULL, NULL, NULL, NULL, 1, NULL, '2026-05-01 11:03:34', '2026-05-01 11:03:34'),
(30, 60, '19113', '315', '2024-09-02', 'JUNAID', '', 'ZARZOURI OUADRASSI', NULL, NULL, '', '', NULL, NULL, NULL, '', NULL, '2019-10-21', 'Male', 'Tetouan', 'Tetouan', '', 0, '', 0, '', NULL, '', '', '', 'father', 'JAAFAR', '0638400380', '', '', '', '', 'JAAFAR', 'Père', '606198035', '', '', '', '', '', '', 'yes', '', '', '', '0000-00-00', 0, '', '', NULL, NULL, NULL, NULL, 3, NULL, '2026-05-01 11:03:34', '2026-05-01 11:03:34'),
(31, 62, '19116', '318', '2024-09-02', 'AYA', '', 'DOUDOU', NULL, NULL, '', '', NULL, NULL, NULL, '', NULL, '2019-09-24', 'Female', 'Tetouan', 'Tetouan', '', 0, '', 0, '', NULL, '', '', '', 'father', 'MOHAMMED', '635835256', '', '', '', '', 'MOHAMMED', 'Père', '635835256', '', '', '', '', '', '', 'yes', '', '', '', '0000-00-00', 0, '', '', NULL, NULL, NULL, NULL, 1, NULL, '2026-05-01 11:03:34', '2026-05-01 11:03:34'),
(32, 64, '19117', '319', '2024-09-02', 'IYAD', '', 'EL- AKDI', NULL, NULL, '', '', NULL, NULL, NULL, '', NULL, '2019-07-25', 'Male', 'Tetouan', 'Tetouan', '', 0, '', 0, '', '', '', '', '', 'father', 'MOHAMED', '673271766', '', '', '', '', 'MOHAMED', 'Père', '673271766', '', '', '', '', '', '', 'yes', '', '', '', '0000-00-00', 0, '', '', NULL, NULL, NULL, NULL, 1, NULL, '2026-05-01 11:03:34', '2026-05-02 20:46:48'),
(33, 66, '19122', '324', '2024-09-02', 'MOHAMED SOLTAN', '', 'AQAZIM', NULL, NULL, '', '', NULL, NULL, NULL, '', NULL, '2019-09-18', 'Male', 'Tetouan', 'Tetouan', '', 0, '', 0, '', NULL, '', '', '', 'father', 'YOUSSEF', '661467167', '', '', '', '', 'YOUSSEF', 'Père', '661467167', '', '', '', '', '', '', 'yes', '', '', '', '0000-00-00', 0, '', '', NULL, NULL, NULL, NULL, 1, NULL, '2026-05-01 11:03:34', '2026-05-01 11:03:34'),
(34, 68, '19131', '333', '2025-02-21', 'DOHA', 'NULL', 'BARNOUSSI', NULL, NULL, '', '', NULL, NULL, NULL, '', NULL, '2025-02-21', 'Female', 'Tetouan', 'Tetouan', '', 0, '', 0, '', '', '', '', '', 'father', 'MUSTAFA', '0666740549', '', '', '', '', 'MUSTAFA', 'Père', '0666740549', '', '', '', '', '', '', 'yes', '', '', '', '0000-00-00', 0, '', '', NULL, NULL, NULL, NULL, 1, NULL, '2026-05-01 11:03:34', '2026-05-02 20:46:37'),
(35, 70, '19232', '433', '2025-09-16', 'AMJAD', NULL, 'AHADRI', 'No', NULL, NULL, '', NULL, NULL, NULL, NULL, NULL, '2019-10-31', 'Male', '', '', NULL, NULL, '', 0, '', NULL, '', '', '', 'father', 'ABDESALAM', '0687919280', NULL, '', '', NULL, 'ABDESALAM', 'Père', '0687919280', '', '', '', '', '', '', 'yes', '', '', '', NULL, 0, '', '', NULL, NULL, NULL, NULL, 1, NULL, '2026-05-01 11:03:34', '2026-05-01 11:03:34'),
(36, 72, '19107', '309', '2024-09-02', 'IYAD', '', 'OULAD BOUSSALAMA', NULL, 'uploads/student_images/1777935914-177546776169f9262ab2d01!WhatsApp Image 2026-05-03 at 15.00.23.jpeg', '', '', NULL, NULL, NULL, '', NULL, '2019-06-26', 'Male', 'Tetouan', 'Tetouan', '', 0, '', 0, '', '', '', '', '', 'father', 'ABDELHAFYD', '632514789', '', '', '', '', 'ABDELHAFYD', 'Père', '632514789', '', '', '', '', '', '', 'yes', '', '', '', '0000-00-00', 0, '', '', NULL, NULL, NULL, 'f22k2OCGTSSEqXbhsaU82o:APA91bGGoY8t34ry5l_DcjHYmlaDG_UaVAkSSflyEAdm8Gtv2Ion-Kv5ncc9fBR9gN7ILANkNwJVfw22XNXY71Fqg56xQl03XqDfWJmpz7velT1GXxHZ39Q', 1, NULL, '2026-05-01 11:03:34', '2026-05-04 23:05:14'),
(37, 369, '19108', '310', '2024-09-02', 'BASMA', '', 'RIAT', NULL, NULL, '', '', NULL, NULL, NULL, '', NULL, '2019-05-22', 'Female', 'Tetouan', 'Tetouan', '', 0, '', 0, '', '', '', '', '', 'father', 'MOUADE', '', '', 'SANAA', '', '', 'MOUADE', 'Père', '620032346', '', '', '', '', '', '', 'yes', '', '', '', '0000-00-00', 0, '', '', NULL, NULL, NULL, NULL, 1, NULL, '2026-05-01 11:03:34', '2026-05-02 20:45:22'),
(38, 76, '19110', '312', '2024-09-02', 'NIZAR', '', 'MOUTANABBIR', 'Yes', NULL, '', '', NULL, NULL, NULL, '', NULL, '2019-11-16', 'Male', 'Tetouan', 'Tetouan', '', 0, '', 0, '', '', '', '', '', 'father', 'AHMED', '662062117', '', '', '', '', 'AHMED', 'Père', '662062117', '', '', '', '', '', '', 'yes', '', '', '', '0000-00-00', 0, '', '', NULL, NULL, NULL, NULL, 1, NULL, '2026-05-01 11:03:34', '2026-05-02 20:45:16'),
(39, 78, '19112', '314', '2024-09-02', 'MOHAMED ALI', '', 'BAALI', NULL, NULL, '', '', NULL, NULL, NULL, '', NULL, '2019-04-26', 'Male', 'Tetouan', 'Tetouan', '', 0, '', 0, '', '', '', '', '', 'father', 'MOHAMED ALI', '693087332', '', '', '', '', 'MOHAMED ALI', 'Père', '693087332', '', '', '', '', '', '', 'yes', '', '', '', '0000-00-00', 0, '', '', NULL, NULL, NULL, NULL, 1, NULL, '2026-05-01 11:03:34', '2026-05-02 20:45:55'),
(40, 80, '19114', '316', '2024-09-02', 'RAHAF', '', 'AMIMAR', NULL, NULL, '', '', NULL, NULL, NULL, '', NULL, '2019-06-11', 'Female', 'Tetouan', 'Tetouan', '', 0, '', 0, '', '', '', '', '', 'father', 'SAID', '659136659', '', '', '', '', 'SAID', 'Père', '659136659', '', '', '', '', '', '', 'yes', '', '', '', '0000-00-00', 0, '', '', NULL, NULL, NULL, NULL, 1, NULL, '2026-05-01 11:03:34', '2026-05-02 20:45:09'),
(41, 82, '19118', '320', '2024-09-02', 'MOAYAD', '', 'BEN IBRAHIM', NULL, NULL, '', '', NULL, NULL, NULL, '', NULL, '2019-06-03', 'Male', 'Tetouan', 'Tetouan', '', 0, '', 0, '', '', '', '', '', 'father', 'ABDELLAH', '623434389', '', '', '', '', 'ABDELLAH', 'Père', '623434389', '', '', '', '', '', '', 'yes', '', '', '', '0000-00-00', 0, '', '', NULL, NULL, NULL, NULL, 1, NULL, '2026-05-01 11:03:34', '2026-05-02 20:45:03'),
(42, 84, '19123', '325', '2024-09-02', 'NOUH', '', 'AKDI', NULL, NULL, '', '', NULL, NULL, NULL, '', NULL, '2020-03-26', 'Male', 'Tetouan', 'Tetouan', '', 0, '', 0, '', '', '', '', '', 'father', 'walid', '644706075', '', '', '', '', 'walid', 'Père', '644706075', '', '', '', '', '', '', 'yes', '', '', '', '0000-00-00', 0, '', '', NULL, NULL, NULL, NULL, 1, NULL, '2026-05-01 11:03:34', '2026-05-02 20:44:57'),
(43, 86, '19130', '332', '2025-02-21', 'AFNAN', 'NULL', 'ARDOU', NULL, NULL, '', '', NULL, NULL, NULL, '', NULL, '2025-02-21', 'Male', 'Tetouan', 'Tetouan', '', 0, '', 0, '', '', '', '', '', 'father', 'MOHAMMED REDA', '0610734781', '', '', '', '', 'III', 'Père', '555', '', '', '', '', '', '', 'yes', '', '', '', '0000-00-00', 0, '', '', NULL, NULL, NULL, NULL, 1, NULL, '2026-05-01 11:03:34', '2026-05-02 20:44:51'),
(44, 88, '19132', '334', '2025-02-21', 'SOUJOUD', 'NULL', 'EL ALAOUI', NULL, NULL, '', '', NULL, NULL, NULL, '', NULL, '2025-02-21', 'Female', 'Tetouan', 'Tetouan', '', 0, '', 0, '', '', '', '', '', 'father', 'ZER', '777', '', '', '', '', 'ZER', 'Père', '777', '', '', '', '', '', '', 'yes', '', '', '', '0000-00-00', 0, '', '', NULL, NULL, NULL, NULL, 1, NULL, '2026-05-01 11:03:34', '2026-05-02 20:43:35'),
(45, 90, '19140', '342', '2025-02-28', 'RAHAF', 'NULL', 'AHRIRIT', NULL, NULL, '', '', NULL, NULL, NULL, '', NULL, '2025-01-01', 'Female', 'Tetouan', 'Tetouan', '', 0, '', 0, '', '', '', '', '', 'father', 'ACHRAF', '0610811296', '', '', '', '', 'ACHRAF', 'Père', '0610811296', '', '', '', '', '', '', 'yes', '', '', '', '0000-00-00', 0, '', '', NULL, NULL, NULL, NULL, 1, NULL, '2026-05-01 11:03:34', '2026-05-02 20:43:24'),
(46, 92, '19141', '343', '2025-02-28', 'IBRAHIM', 'NULL', 'SAHLALLI', NULL, NULL, '', '', NULL, NULL, NULL, '', NULL, '2025-01-01', 'Male', 'Tetouan', 'Tetouan', '', 0, '', 0, '', '', '', '', '', 'father', '', '', '', '', '', '', 'XXXX', 'Père', '66666666', '', '', '', '', '', '', 'yes', '', '', '', '0000-00-00', 0, '', '', NULL, NULL, NULL, NULL, 1, NULL, '2026-05-01 11:03:34', '2026-05-02 20:43:13'),
(47, 94, '19161', '363', '2025-09-01', 'ZENEB', 'NULL', 'BN HALIMA', NULL, NULL, '', '', NULL, NULL, NULL, '', NULL, '2018-04-05', 'Male', 'Tetouan', 'Tetouan', '', 0, '', 0, '', NULL, '', '', '', 'father', 'BILAL', '606893232', '', 'MERYAM', '701028909', '', 'BILAL', 'Père', '606893232', '', '', '', '', '', '', 'yes', '', '', '', '0000-00-00', 0, '', '', NULL, NULL, 'cgy-uF2dQsCXsUxWSExaZN:APA91bEhihGg7kS9CTrmv7WRYSVSG4Pc-YHn-p2Dmgxmr6w-wvDIdMQArNTouqX1xn_jcwNN1xn9SYXUiqwnWN_9IdDkCi1BUE2UZh-muteB9ZJs-NmAdVc', 'cgy-uF2dQsCXsUxWSExaZN:APA91bEhihGg7kS9CTrmv7WRYSVSG4Pc-YHn-p2Dmgxmr6w-wvDIdMQArNTouqX1xn_jcwNN1xn9SYXUiqwnWN_9IdDkCi1BUE2UZh-muteB9ZJs-NmAdVc', 3, NULL, '2026-05-01 17:52:22', '2026-05-03 16:21:36'),
(48, 96, '19191', '393', '2025-09-03', 'SERAJ', 'NULL', 'ABARRI', NULL, NULL, '', '', NULL, NULL, NULL, '', NULL, '2019-03-09', 'Male', 'Tetouan', 'Tetouan', '', 0, '', 0, '', NULL, '', '', '', 'mother', 'NAJOUA', '0653040057', '', 'NAJOUA', '653040057', '', 'NAJOUA', 'Mère', '653040057', '', '', '', '', '', '', 'yes', '', '', '', '0000-00-00', 0, '', '', NULL, NULL, NULL, NULL, 3, NULL, '2026-05-01 17:52:22', '2026-05-01 17:52:22'),
(49, 98, '19217', '419', '2025-09-08', 'ASSIA', 'NULL', 'HAMOUROU', NULL, NULL, '', '', NULL, NULL, NULL, '', NULL, '2018-11-28', 'Female', 'Tetouan', 'Tetouan', '', 0, '', 0, '', NULL, '', '', '', 'father', 'BILAL', '608622397', '', 'SOINA', '698548822', '', 'BILAL', 'Père', '608622397', '', '', '', '', '', '', 'yes', '', '', '', '0000-00-00', 0, '', '', NULL, NULL, NULL, NULL, 1, NULL, '2026-05-01 17:52:22', '2026-05-01 17:52:22'),
(50, 100, '19225', '427', '2025-09-09', 'MOHAMED', 'NULL', 'BARRAKI', NULL, NULL, '', '', NULL, NULL, NULL, '', NULL, '2019-01-08', 'Male', 'Tetouan', 'Tetouan', '', 0, '', 0, '', NULL, '', '', '', 'mother', 'HICHAM', '706395674', '', 'KHADIJA', '714795230', '', 'KHADIJA', 'Mère', '714795230', '', '', '', '', '', '', 'yes', '', '', '', '0000-00-00', 0, '', '', NULL, NULL, NULL, NULL, 1, NULL, '2026-05-01 17:52:22', '2026-05-01 17:52:22'),
(51, 102, '19233', '434', '2025-09-16', 'RIMAS', NULL, 'DRIOUACH', 'No', NULL, NULL, '', NULL, NULL, NULL, NULL, NULL, '2018-12-06', 'Female', '', '', NULL, NULL, '', 0, '', NULL, '', '', '', 'mother', 'NABILA', '0772176119', NULL, 'NABILA', '0772176119', NULL, 'NABILA', 'Mère', '0772176119', '', '', '', '', '', '', 'yes', '', '', '', NULL, 0, '', '', NULL, NULL, NULL, NULL, 3, NULL, '2026-05-01 17:52:22', '2026-05-01 17:52:22'),
(52, 285, '19246', '447', '2025-09-24', 'SOULEYMAN', NULL, 'N\'DONGO', 'No', NULL, NULL, '', NULL, NULL, NULL, NULL, NULL, '2018-10-02', 'Male', '', '', NULL, NULL, '', 0, '', NULL, '', '', '', 'mother', 'HABIB SILEYE', '', NULL, '', '012500025', NULL, 'DIABY FANTA', 'Mère', '012500025', '', '', '', '', '', '', 'yes', '', '', '', NULL, 0, '', '', NULL, NULL, NULL, NULL, 3, NULL, '2026-05-01 17:52:22', '2026-05-02 01:24:39'),
(53, 105, '19159', '361', '2025-08-30', 'RITAJ', 'NULL', 'EL AMRANI', 'Yes', NULL, '', '', NULL, NULL, NULL, '', NULL, '2018-12-04', 'Female', 'Tetouan', 'Tetouan', '', 0, '', 0, '', '', '', '', '', 'father', 'OMAR', '699462864', '', 'SALWA', '', '', 'OMAR', 'Père', '699462864', '', '', '', '', '', '', 'yes', '', '', '', '0000-00-00', 0, '', '', NULL, NULL, NULL, NULL, 1, NULL, '2026-05-01 17:52:22', '2026-05-02 22:33:56'),
(54, 107, '19162', '364', '2025-09-01', 'SAJID', 'NULL', 'EL ANJRI SARHAOUNI', 'Yes', NULL, '', '', NULL, NULL, NULL, '', NULL, '2018-08-18', 'Male', 'Tetouan', 'Tetouan', '', 0, '', 0, '', '', '', '', '', 'father', 'IMAD', '667597492', '', 'LOUBNA', '680850981', '', 'IMAD', 'Père', '667597497', '', '', '', '', '', '', 'yes', '', '', '', '0000-00-00', 0, '', '', NULL, NULL, NULL, NULL, 1, NULL, '2026-05-01 17:52:22', '2026-05-02 22:34:05'),
(56, 111, '19002', '204', '2024-09-02', 'ALAE', '', 'MERROUN', NULL, NULL, '', '', NULL, NULL, NULL, '', NULL, '2019-01-17', 'Female', 'Tetouan', 'Tetouan', '', 0, '', 0, '', NULL, '', '', '', 'father', 'HASSAN', '0660030938', '', 'HANAN', '0663525063', '', 'IHASSAN', 'Père', '0660030938', '', '', '', '', '', '', 'yes', '', '', '', '0000-00-00', 0, '', '', NULL, NULL, NULL, NULL, 3, NULL, '2026-05-01 17:52:22', '2026-05-01 17:52:22'),
(57, 223, '19003', '205', '2024-09-02', 'SIRAJ', '', 'ZNAGI', NULL, NULL, '', '', NULL, NULL, NULL, '', NULL, '2019-02-06', 'Male', 'Tetouan', 'Tetouan', '', 0, '', 0, '', NULL, '', '', '', 'father', 'MOUNA', '0675198943', '', '', '', '', 'MOUNA', 'Père', '0675198943', '', '', '', '', '', '', 'yes', '', '', '', '0000-00-00', 0, '', '', NULL, NULL, NULL, NULL, 3, NULL, '2026-05-01 17:52:22', '2026-05-02 01:24:39'),
(58, 115, '19004', '206', '2024-09-02', 'CHOROUK', '', 'EL-MANSSOURI', 'Yes', NULL, '', '', NULL, NULL, NULL, '', NULL, '2018-11-09', 'Female', 'Tetouan', 'Tetouan', '', 0, '', 0, '', NULL, '', '', '', 'father', 'ABDELLAH', '678433073', '', '', '', '', 'ABDELLAH', 'Père', '678433073', '', '', '', '', '', '', 'yes', '', '', '', '0000-00-00', 0, '', '', NULL, NULL, NULL, NULL, 3, NULL, '2026-05-01 17:52:22', '2026-05-01 17:52:22'),
(59, 117, '19005', '207', '2024-09-02', 'AYA', '', 'AFRIL', NULL, NULL, '', '', NULL, NULL, NULL, '', NULL, '2018-11-21', 'Female', 'Tetouan', 'Tetouan', '', 0, '', 0, '', NULL, '', '', '', 'father', 'SMAIL', '699042308', '', '', '', '', 'SMAIL', 'Père', '699042308', '', '', '', '', '', '', 'yes', '', '', '', '0000-00-00', 0, '', '', NULL, NULL, NULL, NULL, 1, NULL, '2026-05-01 17:52:22', '2026-05-01 17:52:22'),
(60, 119, '19008', '210', '2024-09-02', 'DOHA', '', 'MOULOUA', 'Yes', NULL, '', '', NULL, NULL, NULL, '', NULL, '2018-06-04', 'Female', 'Tetouan', 'Tetouan', '', 0, '', 0, '', NULL, '', '', '', 'father', 'KHALID', '661384305', '', '', '', '', 'KHALID', 'Père', '661384305', '', '', '', '', '', '', 'yes', '', '', '', '0000-00-00', 0, '', '', NULL, NULL, NULL, NULL, 1, NULL, '2026-05-01 17:52:22', '2026-05-01 17:52:22'),
(61, 121, '19009', '211', '2024-09-02', 'MOHAMED', '', 'EL HALKA', 'Yes', NULL, '', '', NULL, NULL, NULL, '', NULL, '2018-10-24', 'Male', 'Tetouan', 'Tetouan', '', 0, '', 0, '', NULL, '', '', '', 'father', 'YOUSSEF', '678906190', '', '', '', '', 'YOUSSEF', 'Père', '678906190', '', '', '', '', '', '', 'yes', '', '', '', '0000-00-00', 0, '', '', NULL, NULL, NULL, NULL, 1, NULL, '2026-05-01 17:52:22', '2026-05-01 17:52:22'),
(62, 123, '19011', '213', '2024-09-02', 'MOETAZ', '', 'AFAILAL', NULL, NULL, '', '', NULL, NULL, NULL, '', NULL, '2018-07-21', 'Male', 'Tetouan', 'Tetouan', '', 0, '', 0, '', NULL, '', '', '', 'father', 'MOUAD', '666832081', '', '', '', '', 'MOUAD', 'Père', '666832081', '', '', '', '', '', '', 'yes', '', '', '', '0000-00-00', 0, '', '', NULL, NULL, NULL, NULL, 1, NULL, '2026-05-01 17:52:22', '2026-05-01 17:52:22'),
(63, 111, '19012', '214', '2024-09-02', 'LOUJAINE', '', 'ASKATOU', NULL, NULL, '', '', NULL, NULL, NULL, '', NULL, '2018-12-27', 'Female', 'Tetouan', 'Tetouan', '', 0, '', 0, '', NULL, '', '', '', 'father', 'BILAL', '651102052', '', '', '', '', 'BILAL', 'Père', '651102052', '', '', '', '', '', '', 'yes', '', '', '', '0000-00-00', 0, '', '', NULL, NULL, NULL, NULL, 1, NULL, '2026-05-01 17:52:22', '2026-05-01 17:52:22'),
(64, 126, '19013', '215', '2024-09-02', 'YASSER', '', 'ALLACH', NULL, NULL, '', '', NULL, NULL, NULL, '', NULL, '2019-02-05', 'Male', 'Tetouan', 'Tetouan', '', 0, '', 0, '', NULL, '', '', '', 'father', 'EL HOUSSAIN', '661053673', '', '', '', '', 'EL HOUSSAIN', 'Père', '661053673', '', '', '', '', '', '', 'yes', '', '', '', '0000-00-00', 0, '', '', NULL, NULL, NULL, NULL, 3, NULL, '2026-05-01 17:52:22', '2026-05-01 17:52:22'),
(65, 62, '19016', '218', '2024-09-02', 'IKHLAS', '', 'AKDI', NULL, NULL, '', '', NULL, NULL, NULL, '', NULL, '2018-10-14', 'Female', '', 'Tetouan', '', 0, '', 0, '', NULL, '', '', '', 'father', 'M\'FEDAL', '677142271', '', '', '', '', 'M\'FEDAL', 'Père', '6771422712', '', '', '', '', '', '', 'yes', '', '', '', '0000-00-00', 0, '', '', NULL, NULL, NULL, NULL, 3, NULL, '2026-05-01 17:52:22', '2026-05-01 17:52:22'),
(66, 129, '19020', '222', '2024-09-02', 'YASMIN', '', 'MERROUN', NULL, NULL, '', '', NULL, NULL, NULL, '', NULL, '2018-07-07', 'Female', 'Tetouan', 'Tetouan', '', 0, '', 0, '', NULL, '', '', '', 'father', 'ILIAS', '614756162', '', '', '', '', 'ILIAS', 'Père', '614756162', '', '', '', '', '', '', 'yes', '', '', '', '0000-00-00', 0, '', '', NULL, NULL, NULL, NULL, 1, NULL, '2026-05-01 17:52:22', '2026-05-01 17:52:22'),
(67, 247, '19022', '224', '2024-09-02', 'RIMAS', '', 'CHAMMAA', NULL, NULL, '', '', NULL, NULL, NULL, '', NULL, '2018-08-15', 'Female', 'Tetouan', 'Tetouan', '', 0, '', 0, '', NULL, '', '', '', 'father', 'JALAL', '680621197', '', '', '', '', 'JALAL', 'Père', '680621197', '', '', '', '', '', '', 'yes', '', '', '', '0000-00-00', 0, '', '', NULL, NULL, NULL, NULL, 1, NULL, '2026-05-01 17:52:22', '2026-05-02 01:24:39'),
(68, 133, '19023', '225', '2024-09-02', 'RAYAN', '', 'ROUCHDI', NULL, NULL, '', '', NULL, NULL, NULL, '', NULL, '2019-01-04', 'Male', 'Tetouan', 'Tetouan', '', 0, '', 0, '', NULL, '', '', '', 'father', 'MOHAMMED', '661439071', '', '', '', '', 'MOHAMMED', 'Père', '661439071', '', '', '', '', '', '', 'yes', '', '', '', '0000-00-00', 0, '', '', NULL, NULL, NULL, 'f_yv7cG8TE-LQQP7J1M2bt:APA91bE_SAw0AlWcaKlmjCd0gncwBvl23f8SfrDifm3XvE9btssKSuxv7jl5sW3PJu8BvYJqIXaInlsW4FcLaTt7kUOuVxkrVMFhggsd3oZp-lPodBV_f18', 1, NULL, '2026-05-01 17:52:22', '2026-05-05 16:56:10'),
(69, 225, '19026', '228', '2024-09-02', 'ROEYA', '', 'EL KHATTABI', NULL, NULL, '', '', NULL, NULL, NULL, '', NULL, '2018-08-10', 'Female', 'Tetouan', 'Tetouan', '', 0, '', 0, '', NULL, '', '', '', 'father', 'LOIC', '644008285', '', '', '', '', 'LOIC', 'Père', '644008285', '', '', '', '', '', '', 'yes', '', '', '', '0000-00-00', 0, '', '', NULL, NULL, NULL, NULL, 1, NULL, '2026-05-01 17:52:22', '2026-05-02 01:24:39'),
(70, 137, '19029', '231', '2024-09-02', 'AFNANE', '', 'AGZENAI BENSALEM', NULL, NULL, '', '', NULL, NULL, NULL, '', NULL, '2017-09-03', 'Female', 'Tetouan', 'Tetouan', '', 0, '', 0, '', NULL, '', '', '', 'father', 'YOUSSEF', '664997204', '', '', '', '', 'YOUSSEF', 'Père', '664997204', '', '', '', '', '', '', 'yes', '', '', '', '0000-00-00', 0, '', '', NULL, NULL, NULL, NULL, 1, NULL, '2026-05-01 17:52:22', '2026-05-01 17:52:22'),
(71, 139, '19001', '203', '2024-09-02', 'AMJAD', '', 'HADRI', 'Yes', NULL, '8233366613', 'thomas@gmail.com', NULL, NULL, NULL, '', NULL, '2018-10-23', 'Male', 'Tetouan', 'Tetouan', '', 0, '', 0, '', '', '', '', '', 'father', 'TAOUHID', '06.63.55.67.45', '', '', '', '', 'TAOUHID', 'Père', '06.63.55.67.45', '', '', '', '', '', '', 'yes', '', '', '', '0000-00-00', 0, '', '', NULL, NULL, NULL, NULL, 1, NULL, '2026-05-01 17:52:22', '2026-05-02 22:34:13'),
(72, 141, '19006', '208', '2024-09-02', 'JANNAT', '', ' EL ALAOUI', 'Yes', NULL, '', '', NULL, NULL, NULL, '', NULL, '2018-04-30', 'Female', 'Tetouan', 'Tetouan', '', 0, '', 0, '', '', '', '', '', 'father', 'SOUFIANE', '644979071', '', '', '', '', 'SOUFIANE', 'Père', '644979071', '', '', '', '', '', '', 'yes', '', '', '', '0000-00-00', 0, '', '', NULL, NULL, NULL, NULL, 1, NULL, '2026-05-01 17:52:22', '2026-05-02 22:34:23'),
(73, 143, '19007', '209', '2024-09-02', 'NOUR', '', 'ZIGHIGHI', 'Yes', NULL, '', '', NULL, NULL, NULL, '', NULL, '2019-03-21', 'Female', 'Tetouan', 'Tetouan', '', 0, '', 0, '', '', '', '', '', 'father', 'JAMAL', '06.51.26.12.66', '', '', '', '', 'JAMAL', 'Père', '06.51.26.12.66', '', '', '', '', '', '', 'yes', '', '', '', '0000-00-00', 0, '', '', NULL, NULL, NULL, NULL, 1, NULL, '2026-05-01 17:52:22', '2026-05-02 22:34:29'),
(74, 145, '19010', '212', '2024-09-02', 'ZAKARIAE', '', 'AKDI', 'Yes', NULL, '', '', NULL, NULL, NULL, '', NULL, '2018-07-20', 'Male', 'Tetouan', 'Tetouan', '', 0, '', 0, '', '', '', '', '', 'father', 'M\'FEDAL', '677142271', '', '', '', '', 'M\'FEDAL', 'Père', '6771422712', '', '', '', '', '', '', 'yes', '', '', '', '0000-00-00', 0, '', '', NULL, NULL, NULL, NULL, 1, NULL, '2026-05-01 17:52:22', '2026-05-02 22:34:35'),
(75, 147, '19015', '217', '2024-09-02', 'YASSIR', '', 'JAMHOUN', 'Yes', NULL, '', '', NULL, NULL, NULL, '', NULL, '2018-04-27', 'Male', 'Tetouan', 'Tetouan', '', 0, '', 0, '', '', '', '', '', 'father', 'EL HASSAN', '0642336906', '', 'BAHIJA ', '0768461604', '', 'EL HASSAN', 'Père', '0642336906', '', '', '', '', '', '', 'yes', '', '', '', '0000-00-00', 0, '', '', NULL, NULL, NULL, NULL, 1, NULL, '2026-05-01 17:52:22', '2026-05-02 22:34:42'),
(76, 149, '19018', '220', '2024-09-02', 'ISRAE', '', 'ABBOUZ', NULL, NULL, '', '', NULL, NULL, NULL, '', NULL, '2018-07-28', 'Female', 'Tetouan', 'Tetouan', '', 0, '', 0, '', '', '', '', '', 'father', 'A256000786', '623514789', '', '', '', '', 'A256000786', 'Père', '623514789', '', '', '', '', '', '', 'yes', '', '', '', '0000-00-00', 0, '', '', NULL, NULL, NULL, NULL, 1, NULL, '2026-05-01 17:52:22', '2026-05-02 22:35:44'),
(77, 151, '19019', '221', '2024-09-02', 'MANAL', '', 'ALLACH', 'Yes', NULL, '', '', NULL, NULL, NULL, '', NULL, '2019-02-05', 'Female', 'Tetouan', 'Tetouan', '', 0, '', 0, '', '', '', '', '', 'father', 'EL HOUSSAIN', '661053673', '', '', '', '', 'EL HOUSSAIN', 'Father', '661053672', '', '', '', '', '', '', 'yes', '', '', '', '0000-00-00', 0, '', '', NULL, NULL, NULL, NULL, 1, NULL, '2026-05-01 17:52:22', '2026-05-02 22:35:50'),
(78, 153, '19021', '223', '2024-09-02', 'SALMA', '', 'MOUTANABBIR', 'Yes', NULL, '', '', NULL, NULL, NULL, '', NULL, '2018-12-12', 'Female', 'Tetouan', 'Tetouan', '', 0, '', 0, '', '', '', '', '', 'father', 'ABDERRAZZAK', '672395470', '', '', '', '', 'ABDERRAZZAK', 'Père', '672395470', '', '', '', '', '', '', 'yes', '', '', '', '0000-00-00', 0, '', '', NULL, NULL, NULL, NULL, 1, NULL, '2026-05-01 17:52:22', '2026-05-02 22:35:57'),
(79, 155, '19025', '227', '2024-09-02', 'RAGHAD', '', 'CHAREF', NULL, NULL, '', '', NULL, NULL, NULL, '', NULL, '2018-08-05', 'Female', 'Tetouan', 'Tetouan', '', 0, '', 0, '', '', '', '', '', 'father', 'OUTMAN ', '635241832', '', '', '', '', 'OUTMAN', 'Père', '635241832', '', '', '', '', '', '', 'yes', '', '', '', '0000-00-00', 0, '', '', NULL, NULL, NULL, NULL, 1, NULL, '2026-05-01 17:52:22', '2026-05-02 22:41:15'),
(80, 157, '19027', '229', '2024-09-02', 'ASSIA', '', 'LAINI', 'Yes', NULL, '', '', NULL, NULL, NULL, '', NULL, '2017-12-08', 'Female', 'Tetouan', 'Tetouan', '', 0, '', 0, '', '', '', '', '', 'father', 'KHALID', '629977779', '', '', '', '', 'KHALID', 'Père', '629977779', '', '', '', '', '', '', 'yes', '', '', '', '0000-00-00', 0, '', '', NULL, NULL, NULL, NULL, 1, NULL, '2026-05-01 17:52:22', '2026-05-02 22:36:46'),
(81, 159, '19028', '230', '2024-09-02', 'MOHAMED ASSIM', '', 'CHAWKI', 'Yes', NULL, '', '', NULL, NULL, NULL, '', NULL, '2018-05-04', 'Male', 'Tetouan', 'Tetouan', '', 0, '', 0, '', '', '', '', '', 'father', 'KHALID', '663181726', '', '', '', '', 'KHALID', 'Père', '663181726', '', '', '', '', '', '', 'yes', '', '', '', '0000-00-00', 0, '', '', NULL, NULL, NULL, NULL, 1, NULL, '2026-05-01 17:52:22', '2026-05-02 22:36:52'),
(82, 161, '19030', '232', '2024-09-02', 'YASSINE', '', 'MAGHCHICH', 'Yes', NULL, '', '', NULL, NULL, NULL, '', NULL, '2019-03-06', 'Male', 'Tetouan', 'Tetouan', '', 0, '', 0, '', '', '', '', '', 'father', 'SIMOHAMED', '607296196', '', '', '', '', 'SIMOHAMED', 'Père', '607296196', '', '', '', '', '', '', 'yes', '', '', '', '0000-00-00', 0, '', '', NULL, NULL, NULL, NULL, 1, NULL, '2026-05-01 17:52:22', '2026-05-02 22:36:58'),
(83, 107, '19031', '233', '2024-09-02', 'ZAINAB', '', 'ZOUBAE', 'Yes', NULL, '', '', NULL, NULL, NULL, '', NULL, '2018-07-10', 'Female', 'Tetouan', 'Tetouan', '', 0, '', 0, '', '', '', '', '', 'father', 'MOHAMED', '631524879', '', '', '', '', 'MOHAMED', 'Père', '631524879', '', '', '', '', '', '', 'yes', '', '', '', '0000-00-00', 0, '', '', NULL, NULL, NULL, NULL, 1, NULL, '2026-05-01 17:52:22', '2026-05-02 22:37:03'),
(84, 165, '19032', '234', '2024-09-02', 'ASSYL', '', 'RAKRAKI', 'Yes', NULL, '', '', NULL, NULL, NULL, '', NULL, '2017-11-18', 'Female', 'Tetouan', 'Tetouan', '', 0, '', 0, '', '', '', '', '', 'father', 'TAOUHID', '653041523', '', '', '', '', 'BOUTAHAR', 'Père', '653041523', '', '', '', '', '', '', 'yes', '', '', '', '0000-00-00', 0, '', '', NULL, NULL, NULL, NULL, 1, NULL, '2026-05-01 17:52:22', '2026-05-02 22:37:09'),
(85, 167, '19033', '235', '2024-09-02', 'ISRAE', '', 'MEZIANE', 'Yes', NULL, '', '', NULL, NULL, NULL, '', NULL, '2018-10-01', 'Female', 'Tetouan', 'Tetouan', '', 0, '', 0, '', '', '', '', '', 'father', 'BOUTAHAR', '700732913', '', '', '', '', 'BOUTAHAR', 'Père', '700732913', '', '', '', '', '', '', 'yes', '', '', '', '0000-00-00', 0, '', '', NULL, NULL, NULL, NULL, 1, NULL, '2026-05-01 17:52:22', '2026-05-02 22:37:14'),
(86, 169, '19034', '236', '2024-09-02', 'ABDOLLAH', '', 'EL BACHRI', 'Yes', NULL, '', '', NULL, NULL, NULL, '', NULL, '2018-10-12', 'Male', 'Tetouan', 'Tetouan', '', 0, '', 0, '', '', '', '', '', 'father', 'JéRéMIE ', '3325578474', '', '', '', '', 'JéRéMIE', 'Père', '3325578474', '', '', '', '', '', '', 'yes', '', '', '', '0000-00-00', 0, '', '', NULL, NULL, NULL, NULL, 1, NULL, '2026-05-01 17:52:22', '2026-05-02 22:37:20'),
(87, 171, '19192', '394', '2025-09-03', 'MOUSSA', 'NULL', 'EL CHAAIRI', 'Yes', NULL, '', '', NULL, NULL, NULL, '', NULL, '2018-11-19', 'Male', 'Tetouan', 'Tetouan', '', 0, '', 0, '', '', '', '', '', 'father', 'SAID', '618562178', '', '', '', '', 'SAID', 'Père', '618562178', '', '', '', '', '', '', 'yes', '', '', '', '0000-00-00', 0, '', '', NULL, NULL, NULL, NULL, 1, NULL, '2026-05-01 17:52:22', '2026-05-02 22:37:27'),
(88, 172, '19197', '399', '2025-09-03', 'NOUHA', 'NULL', 'AKDI', '', '', '', '', '', '', '', '', '', '2018-01-03', 'Female', 'Tetouan', 'Tetouan', '', 0, '', 0, '', '', '', '', '', 'father', 'LAILA', '687330140', '', '', '687330140', '', 'LAILA', 'Père', '687330140', '', '', '', '', '', '', 'yes', '', '', '', '0000-00-00', 0, '', '', '', '', '', '', 3, '0000-00-00', '2025-09-13 08:42:18', '2025-09-30 07:43:25'),
(89, 174, '19194', '396', '2025-09-03', 'RAYAN', 'NULL', 'AKHANDAF', 'Yes', '', '', '', NULL, NULL, NULL, '', NULL, '2017-06-12', 'Male', 'Tetouan', 'Tetouan', '', 0, '', 0, '', '', '', '', '', 'father', 'AZZEDDINE', '631065428', '', '', '', '', 'AZZEDDINE', 'Père', '631065428', '', '', '', '', '', '', 'yes', '', '', '', '0000-00-00', 0, '', '', '', '', '', '', 1, '0000-00-00', '2025-09-13 08:42:18', '2026-05-02 22:55:08'),
(90, 176, '19042', '244', '2024-09-02', 'HAMZA', '', 'AKHENDAF', '', '', '', '', '', '', '', '', '', '2016-09-01', 'Male', 'Tetouan', 'Tetouan', '', 0, '', 0, '', '', '', '', '', 'father', 'AHMED', '673302310', '', '', '', '', 'AHMED', 'Père', '673302310', '', '', '', '', '', '', 'yes', '', '', '', '0000-00-00', 0, '', '', '', '', '', '', 1, '0000-00-00', '2025-09-13 08:42:16', '2025-09-13 20:23:15'),
(91, 178, '19046', '248', '2024-09-02', 'ASSIL', '', 'AKTAOU', 'Yes', '', '', '', NULL, NULL, NULL, '', NULL, '2017-05-19', 'Female', 'Tetouan', 'Tetouan', '', 0, '', 0, '', '', '', '', '', 'father', 'AHMED', '669997076', '', 'SIHAM', '665017179', '', 'AHMED', 'Père', '669997076', '', '', '', '', '', '', 'yes', '', '', '', '0000-00-00', 0, '', '', '', '', '', '', 1, '0000-00-00', '2025-09-13 08:42:16', '2026-05-02 22:55:15'),
(92, 367, '19176', '378', '2025-09-02', 'AALYAE', 'NULL', 'BENDRISS', '', '', '', '', '', '', '', '', '', '2017-06-30', 'Female', 'Tetouan', 'Tetouan', '', 0, '', 0, '', '', '', '', '', 'mother', 'NOURA', '775899304', '', 'NOURA', '775899304', '', 'NOURA', 'Mère', '775899304', '', '', '', '', '', '', 'yes', '', '', '', '0000-00-00', 0, '', '', '', '', '', '', 3, '0000-00-00', '2025-09-13 08:42:18', '2026-05-02 01:24:39'),
(93, 182, '19043', '245', '2024-09-02', 'IYAD', '', 'CHAKROUN', 'Yes', '', '', '', NULL, NULL, NULL, '', NULL, '2016-12-02', 'Male', 'Tetouan', 'Tetouan', '', 0, '', 0, '', '', '', '', '', 'father', 'MEHDI', '004004', '', 'FARAH', '', '', 'MEHDI', 'Father', '004004', '', '', '', '', '', '', 'yes', '', '', '', '0000-00-00', 0, '', '', '', '', '', '', 1, '0000-00-00', '2025-09-13 08:42:16', '2026-05-02 22:55:23'),
(94, 184, '19276', '477', '2025-11-11', 'MOHAMED', '', 'CHELIOUA', 'No', '', '', '', '', '', '', '', '', '2017-09-10', 'Male', '', '', '', 0, '', 0, '', '', '', '', '', 'mother', 'ABD ELHALIM', '0602323708', '', 'HAJAR', '0626190596', '', 'HAJAR', 'Mère', '0626190596', '', '', '', '', '', '', 'yes', '', '', '', '0000-00-00', 0, '', '', '', '', '', '', 3, '0000-00-00', '2025-11-11 09:38:16', '2025-11-11 09:38:16'),
(95, 186, '19036', '238', '2024-09-02', 'MOUAD', '', 'EL AAMRANI', 'Yes', '', '', '', NULL, NULL, NULL, '', NULL, '2018-02-13', 'Male', 'Tetouan', 'Tetouan', '', 0, '', 0, '', '', '', '', '', 'father', 'NABIL', '06.00.56.17.07', '', 'SAMAH', '06.69.92.89.49', '', 'NABIL', 'Père', '06.00.56.17.07', '', '', '', '', '', '', 'yes', '', '', '', '0000-00-00', 0, '', '', '', '', '', '', 1, '0000-00-00', '2025-09-13 08:42:16', '2026-05-02 22:55:31'),
(96, 188, '19195', '397', '2025-09-03', 'AMIR', 'NULL', 'EL AMRANI', NULL, '', '', '', NULL, NULL, NULL, '', NULL, '2017-08-30', 'Male', 'Tetouan', 'Tetouan', '', 0, '', 0, '', '', '', '', '', 'father', 'ABDEILLAH', '607838197', '', '', '', '', 'ABDEILLAH', 'Père', '607838197', '', '', '', '', '', '', 'yes', '', '', '', '0000-00-00', 0, '', '', '', '', '', '', 3, '0000-00-00', '2025-09-13 08:42:18', '2026-06-08 07:54:45'),
(97, 190, '19221', '423', '2025-09-08', 'YAHYA', 'NULL', 'EL ANJRI', 'Yes', '', '', '', NULL, NULL, NULL, '', NULL, '2016-04-04', 'Male', 'Tetouan', 'Tetouan', '', 0, '', 0, '', '', '', '', '', 'father', 'MOUHSSIN', '655729134', '', 'LOUBNA', '671526916', '', 'MOUHSSIN', 'Père', '655729134', '', '', '', '', '', '', 'yes', '', '', '', '0000-00-00', 0, '', '', '', '', '', '', 1, '0000-00-00', '2025-09-13 08:42:18', '2026-05-02 22:55:39'),
(98, 371, '19041', '243', '2024-09-02', 'MOHAMED AMINE', '', 'EL HARTITI', '', '', '', '', '', '', '', '', '', '2018-01-13', 'Male', 'Tetouan', 'Tetouan', '', 0, '', 0, '', '', '', '', '', 'mother', 'BILAL', '', '', 'CHAIMAE', '668532841', '', 'CHAIMAE', 'Mother', '668532841', '', '', '', '', '', '', 'yes', '', '', '', '0000-00-00', 0, '', '', '', '', '', '', 1, '0000-00-00', '2025-09-13 08:42:16', '2026-05-02 01:24:39'),
(99, 194, '19210', '412', '2025-09-04', 'MARIYA', 'NULL', 'ELGUERBOUZI', 'Yes', '', '', '', NULL, NULL, NULL, '', NULL, '2017-05-06', 'Female', 'Tetouan', 'Tetouan', '', 0, '', 0, '', '', '', '', '', 'mother', 'ISSA', '694777195', '', 'SARA', '693721316', '', 'SARA', 'Mère', '693721316', '', '', '', '', '', '', 'yes', '', '', '', '0000-00-00', 0, '', '', '', '', '', '', 1, '0000-00-00', '2025-09-13 08:42:18', '2026-05-02 22:55:47'),
(100, 309, '19039', '241', '2024-09-02', 'CHAYMAE', '', 'GHENOUN', '', '', '', '', '', '', '', '', '', '2017-06-25', 'Female', 'Tetouan', 'Tetouan', '', 0, '', 0, '', '', '', '', '', 'father', 'MOHAMMED', '', '', '', '', '', 'MOHAMMED', 'Père', '555555', '', '', '', '', '', '', 'yes', '', '', '', '0000-00-00', 0, '', '', '', '', '', '', 1, '0000-00-00', '2025-09-13 08:42:16', '2026-05-02 01:24:39'),
(101, 198, '19196', '398', '2025-09-03', 'AMINE', 'NULL', 'HADDOU', 'Yes', '', '', '', NULL, NULL, NULL, '', NULL, '2017-09-24', 'Male', 'Tetouan', 'Tetouan', '', 0, '', 0, '', '', '', '', '', 'father', 'ZAID', '666025825', '', '', '', '', 'ZAID', 'Père', '666025825', '', '', '', '', '', '', 'yes', '', '', '', '0000-00-00', 0, '', '', '', '', '', '', 1, '0000-00-00', '2025-09-13 08:42:18', '2026-05-02 22:55:54'),
(102, 151, '19209', '411', '2025-09-04', 'CHAMS', 'NULL', 'HISSOUS', '', '', '', '', '', '', '', '', '', '2017-06-07', 'Female', 'Tetouan', 'Tetouan', '', 0, '', 0, '', '', '', '', '', 'mother', 'SAMIHA', '783396502', '', 'SAMIHA', '783396502', '', 'SAMIHA', 'Mère', '783396502', '', '', '', '', '', '', 'yes', '', '', '', '0000-00-00', 0, '', '', '', '', '', '', 3, '0000-00-00', '2025-09-13 08:42:18', '2026-05-02 01:24:39'),
(103, 202, '19193', '395', '2025-09-03', 'DOHA', 'NULL', 'IMAHDA', 'Yes', '', '', '', NULL, NULL, NULL, '', NULL, '2018-01-12', 'Female', 'Tetouan', 'Tetouan', '', 0, '', 0, '', '', '', '', '', 'father', 'ABDEALI', '677337195', '', '', '', '', 'ABDEALI', 'Père', '677337195', '', '', '', '', '', '', 'yes', '', '', '', '0000-00-00', 0, '', '', '', '', '', '', 1, '0000-00-00', '2025-09-13 08:42:18', '2026-05-02 22:56:02'),
(104, 204, '19037', '239', '2024-09-02', 'AYMANE', '', 'KAMRA', '', '', '', '', '', '', '', '', '', '2017-07-25', 'Male', 'Tetouan', 'Tetouan', '', 0, '', 0, '', '', '', '', '', 'father', 'ADEL', '636832542', '', 'KARIMA', '', '', 'ADEL', 'Père', '636832542', '', '', '', '', '', '', 'yes', '', '', '', '0000-00-00', 0, '', '', '', '', '', '', 1, '0000-00-00', '2025-09-13 08:42:16', '2025-09-13 10:11:22'),
(105, 206, '19048', '250', '2024-09-02', 'ABDURRAHMAN', '', 'LEMRAJ', 'Yes', '', '', '', NULL, NULL, NULL, '', NULL, '2015-07-19', 'Male', 'Tetouan', 'Tetouan', '', 0, '', 0, '', '', '', '', '', 'father', 'MOHAMED', '--', '', 'RACHIDA', '---', '', 'MOHAMED', 'Père', '--', '', '', '', '', '', '', 'yes', '', '', '', '0000-00-00', 0, '', '', '', '', '', '', 1, '0000-00-00', '2025-09-13 08:42:16', '2026-05-02 22:56:10'),
(106, 208, '12345', '', '2025-11-14', 'KADIA', '', 'LY', 'No', '', '', '', '', '', '', '', '', '2016-09-23', 'Female', '', '', '', 0, '', 0, '', '', '', '', '', 'father', '', '', '', '', '', '', 'LY', 'Père', '33652919054', '', '', '', '', '', '', 'yes', '', '', '', '0000-00-00', 0, '', '', '', '', '', '', 3, '0000-00-00', '2025-11-14 10:09:02', '2025-11-14 10:09:02'),
(107, 210, '19038', '240', '2024-09-02', 'SIRAJ', '', 'MOUTANABBIR', 'Yes', '', '', '', NULL, NULL, NULL, '', NULL, '2017-08-02', 'Male', 'Tetouan', 'Tetouan', '', 0, '', 0, '', '', '', '', '', 'father', 'ABDERRAZZAK', '672395470', '', '', '', '', 'ABDERRAZZAK', 'Père', '672395470', '', '', '', '', '', '', 'yes', '', '', '', '0000-00-00', 0, '', '', '', '', '', '', 1, '0000-00-00', '2025-09-13 08:42:16', '2026-05-02 22:56:19'),
(108, 212, '19044', '246', '2024-09-02', 'MAYSSA', '', 'RAKRAKI', '', '', '', '', '', '', '', '', '', '2015-10-27', 'Female', 'Tetouan', 'Tetouan', '', 0, '', 0, '', '', '', '', '', 'father', 'TAOUHID', '653041523', '', '', '', '', 'BOUTAHAR', 'Père', '653041523', '', '', '', '', '', '', 'yes', '', '', '', '0000-00-00', 0, '', '', '', '', '', '', 3, '0000-00-00', '2025-09-13 08:42:16', '2026-03-31 10:42:25'),
(109, 214, '19230', '432', '2025-09-12', 'RAMI', 'NULL', 'SAYAR', NULL, '', '', '', NULL, NULL, NULL, '', NULL, '2017-12-11', 'Male', 'Tetouan', 'Tetouan', '', 0, '', 0, '', '', '', '', '', 'mother', 'WASSIMA', 'WASSIMA', '', 'WASSIMA', 'WASSIMA', '', 'WASSIMA', 'Mère', '707932216', '', '', '', '', '', '', 'yes', '', '', '', '0000-00-00', 0, '', '', '', '', '', '', 1, '0000-00-00', '2025-09-13 08:42:18', '2026-05-02 22:56:41'),
(110, 216, '19040', '242', '2024-09-02', 'RITAL', '', 'YERROU', '', '', '', '', '', '', '', '', '', '2017-10-25', 'Female', 'Tetouan', 'Tetouan', '', 0, '', 0, '', '', '', '', '', 'father', 'MOHSSIN', '639098279', '', 'WASSIMA', '', '', 'MOHSSIN', 'Father', '639098279', '', '', '', '', '', '', 'yes', '', '', '', '0000-00-00', 0, '', '', '', '', '', '', 1, '0000-00-00', '2025-09-13 08:42:16', '2025-09-13 10:14:24'),
(111, 372, '19049', NULL, NULL, 'MOHAMED ALI', NULL, 'KAMRA', NULL, NULL, NULL, NULL, NULL, NULL, NULL, NULL, NULL, '2016-02-03', 'Male', NULL, NULL, NULL, NULL, '', NULL, NULL, NULL, NULL, NULL, NULL, 'father', 'ADEL', '624629273', NULL, NULL, NULL, NULL, 'ADEL', 'Père', '624629273', '', NULL, '', '', '', '', 'yes', NULL, '', '', NULL, 0, NULL, '', NULL, NULL, NULL, NULL, NULL, NULL, '2026-05-02 00:13:00', '2026-05-02 01:24:39'),
(112, 373, '19050', '', NULL, 'MOHAMED ISSLAME', NULL, 'LOUTA', 'Yes', NULL, '', '', NULL, NULL, NULL, NULL, NULL, '2016-07-03', 'Male', '', '', '', NULL, '', 0, '', '', '', '', '', 'father', 'ABDELLATIF', '662060318', '', '', '', '', 'ABDELLATIF', 'Père', '662060318', '', '', '', '', '', '', 'yes', '', '', '', NULL, 0, '', '', NULL, NULL, NULL, NULL, 1, NULL, '2026-05-02 00:13:00', '2026-05-02 22:58:38'),
(113, 374, '19051', NULL, NULL, 'IYAD', NULL, 'ZNAGI', NULL, NULL, NULL, NULL, NULL, NULL, NULL, NULL, NULL, '2017-03-25', 'Male', NULL, NULL, NULL, NULL, '', NULL, NULL, NULL, NULL, NULL, NULL, 'father', 'ILYAS', '0675198943', NULL, NULL, NULL, NULL, 'ILYAS', 'Père', '0675198943', '', NULL, '', '', '', '', 'yes', NULL, '', '', NULL, 0, NULL, '', NULL, NULL, NULL, NULL, NULL, NULL, '2026-05-02 00:13:00', '2026-05-02 01:24:39'),
(114, 375, '19052', '', NULL, 'MOHAMED', NULL, 'EL KHATTABI', 'Yes', NULL, '', '', NULL, NULL, NULL, NULL, NULL, '2016-10-28', 'Male', '', '', '', NULL, '', 0, '', '', '', '', '', 'father', 'LOIC', '644008285', '', '', '', '', 'LOIC', 'Père', '644008285', '', '', '', '', '', '', 'yes', '', '', '', NULL, 0, '', '', NULL, NULL, NULL, NULL, 1, NULL, '2026-05-02 00:13:00', '2026-05-02 22:58:48');
INSERT INTO `students` (`id`, `parent_id`, `admission_no`, `roll_no`, `admission_date`, `firstname`, `middlename`, `lastname`, `rte`, `image`, `mobileno`, `email`, `state`, `city`, `pincode`, `religion`, `cast`, `dob`, `gender`, `current_address`, `permanent_address`, `category_id`, `school_house_id`, `blood_group`, `hostel_room_id`, `adhar_no`, `samagra_id`, `bank_account_no`, `bank_name`, `ifsc_code`, `guardian_is`, `father_name`, `father_phone`, `father_occupation`, `mother_name`, `mother_phone`, `mother_occupation`, `guardian_name`, `guardian_relation`, `guardian_phone`, `guardian_occupation`, `guardian_address`, `guardian_email`, `father_pic`, `mother_pic`, `guardian_pic`, `is_active`, `previous_school`, `height`, `weight`, `measurement_date`, `dis_reason`, `note`, `dis_note`, `about`, `designation`, `app_key`, `parent_app_key`, `created_by`, `disable_at`, `created_at`, `updated_at`) VALUES
(115, 376, '19053', NULL, NULL, 'RODAYNA', NULL, 'EL IMRANI', NULL, NULL, NULL, NULL, NULL, NULL, NULL, NULL, NULL, '2017-01-05', 'Female', NULL, NULL, NULL, NULL, '', NULL, NULL, NULL, NULL, NULL, NULL, 'father', 'RACHID', '673530431', NULL, NULL, NULL, NULL, 'RACHID', 'Père', '673530431', '', NULL, '', '', '', '', 'yes', NULL, '', '', NULL, 0, NULL, '', NULL, NULL, NULL, NULL, NULL, NULL, '2026-05-02 00:13:00', '2026-05-02 01:24:39'),
(116, 377, '19054', '', NULL, 'MOHAMED AMIR', NULL, 'RIAT', 'Yes', NULL, '', '', NULL, NULL, NULL, NULL, NULL, '2017-01-02', 'Male', '', '', '', NULL, '', 0, '', '', '', '', '', 'father', 'MOUADE', '620032346', '', '', '', '', 'MOUADE', 'Père', '620032346', '', '', '', '', '', '', 'yes', '', '', '', NULL, 0, '', '', NULL, NULL, NULL, NULL, 1, NULL, '2026-05-02 00:13:00', '2026-05-02 22:58:56'),
(117, 378, '19055', NULL, NULL, 'KHADIJA', NULL, 'BOUHOUT ', NULL, NULL, NULL, NULL, NULL, NULL, NULL, NULL, NULL, '2017-03-23', 'Female', NULL, NULL, NULL, NULL, '', NULL, NULL, NULL, NULL, NULL, NULL, 'father', 'ABDELLAH', '661371327', NULL, NULL, NULL, NULL, 'ABDELLAH', 'Père', '661371327', '', NULL, '', '', '', '', 'yes', NULL, '', '', NULL, 0, NULL, '', NULL, NULL, NULL, NULL, NULL, NULL, '2026-05-02 00:13:00', '2026-05-02 01:24:39'),
(118, 379, '19056', '', NULL, 'ISRAE', NULL, 'AHARRAN', 'Yes', NULL, '', '', NULL, NULL, NULL, NULL, NULL, '2016-07-14', 'Female', '', '', '', NULL, '', 0, '', '', '', '', '', 'father', 'mohamed', '655877712', '', '', '', '', 'mohamed', 'Père', '655877712', '', '', '', '', '', '', 'yes', '', '', '', NULL, 0, '', '', NULL, NULL, NULL, NULL, 1, NULL, '2026-05-02 00:13:00', '2026-05-02 22:59:05'),
(119, 380, '19057', NULL, NULL, 'MUSSAB', NULL, 'RZIG', NULL, NULL, NULL, NULL, NULL, NULL, NULL, NULL, NULL, '2016-11-06', 'Male', NULL, NULL, NULL, NULL, '', NULL, NULL, NULL, NULL, NULL, NULL, 'father', 'ABDELAALI', '666969826', NULL, NULL, NULL, NULL, 'ABDELAALI', 'Père', '666969826', '', NULL, '', '', '', '', 'yes', NULL, '', '', NULL, 0, NULL, '', NULL, NULL, NULL, NULL, NULL, NULL, '2026-05-02 00:13:00', '2026-05-02 01:24:39'),
(120, 381, '19058', '', NULL, 'KHADIJA FATIMA ZAHRA', NULL, 'SAHLALI', 'Yes', NULL, '', '', NULL, NULL, NULL, NULL, NULL, '2015-03-12', 'Female', '', '', '', NULL, '', 0, '', '', '', '', '', 'father', 'ABDALLAH', '77785', '', '', '', '', 'ABDALLAH', 'Père', '77785', '', '', '', '', '', '', 'yes', '', '', '', NULL, 0, '', '', NULL, NULL, NULL, NULL, 1, NULL, '2026-05-02 00:13:00', '2026-05-02 22:59:13'),
(121, 382, '19059', NULL, NULL, 'MAROUAN', NULL, 'EL HLIMI', NULL, NULL, NULL, NULL, NULL, NULL, NULL, NULL, NULL, '2016-08-26', 'Male', NULL, NULL, NULL, NULL, '', NULL, NULL, NULL, NULL, NULL, NULL, 'father', 'MOHAMED', '661542160', NULL, NULL, NULL, NULL, 'MOHAMED', 'Père', '661542160', '', NULL, '', '', '', '', 'yes', NULL, '', '', NULL, 0, NULL, '', NULL, NULL, NULL, NULL, NULL, NULL, '2026-05-02 00:13:00', '2026-05-02 01:24:39'),
(122, 383, '19060', '', NULL, 'LOUNES', NULL, 'BERTHELON BELTRAN', 'Yes', NULL, '', '', NULL, NULL, NULL, NULL, NULL, '2015-06-12', 'Male', '', '', '', NULL, '', 0, '', '', '', '', '', 'father', 'MARINE', '+33 7 69 49 03 47', '', '', '', '', 'MARINE', 'Père', '+33 7 69 49 03 47', '', '', '', '', '', '', 'yes', '', '', '', NULL, 0, '', '', NULL, NULL, NULL, NULL, 1, NULL, '2026-05-02 00:13:00', '2026-05-02 22:59:21'),
(123, 383, '19061', NULL, NULL, 'KHAÏS', NULL, 'BERTHELON BELTRAN', NULL, NULL, NULL, NULL, NULL, NULL, NULL, NULL, NULL, '2015-06-12', 'Male', NULL, NULL, NULL, NULL, '', NULL, NULL, NULL, NULL, NULL, NULL, 'father', 'MARINE', '+33 7 69 49 03 47', NULL, NULL, NULL, NULL, 'MARINE', 'Père', '+33 7 69 49 03 47', '', NULL, '', '', '', '', 'yes', NULL, '', '', NULL, 0, NULL, '', NULL, NULL, NULL, NULL, NULL, NULL, '2026-05-02 00:13:00', '2026-05-02 01:24:39'),
(124, 384, '19062', '', NULL, 'ACHRAF', NULL, 'BEN KRICH', 'Yes', NULL, '', '', NULL, NULL, NULL, NULL, NULL, '2016-05-03', 'Male', '', '', '', NULL, '', 0, '', '', '', '', '', 'father', 'MOHAMED', '0666914906', '', '', '', '', 'MOHAMED', 'Père', '0666914906', '', '', '', '', '', '', 'yes', '', '', '', NULL, 0, '', '', NULL, NULL, NULL, NULL, 1, NULL, '2026-05-02 00:13:00', '2026-05-02 22:59:28'),
(125, 385, '19063', NULL, NULL, 'ARIJ', NULL, 'CHAMMAA', NULL, NULL, NULL, NULL, NULL, NULL, NULL, NULL, NULL, '2016-11-04', 'Female', NULL, NULL, NULL, NULL, '', NULL, NULL, NULL, NULL, NULL, NULL, 'father', 'JALAL', '680621197', NULL, NULL, NULL, NULL, 'JALAL', 'Père', '680621197', '', NULL, '', '', '', '', 'yes', NULL, '', '', NULL, 0, NULL, '', NULL, NULL, NULL, NULL, NULL, NULL, '2026-05-02 00:13:00', '2026-05-02 01:24:39'),
(126, 386, '19067', '', NULL, 'SOUHAIB', NULL, 'EL AOUFI', 'Yes', NULL, '', '', NULL, NULL, NULL, NULL, NULL, '2013-10-31', 'Male', '', '', '', NULL, '', 0, '', '', '', '', '', 'father', 'YOUSSEF', '666', '', '', '', '', 'YOUSSEF', 'Père', '666', '', '', '', '', '', '', 'yes', '', '', '', NULL, 0, '', '', NULL, NULL, NULL, NULL, 1, NULL, '2026-05-02 00:13:00', '2026-05-02 22:59:36'),
(127, 387, '19157', NULL, NULL, 'SONDOUS', NULL, 'EL MAJDI', NULL, NULL, NULL, NULL, NULL, NULL, NULL, NULL, NULL, '2016-08-09', 'Female', NULL, NULL, NULL, NULL, '', NULL, NULL, NULL, NULL, NULL, NULL, 'father', 'MOHAMMED', '676779673', NULL, NULL, NULL, NULL, 'MOHAMMED', 'Père', '676779673', '', NULL, '', '', '', '', 'yes', NULL, '', '', NULL, 0, NULL, '', NULL, NULL, NULL, NULL, NULL, NULL, '2026-05-02 00:13:00', '2026-05-02 01:24:39'),
(128, 388, '19182', '', NULL, 'NIZAR', NULL, 'EL MOUDEN', 'Yes', NULL, '', '', NULL, NULL, NULL, NULL, NULL, '2017-01-06', 'Male', '', '', '', NULL, '', 0, '', '', '', '', '', 'father', 'ALAMIN', '661428280', '', '', '', '', 'ALAMIN', 'Père', '661428280', '', '', '', '', '', '', 'yes', '', '', '', NULL, 0, '', '', NULL, NULL, NULL, NULL, 1, NULL, '2026-05-02 00:13:00', '2026-05-02 22:59:47'),
(129, 389, '19213', NULL, NULL, 'HOUDA', NULL, 'CHAROING', NULL, NULL, NULL, NULL, NULL, NULL, NULL, NULL, NULL, '2016-07-04', 'Female', NULL, NULL, NULL, NULL, '', NULL, NULL, NULL, NULL, NULL, NULL, 'mother', NULL, NULL, NULL, 'SAMIRA', '708255080', NULL, 'SAMIRA', 'Mère', '708255080', '', NULL, '', '', '', '', 'yes', NULL, '', '', NULL, 0, NULL, '', NULL, NULL, NULL, NULL, NULL, NULL, '2026-05-02 00:13:00', '2026-05-02 01:24:39'),
(130, 390, '19227', '', NULL, 'ABIR', NULL, 'IMRANI', 'Yes', NULL, '', '', NULL, NULL, NULL, NULL, NULL, '2016-10-18', 'Female', '', '', '', NULL, '', 0, '', '', '', '', '', 'mother', '', '', '', 'DOAA', '714373759', '', 'DOAA', 'Mère', '714373759', '', '', '', '', '', '', 'yes', '', '', '', NULL, 0, '', '', NULL, NULL, NULL, NULL, 1, NULL, '2026-05-02 00:13:00', '2026-05-02 22:59:57'),
(131, 391, '19240', NULL, NULL, 'MOHAMED', NULL, 'EL HARTITI', NULL, NULL, NULL, NULL, NULL, NULL, NULL, NULL, NULL, '2016-07-29', 'Male', NULL, NULL, NULL, NULL, '', NULL, NULL, NULL, NULL, NULL, NULL, 'father', 'DAOUD', '0671374682', NULL, NULL, NULL, NULL, 'DAOUD', 'Père', '0671374682', '', NULL, '', '', '', '', 'yes', NULL, '', '', NULL, 0, NULL, '', NULL, NULL, NULL, NULL, NULL, NULL, '2026-05-02 00:13:00', '2026-05-02 01:24:39'),
(132, 392, '19243', '', NULL, 'EL MEHDI', NULL, 'ESSAFIR', 'Yes', NULL, '', '', NULL, NULL, NULL, NULL, NULL, '2016-06-06', 'Male', '', '', '', NULL, '', 0, '', '', '', '', '', 'father', 'youssra', '0660033837', '', '', '', '', 'youssra', 'Père', '0660033837', '', '', '', '', '', '', 'yes', '', '', '', NULL, 0, '', '', NULL, NULL, NULL, NULL, 1, NULL, '2026-05-02 00:13:00', '2026-05-02 23:00:04'),
(133, 393, '19244', NULL, NULL, 'AICHA', NULL, 'N\'GONGO', NULL, NULL, NULL, NULL, NULL, NULL, NULL, NULL, NULL, '2016-08-19', 'Female', NULL, NULL, NULL, NULL, '', NULL, NULL, NULL, NULL, NULL, NULL, 'mother', NULL, NULL, NULL, 'DIABY FANTA', '012500025', NULL, 'DIABY FANTA', 'Mère', '012500025', '', NULL, '', '', '', '', 'yes', NULL, '', '', NULL, 0, NULL, '', NULL, NULL, NULL, NULL, NULL, NULL, '2026-05-02 00:13:00', '2026-05-02 01:24:39'),
(135, 395, '19282', NULL, NULL, 'NOUR ELHOUDA', NULL, 'ETTALEBY', NULL, NULL, NULL, NULL, NULL, NULL, NULL, NULL, NULL, '2017-02-22', 'Female', NULL, NULL, NULL, NULL, '', NULL, NULL, NULL, NULL, NULL, NULL, 'mother', NULL, NULL, NULL, 'SOAD', '0679136492', NULL, 'SOAD', 'Mère', '0679136492', '', NULL, '', '', '', '', 'yes', NULL, '', '', NULL, 0, NULL, '', NULL, NULL, NULL, NULL, NULL, NULL, '2026-05-02 00:20:45', '2026-05-02 01:24:39'),
(136, 396, '19064', NULL, NULL, 'MOHAMED ISLAM', NULL, 'CHAREF', NULL, NULL, NULL, NULL, NULL, NULL, NULL, NULL, NULL, '2015-09-12', 'Male', NULL, NULL, NULL, NULL, '', NULL, NULL, NULL, NULL, NULL, NULL, 'father', 'SAMIR', '66666666', NULL, NULL, NULL, NULL, 'SAMIR', 'Père', '66666666', '', NULL, '', '', '', '', 'yes', NULL, '', '', NULL, 0, NULL, '', NULL, NULL, NULL, NULL, NULL, NULL, '2026-05-02 00:32:14', '2026-05-02 01:24:39'),
(137, 397, '19065', NULL, NULL, 'NOUR', NULL, 'BOUKHARSSA', NULL, NULL, NULL, NULL, NULL, NULL, NULL, NULL, NULL, '2016-02-16', 'Female', NULL, NULL, NULL, NULL, '', NULL, NULL, NULL, NULL, NULL, NULL, 'father', 'YOUNES', '614866049', NULL, NULL, NULL, NULL, 'YOUNES', 'Père', '614866049', '', NULL, '', '', '', '', 'yes', NULL, '', '', NULL, 0, NULL, '', NULL, NULL, NULL, NULL, NULL, NULL, '2026-05-02 00:32:14', '2026-05-02 01:24:39'),
(138, 398, '19066', NULL, NULL, 'HOUDA', NULL, 'LEMRAJ', NULL, NULL, NULL, NULL, NULL, NULL, NULL, NULL, NULL, '2013-06-14', 'Female', NULL, NULL, NULL, NULL, '', NULL, NULL, NULL, NULL, NULL, NULL, 'father', 'MOHAMED', '66', NULL, NULL, NULL, NULL, 'MOHAMED', 'Père', '66', '', NULL, '', '', '', '', 'yes', NULL, '', '', NULL, 0, NULL, '', NULL, NULL, NULL, NULL, NULL, NULL, '2026-05-02 00:32:14', '2026-05-02 01:24:39'),
(139, 399, '19068', NULL, NULL, 'RANIA', NULL, 'BEN KRICH', NULL, NULL, NULL, NULL, NULL, NULL, NULL, NULL, NULL, '2015-04-19', 'Female', NULL, NULL, NULL, NULL, '', NULL, NULL, NULL, NULL, NULL, NULL, 'father', 'MOHAMED', '661512806', NULL, NULL, NULL, NULL, 'MOHAMED', 'Père', '661512806', '', NULL, '', '', '', '', 'yes', NULL, '', '', NULL, 0, NULL, '', NULL, NULL, NULL, NULL, NULL, NULL, '2026-05-02 00:32:14', '2026-05-02 01:24:39'),
(140, 400, '19126', NULL, NULL, 'AYDAN', NULL, 'KHANDJAR', NULL, NULL, NULL, NULL, NULL, NULL, NULL, NULL, NULL, '2014-06-13', 'Male', NULL, NULL, NULL, NULL, '', NULL, NULL, NULL, NULL, NULL, NULL, 'father', 'KAMAL', '+33 6 42 53 64 62', NULL, NULL, NULL, NULL, 'KAMAL', 'Père', '+33 6 42 53 64 62', '', NULL, '', '', '', '', 'yes', NULL, '', '', NULL, 0, NULL, '', NULL, NULL, NULL, NULL, NULL, NULL, '2026-05-02 00:32:14', '2026-05-02 01:24:39'),
(141, 401, '19203', NULL, NULL, 'HAYTAM', NULL, 'EL AMRANI', NULL, NULL, NULL, NULL, NULL, NULL, NULL, NULL, NULL, '2015-06-01', 'Male', NULL, NULL, NULL, NULL, '', NULL, NULL, NULL, NULL, NULL, NULL, 'father', 'MOHAMMED', '671219898', NULL, NULL, NULL, NULL, 'MOHAMMED', 'Père', '671219898', '', NULL, '', '', '', '', 'yes', NULL, '', '', NULL, 0, NULL, '', NULL, NULL, NULL, NULL, NULL, NULL, '2026-05-02 00:32:14', '2026-05-02 01:24:39'),
(142, 402, '19205', NULL, NULL, 'WAIL', NULL, 'AYYAD', NULL, NULL, NULL, NULL, NULL, NULL, NULL, NULL, NULL, '2016-01-19', 'Male', NULL, NULL, NULL, NULL, '', NULL, NULL, NULL, NULL, NULL, NULL, 'father', 'REDOUANE', '676331015', NULL, NULL, NULL, NULL, 'REDOUANE', 'Père', '676331015', '', NULL, '', '', '', '', 'yes', NULL, '', '', NULL, 0, NULL, '', NULL, NULL, NULL, NULL, NULL, NULL, '2026-05-02 00:32:14', '2026-05-02 01:24:39'),
(143, 403, '19206', NULL, NULL, 'SABER', NULL, 'SADOQ', NULL, NULL, NULL, NULL, NULL, NULL, NULL, NULL, NULL, '2014-07-23', 'Male', NULL, NULL, NULL, NULL, '', NULL, NULL, NULL, NULL, NULL, NULL, 'mother', NULL, NULL, NULL, 'BOUTAINA', '613081796', NULL, 'BOUTAINA', 'Mère', '613081796', '', NULL, '', '', '', '', 'yes', NULL, '', '', NULL, 0, NULL, '', NULL, NULL, NULL, NULL, NULL, NULL, '2026-05-02 00:32:14', '2026-05-02 01:24:39'),
(144, 393, '19245', NULL, NULL, 'ABDOU RAHMANE', NULL, 'N\'DONGO', NULL, NULL, NULL, NULL, NULL, NULL, NULL, NULL, NULL, '2014-09-02', 'Male', NULL, NULL, NULL, NULL, '', NULL, NULL, NULL, NULL, NULL, NULL, 'mother', NULL, NULL, NULL, 'DIABY FANTA', '012500025', NULL, 'DIABY FANTA', 'Mère', '012500025', '', NULL, '', '', '', '', 'yes', NULL, '', '', NULL, 0, NULL, '', NULL, NULL, NULL, NULL, NULL, NULL, '2026-05-02 00:32:14', '2026-05-02 01:24:39'),
(145, 404, '19251', NULL, NULL, 'ABDRHAMAN', NULL, 'N DONGO', NULL, NULL, NULL, NULL, NULL, NULL, NULL, NULL, NULL, '2014-09-02', 'Male', NULL, NULL, NULL, NULL, '', NULL, NULL, NULL, NULL, NULL, NULL, 'mother', NULL, NULL, NULL, 'FANTA', '0648658251', NULL, 'FANTA', 'Mère', '0648658251', '', NULL, '', '', '', '', 'yes', NULL, '', '', NULL, 0, NULL, '', NULL, NULL, NULL, NULL, NULL, NULL, '2026-05-02 00:32:14', '2026-05-02 01:24:39'),
(146, 405, '19258', NULL, NULL, 'MOHAMED REDA', NULL, 'AOULAD ALI', NULL, NULL, NULL, NULL, NULL, NULL, NULL, NULL, NULL, '2015-06-15', 'Male', NULL, NULL, NULL, NULL, '', NULL, NULL, NULL, NULL, NULL, NULL, 'father', 'ALI', '0661335709', NULL, NULL, NULL, NULL, 'ALI', 'Père', '0661335709', '', NULL, '', '', '', '', 'yes', NULL, '', '', NULL, 0, NULL, '', NULL, NULL, NULL, NULL, NULL, NULL, '2026-05-02 00:32:14', '2026-05-02 01:24:39'),
(147, 406, '19269', NULL, NULL, 'SAFIYAH', NULL, 'AFKIR', NULL, NULL, NULL, NULL, NULL, NULL, NULL, NULL, NULL, '2014-04-18', 'Female', NULL, NULL, NULL, NULL, '', NULL, NULL, NULL, NULL, NULL, NULL, 'mother', NULL, NULL, NULL, 'FREYA', '0713531614', NULL, 'FREYA', 'Mère', '0713531614', '', NULL, '', '', '', '', 'yes', NULL, '', '', NULL, 0, NULL, '', NULL, NULL, NULL, NULL, NULL, NULL, '2026-05-02 00:32:14', '2026-05-02 01:24:39'),
(148, 407, '19275', NULL, NULL, 'KADIA', NULL, 'LY', NULL, NULL, NULL, NULL, NULL, NULL, NULL, NULL, NULL, '2017-09-23', 'Female', NULL, NULL, NULL, NULL, '', NULL, NULL, NULL, NULL, NULL, NULL, 'father', 'MAMOUDOU', '0624619239', NULL, NULL, NULL, NULL, 'MAMOUDOU', 'Père', '0624619239', '', NULL, '', '', '', '', 'yes', NULL, '', '', NULL, 0, NULL, '', NULL, NULL, NULL, NULL, NULL, NULL, '2026-05-02 00:32:14', '2026-05-02 01:24:39'),
(149, 408, '19069', NULL, NULL, 'ISRAE', NULL, 'KAMRA', NULL, NULL, NULL, NULL, NULL, NULL, NULL, NULL, NULL, '2014-06-17', 'Female', NULL, NULL, NULL, NULL, '', NULL, NULL, NULL, NULL, NULL, NULL, 'father', 'ADEL', '624629273', NULL, NULL, NULL, NULL, 'ADEL', 'Père', '624629273', '', NULL, '', '', '', '', 'yes', NULL, '', '', NULL, 0, NULL, '', NULL, NULL, NULL, NULL, NULL, NULL, '2026-05-02 00:39:50', '2026-05-02 01:24:39'),
(150, 409, '19070', '', NULL, 'SOUNDOUS', NULL, 'EL IMRANI', 'Yes', NULL, '', '', NULL, NULL, NULL, NULL, NULL, '2015-02-24', 'Female', '', '', '', NULL, '', 0, '', '', '', '', '', 'father', 'RACHID', '673530431', '', '', '', '', 'RACHID', 'Père', '673530431', '', '', '', '', '', '', 'yes', '', '', '', NULL, 0, '', '', NULL, NULL, NULL, NULL, 1, NULL, '2026-05-02 00:39:50', '2026-05-02 23:07:36'),
(151, 410, '19072', '', NULL, 'HIDAYA', NULL, 'EL FECHTALI', 'Yes', NULL, '', '', NULL, NULL, NULL, NULL, NULL, '2014-08-20', 'Female', '', '', '', NULL, '', 0, '', '', '', '', '', 'father', 'NOREDDINE', '668894013', '', '', '', '', 'NOREDDINE', 'Père', '668894013', '', '', '', '', '', '', 'yes', '', '', '', NULL, 0, '', '', NULL, NULL, NULL, NULL, 1, NULL, '2026-05-02 00:39:50', '2026-05-02 23:07:42'),
(152, 411, '19073', NULL, NULL, 'BAYAN', NULL, 'BOUKHZAR', NULL, NULL, NULL, NULL, NULL, NULL, NULL, NULL, NULL, '2015-01-10', 'Female', NULL, NULL, NULL, NULL, '', NULL, NULL, NULL, NULL, NULL, NULL, 'father', 'BOUCHAIB', '672112829', NULL, NULL, NULL, NULL, 'BOUCHAIB', 'Père', '672112829', '', NULL, '', '', '', '', 'yes', NULL, '', '', NULL, 0, NULL, '', NULL, NULL, NULL, NULL, NULL, NULL, '2026-05-02 00:39:50', '2026-05-02 01:24:39'),
(153, 373, '19074', '', NULL, 'BARAA', NULL, 'LOUTA', 'Yes', NULL, '', '', NULL, NULL, NULL, NULL, NULL, '2014-08-23', 'Female', '', '', '', NULL, '', 0, '', '', '', '', '', 'father', 'ABDELLATIF', '662060318', '', '', '', '', 'ABDELLATIF', 'Père', '662060318', '', '', '', '', '', '', 'yes', '', '', '', NULL, 0, '', '', NULL, NULL, NULL, NULL, 1, NULL, '2026-05-02 00:39:50', '2026-05-02 23:07:49'),
(154, 412, '19075', NULL, NULL, 'BELAL', NULL, 'ARKHOUCH', NULL, NULL, NULL, NULL, NULL, NULL, NULL, NULL, NULL, '2015-01-23', 'Male', NULL, NULL, NULL, NULL, '', NULL, NULL, NULL, NULL, NULL, NULL, 'father', 'MONAIM', '640207905', NULL, NULL, NULL, NULL, 'MONAIM', 'Père', '640207905', '', NULL, '', '', '', '', 'yes', NULL, '', '', NULL, 0, NULL, '', NULL, NULL, NULL, NULL, NULL, NULL, '2026-05-02 00:39:50', '2026-05-02 01:24:39'),
(155, 413, '19076', '', NULL, 'AFTIS', NULL, 'RANA  ', 'Yes', NULL, '', '', NULL, NULL, NULL, NULL, NULL, '2014-08-11', 'Female', '', '', '', NULL, '', 0, '', '', '', '', '', 'father', 'ALI', '02020202', '', '', '', '', 'ALI', 'Père', '02020202', '', '', '', '', '', '', 'yes', '', '', '', NULL, 0, '', '', NULL, NULL, NULL, NULL, 1, NULL, '2026-05-02 00:39:50', '2026-05-02 23:07:54'),
(156, 414, '19077', NULL, NULL, 'AYOUB', NULL, 'GHENOUN', NULL, NULL, NULL, NULL, NULL, NULL, NULL, NULL, NULL, '2014-07-27', 'Male', NULL, NULL, NULL, NULL, '', NULL, NULL, NULL, NULL, NULL, NULL, 'father', 'MOHAMMED', '555555', NULL, NULL, NULL, NULL, 'MOHAMMED', 'Père', '555555', '', NULL, '', '', '', '', 'yes', NULL, '', '', NULL, 0, NULL, '', NULL, NULL, NULL, NULL, NULL, NULL, '2026-05-02 00:39:50', '2026-05-02 01:24:39'),
(157, 415, '19078', '', NULL, 'MOHAMED', NULL, 'ARKHOUCH', 'Yes', NULL, '', '', NULL, NULL, NULL, NULL, NULL, '2014-02-11', 'Male', '', '', '', NULL, '', 0, '', '', '', '', '', 'father', 'MONAIM', 'O640207905', '', '', '', '', 'MONAIM', 'Père', 'O640207905', '', '', '', '', '', '', 'yes', '', '', '', NULL, 0, '', '', NULL, NULL, NULL, NULL, 1, NULL, '2026-05-02 00:39:50', '2026-05-02 23:08:01'),
(158, 416, '19079', NULL, NULL, 'ABDERRAHMAN', NULL, 'AKDI', NULL, NULL, NULL, NULL, NULL, NULL, NULL, NULL, NULL, '2014-09-17', 'Male', NULL, NULL, NULL, NULL, '', NULL, NULL, NULL, NULL, NULL, NULL, 'father', 'M\'FEDAL', '677142271', NULL, NULL, NULL, NULL, 'M\'FEDAL', 'Père', '677142271', '', NULL, '', '', '', '', 'yes', NULL, '', '', NULL, 0, NULL, '', NULL, NULL, NULL, NULL, NULL, NULL, '2026-05-02 00:39:50', '2026-05-02 01:24:39'),
(159, 417, '19080', '', NULL, 'WALAE', NULL, 'EL HARTITI', 'Yes', NULL, '', '', NULL, NULL, NULL, NULL, NULL, '2015-02-03', 'Female', '', '', '', NULL, '', 0, '', '', '', '', '', 'father', 'BILAL', '668532841', '', '', '', '', 'BILAL', 'Père', '668532841', '', '', '', '', '', '', 'yes', '', '', '', NULL, 0, '', '', NULL, NULL, NULL, NULL, 1, NULL, '2026-05-02 00:39:50', '2026-05-02 23:08:08'),
(160, 418, '19081', NULL, NULL, 'ROEYA', NULL, 'BEN AMAR', NULL, NULL, NULL, NULL, NULL, NULL, NULL, NULL, NULL, '2015-01-30', 'Female', NULL, NULL, NULL, NULL, '', NULL, NULL, NULL, NULL, NULL, NULL, 'father', 'MOHAMED', '691809088', NULL, NULL, NULL, NULL, 'MOHAMED', 'Père', '691809088', '', NULL, '', '', '', '', 'yes', NULL, '', '', NULL, 0, NULL, '', NULL, NULL, NULL, NULL, NULL, NULL, '2026-05-02 00:39:50', '2026-05-02 01:24:39'),
(161, 419, '19082', '', NULL, 'ABDERRAHMANE', NULL, 'EL M\'KADDEM', NULL, NULL, '', '', NULL, NULL, NULL, NULL, NULL, '2014-07-04', 'Male', '', '', '', NULL, '', 0, '', '', '', '', '', 'father', 'abdelali', '***', '', '', '', '', 'abdelali', 'Père', '***', '', '', '', '', '', '', 'yes', '', '', '', NULL, 0, '', '', NULL, NULL, NULL, NULL, 1, NULL, '2026-05-02 00:39:50', '2026-05-02 23:08:13'),
(162, 420, '19083', NULL, NULL, 'MOHAMED', NULL, 'AHMIDAN', NULL, NULL, NULL, NULL, NULL, NULL, NULL, NULL, NULL, '2012-03-20', 'Male', NULL, NULL, NULL, NULL, '', NULL, NULL, NULL, NULL, NULL, NULL, 'father', 'MOHAMED', '0636562921', NULL, NULL, NULL, NULL, 'MOHAMED', 'Père', '0636562921', '', NULL, '', '', '', '', 'yes', NULL, '', '', NULL, 0, NULL, '', NULL, NULL, NULL, NULL, NULL, NULL, '2026-05-02 00:39:50', '2026-05-02 01:24:39'),
(163, 421, '19084', '', NULL, 'Ellen', NULL, 'Bawazir', 'Yes', NULL, '', '', NULL, NULL, NULL, NULL, NULL, '2013-04-19', 'Female', '', '', '', NULL, '', 0, '', '', '', '', '', 'father', 'SAID', '636562921', '', '', '', '', 'SAID', 'Père', '636562921', '', '', '', '', '', '', 'yes', '', '', '', NULL, 0, '', '', NULL, NULL, NULL, NULL, 1, NULL, '2026-05-02 00:39:50', '2026-05-02 23:08:19'),
(164, 422, '19085', NULL, NULL, 'ILYASS', NULL, 'EL KORTI', NULL, NULL, NULL, NULL, NULL, NULL, NULL, NULL, NULL, '2014-12-29', 'Male', NULL, NULL, NULL, NULL, '', NULL, NULL, NULL, NULL, NULL, NULL, 'father', 'EL MOSTAPHA', '66666666', NULL, NULL, NULL, NULL, 'EL MOSTAPHA', 'Père', '66666666', '', NULL, '', '', '', '', 'yes', NULL, '', '', NULL, 0, NULL, '', NULL, NULL, NULL, NULL, NULL, NULL, '2026-05-02 00:39:50', '2026-05-02 01:24:39'),
(165, 423, '19127', NULL, NULL, 'MALIKA', NULL, 'KHANJANR', NULL, NULL, NULL, NULL, NULL, NULL, NULL, NULL, NULL, '2014-06-13', 'Female', NULL, NULL, NULL, NULL, '', NULL, NULL, NULL, NULL, NULL, NULL, 'father', 'KAMAL', '+33 6 42 53 64 62', NULL, NULL, NULL, NULL, 'KAMAL', 'Père', '+33 6 42 53 64 62', '', NULL, '', '', '', '', 'yes', NULL, '', '', NULL, 0, NULL, '', NULL, NULL, NULL, NULL, NULL, NULL, '2026-05-02 00:39:50', '2026-05-02 01:24:39'),
(166, 424, '450', '', NULL, 'HAROUN', NULL, 'EL HARTITI', NULL, NULL, '', '', NULL, NULL, NULL, NULL, NULL, '2014-06-22', 'Male', '', '', '', NULL, '', 0, '', '', '', '', '', 'father', 'YASSINE', '0661337490', '', '', '', '', 'YASSINE', 'Père', '0661337490', '', '', '', '', '', '', 'yes', '', '', '', NULL, 0, '', '', NULL, NULL, NULL, NULL, 1, NULL, '2026-05-02 00:39:50', '2026-05-02 23:08:24'),
(167, 425, '19156', NULL, NULL, 'HAYTAM', NULL, 'NOURTI', NULL, NULL, NULL, NULL, NULL, NULL, NULL, NULL, NULL, '2014-05-25', 'Male', NULL, NULL, NULL, NULL, '', NULL, NULL, NULL, NULL, NULL, NULL, 'father', 'ABDELKHALAK', '606858336', NULL, NULL, NULL, NULL, 'ABDELKHALAK', 'Père', '606858336', '', NULL, '', '', '', '', 'yes', NULL, '', '', NULL, 0, NULL, '', NULL, NULL, NULL, NULL, NULL, NULL, '2026-05-02 00:39:50', '2026-05-02 01:24:39'),
(168, 426, '19160', '', NULL, 'RITAJ', NULL, 'KHALOUF', 'Yes', NULL, '', '', NULL, NULL, NULL, NULL, NULL, '2014-08-29', 'Female', '', '', '', NULL, '', 0, '', '', '', '', '', 'mother', '', '', '', 'ZAHRA', '652368870', '', 'ZAHRA', 'Mère', '652368870', '', '', '', '', '', '', 'yes', '', '', '', NULL, 0, '', '', NULL, NULL, NULL, NULL, 1, NULL, '2026-05-02 00:39:50', '2026-05-02 23:09:09'),
(169, 427, '19163', NULL, NULL, 'SIRAJ', NULL, 'EL ANJRI SARHAOUNI', NULL, NULL, NULL, NULL, NULL, NULL, NULL, NULL, NULL, '2014-11-14', 'Male', NULL, NULL, NULL, NULL, '', NULL, NULL, NULL, NULL, NULL, NULL, 'father', 'IMAD', '667597492', NULL, NULL, NULL, NULL, 'IMAD', 'Père', '667597492', '', NULL, '', '', '', '', 'yes', NULL, '', '', NULL, 0, NULL, '', NULL, NULL, NULL, NULL, NULL, NULL, '2026-05-02 00:39:50', '2026-05-02 01:24:39'),
(170, 428, '19199', '', NULL, 'LINA', NULL, 'AKDI', 'Yes', NULL, '', '', NULL, NULL, NULL, NULL, NULL, '2014-04-23', 'Female', '', '', '', NULL, '', 0, '', '', '', '', '', 'father', 'REDOUANE', '619171365', '', '', '', '', 'REDOUANE', 'Père', '619171365', '', '', '', '', '', '', 'yes', '', '', '', NULL, 0, '', '', NULL, NULL, NULL, NULL, 1, NULL, '2026-05-02 00:39:50', '2026-05-02 23:09:15'),
(171, 429, '19202', NULL, NULL, 'TASNIM', NULL, 'ABOUAINAN', NULL, NULL, NULL, NULL, NULL, NULL, NULL, NULL, NULL, '2014-10-10', 'Female', NULL, NULL, NULL, NULL, '', NULL, NULL, NULL, NULL, NULL, NULL, 'mother', NULL, NULL, NULL, 'JANNA', '670165899', NULL, 'JANNA', 'Mère', '670165899', '', NULL, '', '', '', '', 'yes', NULL, '', '', NULL, 0, NULL, '', NULL, NULL, NULL, NULL, NULL, NULL, '2026-05-02 00:39:50', '2026-05-02 01:24:39'),
(172, 430, '19207', '', NULL, 'AL MOATASSEM BILLAH', NULL, 'BOUZID', 'Yes', NULL, '', '', NULL, NULL, NULL, NULL, NULL, '2015-03-09', 'Male', '', '', '', NULL, '', 0, '', '', '', '', '', 'mother', '', '', '', 'ASSIA', '698451765', '', 'ASSIA', 'Mère', '698451765', '', '', '', '', '', '', 'yes', '', '', '', NULL, 0, '', '', NULL, NULL, NULL, NULL, 1, NULL, '2026-05-02 00:39:50', '2026-05-02 23:09:21'),
(173, 431, '19226', NULL, NULL, 'MOHAMMED', NULL, 'IMRANI', NULL, NULL, NULL, NULL, NULL, NULL, NULL, NULL, NULL, '2014-10-22', 'Male', NULL, NULL, NULL, NULL, '', NULL, NULL, NULL, NULL, NULL, NULL, 'mother', NULL, NULL, NULL, 'DOAA', '714373759', NULL, 'DOAA', 'Mère', '714373759', '', NULL, '', '', '', '', 'yes', NULL, '', '', NULL, 0, NULL, '', NULL, NULL, NULL, NULL, NULL, NULL, '2026-05-02 00:39:50', '2026-05-02 01:24:39'),
(174, 432, '19242', NULL, NULL, 'SAMI', NULL, 'SAYAR', NULL, NULL, NULL, NULL, NULL, NULL, NULL, NULL, NULL, '2025-09-11', 'Male', NULL, NULL, NULL, NULL, '', NULL, NULL, NULL, NULL, NULL, NULL, 'mother', NULL, NULL, NULL, 'WASSIMA', '0707932216', NULL, 'WASSIMA', 'Mère', '0707932216', '', NULL, '', '', '', '', 'yes', NULL, '', '', NULL, 0, NULL, '', NULL, NULL, NULL, NULL, NULL, NULL, '2026-05-02 00:39:50', '2026-05-02 01:24:39'),
(175, 433, '19256', '', NULL, 'YAHYA', NULL, 'LKARRICHI', 'Yes', NULL, '', '', NULL, NULL, NULL, NULL, NULL, '2014-08-31', 'Male', '', '', '', NULL, '', 0, '', '', '', '', '', 'father', 'BRAHIM', '0677195150', '', '', '', '', 'BRAHIM', 'Père', '0677195150', '', '', '', '', '', '', 'yes', '', '', '', NULL, 0, '', '', NULL, NULL, NULL, NULL, 1, NULL, '2026-05-02 00:39:50', '2026-05-02 23:09:27'),
(176, 434, '19261', NULL, NULL, 'AHMED SIRAJ', NULL, 'RAJRAJI', NULL, NULL, NULL, NULL, NULL, NULL, NULL, NULL, NULL, '2015-04-16', 'Male', NULL, NULL, NULL, NULL, '', NULL, NULL, NULL, NULL, NULL, NULL, 'father', 'YOUNES', '0668018151', NULL, NULL, NULL, NULL, 'YOUNES', 'Père', '0668018151', '', NULL, '', '', '', '', 'yes', NULL, '', '', NULL, 0, NULL, '', NULL, NULL, NULL, NULL, NULL, NULL, '2026-05-02 00:39:50', '2026-05-02 01:24:39'),
(177, 435, '19262', '', NULL, 'RITAJ', NULL, 'EL HARTITI', 'Yes', NULL, '', '', NULL, NULL, NULL, NULL, NULL, '2014-07-05', 'Female', '', '', '', NULL, '', 0, '', '', '', '', '', 'father', 'NABIL', '0661284214', '', '', '', '', 'NABIL', 'Père', '0661284214', '', '', '', '', '', '', 'yes', '', '', '', NULL, 0, '', '', NULL, NULL, NULL, NULL, 1, NULL, '2026-05-02 00:39:50', '2026-05-02 23:09:32'),
(178, 436, '19267', NULL, NULL, 'AMIRA', NULL, 'SGHIAR', NULL, NULL, NULL, NULL, NULL, NULL, NULL, NULL, NULL, '2014-12-19', 'Female', NULL, NULL, NULL, NULL, '', NULL, NULL, NULL, NULL, NULL, NULL, 'father', 'ANOUAR', '0689658967', NULL, NULL, NULL, NULL, 'ANOUAR', 'Père', '0689658967', '', NULL, '', '', '', '', 'yes', NULL, '', '', NULL, 0, NULL, '', NULL, NULL, NULL, NULL, NULL, NULL, '2026-05-02 00:39:50', '2026-05-02 01:24:39'),
(179, 437, '1', NULL, NULL, 'adad', NULL, 'Amadou', NULL, NULL, NULL, NULL, NULL, NULL, NULL, NULL, NULL, '2025-09-04', 'Male', NULL, NULL, NULL, NULL, '', NULL, NULL, NULL, NULL, NULL, NULL, 'father', 'AMADOU', '0701234567', NULL, NULL, NULL, NULL, 'AMADOU', 'Father', '0701234567', '', NULL, '', '', '', '', 'yes', NULL, '', '', NULL, 0, NULL, '', NULL, NULL, NULL, NULL, NULL, NULL, '2026-05-02 00:39:50', '2026-05-02 01:24:39'),
(180, 438, '19071', NULL, NULL, 'ROMAISSAE', NULL, 'AIT ALLA', NULL, NULL, NULL, NULL, NULL, NULL, NULL, NULL, NULL, '2014-11-14', 'Female', NULL, NULL, NULL, NULL, '', NULL, NULL, NULL, NULL, NULL, NULL, 'father', 'BRAHIM', '06.61.17.37.02', NULL, NULL, NULL, NULL, 'BRAHIM', 'Père', '06.61.17.37.02', '', NULL, '', '', '', '', 'yes', NULL, '', '', NULL, 0, NULL, '', NULL, NULL, NULL, NULL, NULL, NULL, '2026-05-02 00:39:50', '2026-05-02 01:24:39'),
(181, 439, '19106', '', NULL, 'AMJAD', NULL, 'AHADRI', 'Yes', NULL, '', '', NULL, NULL, NULL, NULL, NULL, '2019-10-31', 'Male', '', '', '', NULL, '', 0, '', '', '', '', '', 'father', 'ABDESALAM', '687919280', '', '', '', '', 'ABDESALAM', 'Père', '687919280', '', '', '', '', '', '', 'yes', '', '', '', NULL, 0, '', '', NULL, NULL, NULL, NULL, 1, NULL, '2026-05-02 00:39:50', '2026-05-02 23:09:38'),
(182, 440, '19136', '', NULL, 'SIRAJ', NULL, 'ZNAGI', 'Yes', NULL, '', '', NULL, NULL, NULL, NULL, NULL, '2025-01-01', 'Male', '', '', '', NULL, '', 0, '', '', '', '', '', 'father', 'XXXX', '66666666', '', '', '', '', 'XXXX', 'Père', '66666666', '', '', '', '', '', '', 'yes', '', '', '', NULL, 0, '', '', NULL, NULL, NULL, NULL, 1, NULL, '2026-05-02 00:39:50', '2026-05-02 23:09:44'),
(183, 441, '19137', NULL, NULL, 'AHMED', NULL, 'DOUINI', NULL, NULL, NULL, NULL, NULL, NULL, NULL, NULL, NULL, '2025-01-01', 'Male', NULL, NULL, NULL, NULL, '', NULL, NULL, NULL, NULL, NULL, NULL, 'father', 'XXXX', '66666666', NULL, NULL, NULL, NULL, 'XXXX', 'Père', '66666666', '', NULL, '', '', '', '', 'yes', NULL, '', '', NULL, 0, NULL, '', NULL, NULL, NULL, NULL, NULL, NULL, '2026-05-02 00:39:50', '2026-05-02 01:24:39'),
(184, 442, '19155', '', NULL, 'MOHAMED ISLAM', NULL, 'CHAREF', 'Yes', NULL, '', '', NULL, NULL, NULL, NULL, NULL, '2015-09-12', 'Male', '', '', '', NULL, '', 0, '', '', '', '', '', 'father', 'SAMIR', '696698987', '', '', '', '', 'SAMIR', 'Père', '696698987', '', '', '', '', '', '', 'yes', '', '', '', NULL, 0, '', '', NULL, NULL, NULL, NULL, 1, NULL, '2026-05-02 00:39:50', '2026-05-02 23:09:49'),
(185, 443, '19177', '', NULL, 'AALYAE', NULL, 'BENDRISS', 'Yes', NULL, '', '', NULL, NULL, NULL, NULL, NULL, '2017-06-30', 'Female', '', '', '', NULL, '', 0, '', '', '', '', '', 'mother', '', '', '', 'NOURA', '775899304', '', 'NOURA', 'Mère', '775899304', '', '', '', '', '', '', 'yes', '', '', '', NULL, 0, '', '', NULL, NULL, NULL, NULL, 1, NULL, '2026-05-02 00:39:50', '2026-05-02 23:09:54'),
(186, 444, '19186', NULL, NULL, 'BASMA', NULL, 'RIAT', NULL, NULL, NULL, NULL, NULL, NULL, NULL, NULL, NULL, '2019-05-22', 'Female', NULL, NULL, NULL, NULL, '', NULL, NULL, NULL, NULL, NULL, NULL, 'father', 'MOAD', '620032346', NULL, NULL, NULL, NULL, 'MOAD', 'Père', '620032346', '', NULL, '', '', '', '', 'yes', NULL, '', '', NULL, 0, NULL, '', NULL, NULL, NULL, NULL, NULL, NULL, '2026-05-02 00:39:50', '2026-05-02 01:24:39'),
(187, 445, '19229', '', NULL, 'MOHAMMED AMINE', NULL, 'EL HARTITI', 'Yes', NULL, '', '', NULL, NULL, NULL, NULL, NULL, '2018-01-13', 'Male', '', '', '', NULL, '', 0, '', '', '', '', '', 'father', 'BILAL', '668532841', '', '', '', '', 'BILAL', 'Père', '668532841', '', '', '', '', '', '', 'yes', '', '', '', NULL, 0, '', '', NULL, NULL, NULL, NULL, 1, NULL, '2026-05-02 00:39:50', '2026-05-02 23:14:57'),
(188, 447, 'STD19230', '', '2026-05-13', 'INAS', NULL, 'FAJR', 'No', NULL, '', '', NULL, NULL, NULL, NULL, NULL, '2015-11-02', 'Female', '', '', '', NULL, '', 0, '', '', '', '', '', 'father', 'SAID', '0666293627', '', 'BOUCHRA', '0661760795', '', 'SAID', 'Père', '0666293627', '', '', '', '', '', '', 'yes', '', '', '', NULL, 0, '', '', NULL, NULL, NULL, NULL, 3, NULL, '2026-05-13 11:33:36', '2026-05-13 11:33:36'),
(189, 449, 'STD19231', '', '2026-05-13', 'ADAM', NULL, 'FAJR', 'No', NULL, '', '', NULL, NULL, NULL, NULL, NULL, '2019-07-09', 'Male', '', '', '', NULL, '', 0, '', '', '', '', '', 'father', 'SAID', '0666293627', '', 'BOUCHRA', '0661760795', '', 'SAID', 'Père', '0666293627', '', '', '', '', '', '', 'yes', '', '', '', NULL, 0, '', '', NULL, NULL, NULL, NULL, 3, NULL, '2026-05-13 11:39:18', '2026-05-13 11:39:18'),
(190, 451, 'STD19232', '', '2026-05-13', 'OTHMANE', NULL, 'BAJJAR', 'No', NULL, '', '', NULL, NULL, NULL, NULL, NULL, '2018-01-20', 'Male', '', '', '', NULL, '', 0, '', '', '', '', '', 'father', 'MOHAMED', '0672944984', '', 'HASNAE', '0669903733', '', 'MOHAMED', 'Père', '0672944984', '', '', '', '', '', '', 'yes', '', '', '', NULL, 0, '', '', NULL, NULL, NULL, NULL, 3, NULL, '2026-05-13 11:46:35', '2026-05-13 11:46:35'),
(191, 453, 'STD19233', '', '2026-05-13', 'YASMINE', NULL, 'BENDHAIBA', 'No', NULL, '', '', NULL, NULL, NULL, NULL, NULL, '2015-09-17', 'Female', '', '', '', NULL, '', 0, '', '', '', '', '', 'father', 'MOHAMED', '0600630686', '', 'RITA', '0631886106', '', 'MOHAMED', 'Père', '0600630686', '', '', '', '', '', '', 'yes', '', '', '', NULL, 0, '', '', NULL, NULL, NULL, NULL, 3, NULL, '2026-05-13 12:00:17', '2026-05-13 12:00:17'),
(192, 455, 'STD19234', '', '2026-05-13', 'OMAR', NULL, 'BENDHAIBA', 'No', NULL, '', '', NULL, NULL, NULL, NULL, NULL, '2022-07-11', 'Male', '', '', '', NULL, '', 0, '', '', '', '', '', 'father', 'MOHAMED', '0600630686', '', 'RITA', '0631886106', '', 'MOHAMED', 'Père', '0600630686', '', '', '', '', '', '', 'yes', '', '', '', NULL, 0, '', '', NULL, NULL, NULL, NULL, 1, NULL, '2026-05-13 12:02:30', '2026-06-03 10:01:22'),
(193, 457, 'STD19235', '', '2026-05-13', 'JOUDYA', NULL, 'BENDHAIBA', 'No', NULL, '', '', NULL, NULL, NULL, NULL, NULL, '2020-02-10', 'Female', '', '', '', NULL, '', 0, '', '', '', '', '', 'father', 'MOHAMED', '0600630686', '', 'RITA', '0631886106', '', 'MOHAMED', 'Père', '0600630686', '', '', '', '', '', '', 'yes', '', '', '', NULL, 0, '', '', NULL, NULL, NULL, NULL, 3, NULL, '2026-05-13 12:04:42', '2026-05-13 12:04:42'),
(194, 459, 'STD19236', '', '2026-05-13', 'MOSSAB', NULL, 'EL KARKRI', 'No', NULL, '', '', NULL, NULL, NULL, NULL, NULL, '2021-11-23', 'Male', '', '', '', NULL, '', 0, '', '', '', '', '', 'mother', '', '', '', 'OUMAIMA', '0619991636', '', 'OUMAIMA', 'Mère', '0619991636', '', '', '', '', '', '', 'yes', '', '', '', NULL, 0, '', '', NULL, NULL, NULL, NULL, 3, NULL, '2026-05-13 12:20:57', '2026-05-13 12:20:57'),
(195, 461, 'STD19237', '', '2026-05-13', 'NASSIBA', NULL, 'EL KARKRI', 'No', NULL, '', '', NULL, NULL, NULL, NULL, NULL, '2016-09-24', 'Female', '', '', '', NULL, '', 0, '', '', '', '', '', 'mother', '', '', '', 'OUMAIMA', '0619991636', '', 'OUMAIMA', 'Mère', '0619991636', '', '', '', '', '', '', 'yes', '', '', '', NULL, 0, '', '', NULL, NULL, NULL, NULL, 3, NULL, '2026-05-13 12:23:15', '2026-05-13 12:23:15'),
(196, 463, 'STD19238', '', '2026-05-13', 'KAMILLA', NULL, 'HATTAB', 'No', NULL, '', '', NULL, NULL, NULL, NULL, NULL, '2020-08-20', 'Female', '', '', '', NULL, '', 0, '', '', '', '', '', 'father', 'MOHAMMED', '0652442166', '', '', '', '', 'MOHAMMED', 'Père', '0652442166', '', '', '', '', '', '', 'yes', '', '', '', NULL, 0, '', '', NULL, NULL, NULL, NULL, 3, NULL, '2026-05-13 12:57:00', '2026-05-13 12:57:00'),
(197, 465, 'STD19239', '', '2026-05-20', 'RODAYNA', NULL, 'BENALI', 'No', NULL, '', '', NULL, NULL, NULL, NULL, NULL, '2020-08-14', 'Female', '', '', '', NULL, '', 0, '', '', '', '', '', 'father', 'MOHAMED', '0666660593', '', 'AICHA', '0700329928', '', 'MOHAMED', 'Père', '0666660593', '', '', '', '', '', '', 'yes', '', '', '', NULL, 0, '', '', NULL, NULL, NULL, NULL, 3, NULL, '2026-05-20 13:07:58', '2026-05-20 13:07:58'),
(198, 467, 'STD19240', '', '2026-06-02', 'MOHAMED REDA', NULL, 'TAGHI', 'No', NULL, '', '', NULL, NULL, NULL, NULL, NULL, '2021-12-13', 'Male', '', '', '', NULL, '', 0, '', '', '', '', '', 'father', 'ABDE HAFID', '0677867596', '', 'FADOUA', '0621505669', '', 'ABDE HAFID', 'Père', '0677867596', '', '', '', '', '', '', 'yes', '', '', '', NULL, 0, '', '', NULL, NULL, NULL, NULL, 3, NULL, '2026-06-02 11:04:36', '2026-06-02 11:04:36'),
(199, 469, 'STD19241', '', '2026-06-02', 'HANAE', NULL, 'EL OUAARI', 'No', NULL, '', '', NULL, NULL, NULL, NULL, NULL, '2021-02-20', 'Female', '', '', '', NULL, '', 0, '', '', '', '', '', 'father', 'MOHAMMED', '0600633787', '', 'HANAE', '0657799840', '', 'MOHAMMED', 'Père', '0600633787', '', '', '', '', '', '', 'yes', '', '', '', NULL, 0, '', '', NULL, NULL, NULL, NULL, 3, NULL, '2026-06-02 11:12:02', '2026-06-02 11:12:02'),
(200, 471, 'STD19242', '', '2026-06-02', 'MARAM', NULL, 'SABBAN', 'No', NULL, '', '', NULL, NULL, NULL, NULL, NULL, '2022-06-14', 'Female', '', '', '', NULL, '', 0, '', '', '', '', '', 'father', 'IMAD', '0668632705', '', '', '', '', 'IMAD', 'Père', '0668632705', '', '', '', '', '', '', 'yes', '', '', '', NULL, 0, '', '', NULL, NULL, NULL, NULL, 3, NULL, '2026-06-02 11:16:59', '2026-06-02 11:16:59'),
(201, 473, 'STD19243', '', '2026-06-02', 'MOHAMED HOUD', NULL, 'HIBI', 'No', NULL, '', '', NULL, NULL, NULL, NULL, NULL, '2020-11-28', 'Male', '', '', '', NULL, '', 0, '', '', '', '', '', 'father', 'AYOUB', '0675538263', '', 'MERYEM', '0690102429', '', 'AYOUB', 'Père', '0675538263', '', '', '', '', '', '', 'yes', '', '', '', NULL, 0, '', '', NULL, NULL, NULL, NULL, 3, NULL, '2026-06-02 11:42:55', '2026-06-02 11:42:55'),
(202, 475, 'STD19244', '', '2026-06-08', 'MIRAL', NULL, 'EL IMRANI', 'No', NULL, '', '', NULL, NULL, NULL, NULL, NULL, '2021-03-17', 'Female', '', '', '', NULL, '', 0, '', '', '', '', '', 'father', 'ABDELELLAH', '0607838197', '', 'NISRINE', '0636506047', '', 'ABDELELLAH', 'Père', '0607838197', '', '', '', '', '', '', 'yes', '', '', '', NULL, 0, '', '', NULL, NULL, NULL, NULL, 3, NULL, '2026-06-08 08:06:08', '2026-06-08 08:06:08'),
(203, 477, 'STD19245', '', '2026-06-08', 'ANOUAR', NULL, 'OUALISAOU', 'No', NULL, '', '', NULL, NULL, NULL, NULL, NULL, '2022-12-27', 'Male', '', '', '', NULL, '', 0, '', '', '', '', '', 'father', 'NAJAH', '0667624932', '', 'FATIMA', '0648835575', '', 'NAJAH', 'Père', '0667624932', '', '', '', '', '', '', 'yes', '', '', '', NULL, 0, '', '', NULL, NULL, NULL, NULL, 3, NULL, '2026-06-08 12:40:00', '2026-06-08 12:40:00'),
(204, 479, 'STD19246', '', '2026-06-12', 'ZIYAD', NULL, 'BOUSSAMA', 'No', NULL, '', '', NULL, NULL, NULL, NULL, NULL, '2021-04-09', 'Male', '', '', '', NULL, '', 0, '', '', '', '', '', 'father', 'ABDEAZIZ', '0602983621', '', 'NOUR EL HOUDA', '0690313961', '', 'ABDEAZIZ', 'Père', '0602983621', '', '', '', '', '', '', 'yes', '', '', '', NULL, 0, '', '', NULL, NULL, NULL, NULL, 3, NULL, '2026-06-12 13:19:59', '2026-06-12 13:19:59'),
(205, 481, 'STD19247', '', '2026-06-12', 'IYAD', NULL, 'EL RHIOUANE', 'No', NULL, '', '', NULL, NULL, NULL, NULL, NULL, '2020-11-26', 'Male', '', '', '', NULL, '', 0, '', '', '', '', '', 'father', 'RACHID', '0641555346', '', 'YOUSRA', '0619755264', '', 'RACHID', 'Père', '0641555346', '', '', '', '', '', '', 'yes', '', '', '', NULL, 0, '', '', NULL, NULL, NULL, NULL, 3, NULL, '2026-06-12 13:28:35', '2026-06-12 13:28:35'),
(206, 483, 'STD19248', '', '2026-06-16', 'INASS', NULL, 'CHAKOUR', 'No', NULL, '', '', NULL, NULL, NULL, NULL, NULL, '2020-04-06', 'Female', '', '', '', NULL, '', 0, '', '', '', '', '', 'father', 'MOHAMED', '066666666', '', '', '', '', 'MOHAMED', 'Père', '066666666', '', '', '', '', '', '', 'yes', '', '', '', NULL, 0, '', '', NULL, NULL, NULL, NULL, 3, NULL, '2026-06-16 11:15:02', '2026-06-16 11:15:02'),
(207, 485, 'STD19249', '', '2026-06-19', 'ASSIR ISLAM', NULL, 'AL AISSAOUI', 'No', NULL, '', '', NULL, NULL, NULL, NULL, NULL, '2020-12-21', 'Male', '', '', '', NULL, '', 0, '', '', '', '', '', 'father', 'ABDELMONYM', '0641907152', '', '', '', '', 'ABDELMONYM', 'Père', '0641907152', '', '', '', '', '', '', 'yes', '', '', '', NULL, 0, '', '', NULL, NULL, NULL, NULL, 3, NULL, '2026-06-19 10:38:37', '2026-06-19 10:38:37'),
(208, 487, 'STD19250', '', '2026-06-22', 'LINAH', NULL, 'KARIM HADIQ', 'No', NULL, '', '', NULL, NULL, NULL, NULL, NULL, '2022-01-26', 'Female', '', '', '', NULL, '', 0, '', '', '', '', '', 'father', 'KARIM', '+447463664482', '', '', '', '', 'KARIM', 'Père', '+447463664482', '', '', '', '', '', '', 'yes', '', '', '', NULL, 0, '', '', NULL, NULL, NULL, NULL, 3, NULL, '2026-06-22 12:56:24', '2026-06-22 12:56:24'),
(209, 489, 'STD19251', '', '2026-06-24', 'ALMAS', NULL, 'EL OUARTI', 'No', NULL, '', '', NULL, NULL, NULL, NULL, NULL, '2021-01-10', 'Female', '', '', '', NULL, '', 0, '', '', '', '', '', 'father', 'MOHAMMED', '062784842164', '', 'HOUDA', '0604587388', '', 'MOHAMMED', 'Père', '062784842164', '', '', '', '', '', '', 'yes', '', '', '', NULL, 0, '', '', NULL, NULL, NULL, NULL, 3, NULL, '2026-06-24 13:51:49', '2026-06-24 13:51:49'),
(210, 491, 'STD19252', '', '2026-06-26', 'IYAD', NULL, 'RAMACH', 'No', NULL, '', '', NULL, NULL, NULL, NULL, NULL, '2020-11-21', 'Female', '', '', '', NULL, '', 0, '', '', '', '', '', 'father', 'ABDELHAK', '0662454206', '', 'ZINEB', '0660843587', '', 'ABDELHAK', 'Père', '0662454206', '', '', '', '', '', '', 'yes', '', '', '', NULL, 0, '', '', NULL, NULL, NULL, NULL, 3, NULL, '2026-06-26 10:36:55', '2026-06-26 10:36:55'),
(211, 493, 'STD19253', '', '2026-06-26', 'HOUD', NULL, 'ENNAJI', 'No', NULL, '', '', NULL, NULL, NULL, NULL, NULL, '2021-02-22', 'Male', '', '', '', NULL, '', 0, '', '', '', '', '', 'mother', 'OUSSAMA', '0707409806', '', 'SAIDA', '0771026793', '', 'SAIDA', 'Mère', '0771026793', '', '', '', '', '', '', 'yes', '', '', '', NULL, 0, '', '', NULL, NULL, NULL, NULL, 3, NULL, '2026-06-26 11:52:32', '2026-06-26 11:52:32');

-- --------------------------------------------------------

--
-- Structure de la table `student_applied_discounts`
--

CREATE TABLE `student_applied_discounts` (
  `id` int(11) NOT NULL,
  `student_fees_deposite_id` int(11) DEFAULT NULL,
  `student_fees_discount_id` int(11) DEFAULT NULL,
  `date` date DEFAULT NULL,
  `invoice_id` int(11) DEFAULT NULL,
  `sub_invoice_id` int(11) DEFAULT NULL,
  `created_at` timestamp NOT NULL DEFAULT current_timestamp(),
  `updated_at` timestamp NOT NULL DEFAULT current_timestamp() ON UPDATE current_timestamp()
) ENGINE=InnoDB DEFAULT CHARSET=utf8mb3 COLLATE=utf8mb3_uca1400_ai_ci;

-- --------------------------------------------------------

--
-- Structure de la table `student_applyleave`
--

CREATE TABLE `student_applyleave` (
  `id` int(11) NOT NULL,
  `student_session_id` int(11) NOT NULL,
  `from_date` date NOT NULL,
  `to_date` date NOT NULL,
  `apply_date` date NOT NULL,
  `status` int(11) NOT NULL,
  `docs` text CHARACTER SET utf8mb3 COLLATE utf8mb3_general_ci DEFAULT NULL,
  `reason` text NOT NULL,
  `approve_by` int(11) DEFAULT NULL,
  `approve_date` date DEFAULT NULL,
  `request_type` int(11) NOT NULL COMMENT '0 student,1 staff',
  `created_at` timestamp NOT NULL DEFAULT current_timestamp(),
  `updated_at` timestamp NOT NULL DEFAULT current_timestamp() ON UPDATE current_timestamp()
) ENGINE=InnoDB DEFAULT CHARSET=utf8mb3 COLLATE=utf8mb3_uca1400_ai_ci;

-- --------------------------------------------------------

--
-- Structure de la table `student_attendences`
--

CREATE TABLE `student_attendences` (
  `id` int(11) NOT NULL,
  `student_session_id` int(11) DEFAULT NULL,
  `biometric_attendence` int(11) NOT NULL DEFAULT 0,
  `qrcode_attendance` int(11) NOT NULL DEFAULT 0,
  `date` date DEFAULT NULL,
  `attendence_type_id` int(11) DEFAULT NULL,
  `remark` varchar(200) NOT NULL,
  `biometric_device_data` text DEFAULT NULL,
  `user_agent` varchar(250) DEFAULT NULL,
  `in_time` time DEFAULT NULL,
  `out_time` time DEFAULT NULL,
  `is_active` varchar(255) DEFAULT 'no',
  `created_at` timestamp NOT NULL DEFAULT current_timestamp(),
  `updated_at` timestamp NOT NULL DEFAULT current_timestamp() ON UPDATE current_timestamp()
) ENGINE=InnoDB DEFAULT CHARSET=utf8mb3 COLLATE=utf8mb3_uca1400_ai_ci;

--
-- Déchargement des données de la table `student_attendences`
--

INSERT INTO `student_attendences` (`id`, `student_session_id`, `biometric_attendence`, `qrcode_attendance`, `date`, `attendence_type_id`, `remark`, `biometric_device_data`, `user_agent`, `in_time`, `out_time`, `is_active`, `created_at`, `updated_at`) VALUES
(1, 5, 0, 1, '2026-05-01', 1, '', '{\"uid\":\"\",\"user_id\":\"\",\"t\":\"\",\"ip\":\"105.191.42.135\",\"serial_number\":\"\",\"country\":\"Morocco\",\"city\":\"Sidi Slimane\",\"region\":\"Rabat-Sal\\u00e9-K\\u00e9nitra\",\"latitude\":34.2622961,\"longitude\":-5.9239749}', 'Mobile | Android | Chrome 147.0.0.0', '15:41:14', '15:41:54', 'no', '2026-05-01 15:41:14', '2026-05-01 14:41:54');

-- --------------------------------------------------------

--
-- Structure de la table `student_attendence_schedules`
--

CREATE TABLE `student_attendence_schedules` (
  `id` int(11) NOT NULL,
  `attendence_type_id` int(11) DEFAULT NULL,
  `class_section_id` int(11) DEFAULT NULL,
  `entry_time_from` time DEFAULT NULL,
  `entry_time_to` time DEFAULT NULL,
  `total_institute_hour` time DEFAULT NULL,
  `is_active` int(11) DEFAULT 0,
  `created_at` timestamp NOT NULL DEFAULT current_timestamp(),
  `updated_at` timestamp NOT NULL DEFAULT current_timestamp() ON UPDATE current_timestamp()
) ENGINE=InnoDB DEFAULT CHARSET=utf8mb3 COLLATE=utf8mb3_uca1400_ai_ci;

--
-- Déchargement des données de la table `student_attendence_schedules`
--

INSERT INTO `student_attendence_schedules` (`id`, `attendence_type_id`, `class_section_id`, `entry_time_from`, `entry_time_to`, `total_institute_hour`, `is_active`, `created_at`, `updated_at`) VALUES
(1, 1, 1, '07:00:00', '10:00:00', '08:30:00', 1, '2026-05-03 15:09:41', '2026-05-03 15:09:41'),
(2, 1, 1, '15:30:00', '18:00:00', '08:30:00', 1, '2026-05-03 15:09:41', '2026-05-03 15:09:41'),
(3, 1, 2, '07:00:00', '10:00:00', '08:30:00', 1, '2026-05-03 15:09:41', '2026-05-03 15:09:41'),
(4, 1, 2, '15:30:00', '18:00:00', '08:30:00', 1, '2026-05-03 15:09:41', '2026-05-03 15:09:41'),
(5, 1, 3, '07:00:00', '10:00:00', '08:30:00', 1, '2026-05-03 15:09:41', '2026-05-03 15:09:41'),
(6, 1, 3, '15:30:00', '18:00:00', '08:30:00', 1, '2026-05-03 15:09:41', '2026-05-03 15:09:41'),
(7, 1, 4, '07:00:00', '10:00:00', '08:30:00', 1, '2026-05-03 15:09:41', '2026-05-03 15:09:41'),
(8, 1, 4, '15:30:00', '18:00:00', '08:30:00', 1, '2026-05-03 15:09:41', '2026-05-03 15:09:41'),
(9, 1, 14, '07:00:00', '10:00:00', '08:30:00', 1, '2026-05-03 15:09:41', '2026-05-03 15:09:41'),
(10, 1, 14, '15:30:00', '18:00:00', '08:30:00', 1, '2026-05-03 15:09:41', '2026-05-03 15:09:41'),
(11, 1, 33, '07:00:00', '10:00:00', '08:30:00', 1, '2026-05-03 15:09:41', '2026-05-03 15:09:41'),
(12, 1, 33, '15:30:00', '18:00:00', '08:30:00', 1, '2026-05-03 15:09:41', '2026-05-03 15:09:41'),
(13, 1, 16, '07:00:00', '10:00:00', '08:30:00', 1, '2026-05-03 15:09:41', '2026-05-03 15:09:41'),
(14, 1, 16, '15:30:00', '18:00:00', '08:30:00', 1, '2026-05-03 15:09:41', '2026-05-03 15:09:41'),
(15, 1, 34, '07:00:00', '10:00:00', '08:30:00', 1, '2026-05-03 15:09:41', '2026-05-03 15:09:41'),
(16, 1, 34, '15:30:00', '18:00:00', '08:30:00', 1, '2026-05-03 15:09:41', '2026-05-03 15:09:41'),
(17, 1, 18, '07:00:00', '10:00:00', '08:30:00', 1, '2026-05-03 15:09:41', '2026-05-03 15:09:41'),
(18, 1, 18, '15:30:00', '18:00:00', '08:30:00', 1, '2026-05-03 15:09:41', '2026-05-03 15:09:41'),
(19, 1, 35, '07:00:00', '10:00:00', '08:30:00', 1, '2026-05-03 15:09:41', '2026-05-03 15:09:41'),
(20, 1, 35, '15:30:00', '18:00:00', '08:30:00', 1, '2026-05-03 15:09:41', '2026-05-03 15:09:41'),
(21, 1, 20, '07:00:00', '10:00:00', '08:30:00', 1, '2026-05-03 15:09:41', '2026-05-03 15:09:41'),
(22, 1, 20, '15:30:00', '18:00:00', '08:30:00', 1, '2026-05-03 15:09:41', '2026-05-03 15:09:41'),
(23, 1, 37, '07:00:00', '10:00:00', '08:30:00', 1, '2026-05-03 15:09:41', '2026-05-03 15:09:41'),
(24, 1, 37, '15:30:00', '18:00:00', '08:30:00', 1, '2026-05-03 15:09:41', '2026-05-03 15:09:41'),
(25, 1, 22, '07:00:00', '10:00:00', '08:30:00', 1, '2026-05-03 15:09:41', '2026-05-03 15:09:41'),
(26, 1, 22, '15:30:00', '18:00:00', '08:30:00', 1, '2026-05-03 15:09:41', '2026-05-03 15:09:41'),
(27, 1, 39, '07:00:00', '10:00:00', '08:30:00', 1, '2026-05-03 15:09:41', '2026-05-03 15:09:41'),
(28, 1, 39, '15:30:00', '18:00:00', '08:30:00', 1, '2026-05-03 15:09:41', '2026-05-03 15:09:41'),
(29, 1, 25, '07:00:00', '10:00:00', '08:30:00', 1, '2026-05-03 15:09:41', '2026-05-03 15:09:41'),
(30, 1, 25, '15:30:00', '18:00:00', '08:30:00', 1, '2026-05-03 15:09:41', '2026-05-03 15:09:41'),
(31, 1, 41, '07:00:00', '10:00:00', '08:30:00', 1, '2026-05-03 15:09:41', '2026-05-03 15:09:41'),
(32, 1, 41, '15:30:00', '18:00:00', '08:30:00', 1, '2026-05-03 15:09:41', '2026-05-03 15:09:41'),
(33, 1, 27, '07:00:00', '10:00:00', '08:30:00', 1, '2026-05-03 15:09:41', '2026-05-03 15:09:41'),
(34, 1, 27, '15:30:00', '18:00:00', '08:30:00', 1, '2026-05-03 15:09:41', '2026-05-03 15:09:41'),
(35, 1, 43, '07:00:00', '10:00:00', '08:30:00', 1, '2026-05-03 15:09:41', '2026-05-03 15:09:41'),
(36, 1, 43, '15:30:00', '18:00:00', '08:30:00', 1, '2026-05-03 15:09:41', '2026-05-03 15:09:41');

-- --------------------------------------------------------

--
-- Structure de la table `student_behaviour`
--

CREATE TABLE `student_behaviour` (
  `id` int(11) NOT NULL,
  `point` int(11) NOT NULL,
  `description` text NOT NULL,
  `title` varchar(255) NOT NULL,
  `created_at` timestamp NOT NULL DEFAULT current_timestamp()
) ENGINE=InnoDB DEFAULT CHARSET=utf8mb3 COLLATE=utf8mb3_uca1400_ai_ci;

-- --------------------------------------------------------

--
-- Structure de la table `student_dashboard_settings`
--

CREATE TABLE `student_dashboard_settings` (
  `id` int(11) NOT NULL,
  `name` varchar(250) DEFAULT NULL,
  `short_code` varchar(255) NOT NULL,
  `is_student` int(11) DEFAULT NULL,
  `is_parent` int(11) DEFAULT NULL,
  `created_at` timestamp NOT NULL DEFAULT current_timestamp(),
  `updated_at` timestamp NOT NULL DEFAULT current_timestamp() ON UPDATE current_timestamp()
) ENGINE=InnoDB DEFAULT CHARSET=utf8mb3 COLLATE=utf8mb3_uca1400_ai_ci;

--
-- Déchargement des données de la table `student_dashboard_settings`
--

INSERT INTO `student_dashboard_settings` (`id`, `name`, `short_code`, `is_student`, `is_parent`, `created_at`, `updated_at`) VALUES
(1, 'welcome_student', '', 1, 1, '2024-10-15 12:14:22', '2025-12-27 07:45:42'),
(2, 'notice_board', 'communicate', 1, 1, '2024-10-15 12:14:25', '2025-12-27 07:45:42'),
(3, 'subject_progress', 'lesson_plan', 1, 1, '2024-10-15 12:14:27', '2025-12-27 07:45:42'),
(4, 'upcomming_class', 'academics', 1, 1, '2024-10-15 12:14:55', '2025-12-27 07:45:42'),
(5, 'homework', 'homework', 1, 1, '2024-10-15 12:14:56', '2025-12-27 07:45:42'),
(6, 'teacher_list', 'human_resource', 1, 1, '2024-10-15 12:14:57', '2025-12-27 07:45:42'),
(7, 'visitor_list', 'front_office', 1, 1, '2024-10-15 12:14:58', '2025-12-27 07:45:42'),
(8, 'library', 'library', 1, 1, '2024-10-15 12:14:59', '2025-12-27 07:45:42');

-- --------------------------------------------------------

--
-- Structure de la table `student_doc`
--

CREATE TABLE `student_doc` (
  `id` int(11) NOT NULL,
  `student_id` int(11) DEFAULT NULL,
  `title` varchar(200) DEFAULT NULL,
  `doc` text CHARACTER SET utf8mb3 COLLATE utf8mb3_general_ci DEFAULT NULL,
  `created_at` timestamp NOT NULL DEFAULT current_timestamp(),
  `updated_at` timestamp NOT NULL DEFAULT current_timestamp()
) ENGINE=InnoDB DEFAULT CHARSET=utf8mb3 COLLATE=utf8mb3_uca1400_ai_ci;

-- --------------------------------------------------------

--
-- Structure de la table `student_edit_fields`
--

CREATE TABLE `student_edit_fields` (
  `id` int(11) NOT NULL,
  `name` varchar(250) DEFAULT NULL,
  `status` int(11) DEFAULT NULL,
  `created_at` timestamp NOT NULL DEFAULT current_timestamp(),
  `updated_at` timestamp NOT NULL DEFAULT current_timestamp() ON UPDATE current_timestamp()
) ENGINE=InnoDB DEFAULT CHARSET=utf8mb3 COLLATE=utf8mb3_uca1400_ai_ci;

-- --------------------------------------------------------

--
-- Structure de la table `student_educational_details`
--

CREATE TABLE `student_educational_details` (
  `id` int(11) NOT NULL,
  `course` varchar(255) NOT NULL,
  `university` varchar(255) NOT NULL,
  `education_year` varchar(255) NOT NULL,
  `education_detail` varchar(255) NOT NULL,
  `student_id` varchar(255) NOT NULL,
  `created_at` timestamp NOT NULL DEFAULT current_timestamp(),
  `updated_at` timestamp NOT NULL DEFAULT current_timestamp() ON UPDATE current_timestamp()
) ENGINE=InnoDB DEFAULT CHARSET=utf8mb3 COLLATE=utf8mb3_uca1400_ai_ci;

-- --------------------------------------------------------

--
-- Structure de la table `student_fees`
--

CREATE TABLE `student_fees` (
  `id` int(11) NOT NULL,
  `student_session_id` int(11) DEFAULT NULL,
  `feemaster_id` int(11) DEFAULT NULL,
  `amount` decimal(10,2) DEFAULT NULL,
  `amount_discount` decimal(10,2) NOT NULL,
  `amount_fine` decimal(10,2) NOT NULL DEFAULT 0.00,
  `description` text DEFAULT NULL,
  `date` date DEFAULT NULL,
  `payment_mode` varchar(50) NOT NULL,
  `is_active` varchar(255) DEFAULT 'no',
  `created_at` timestamp NOT NULL DEFAULT current_timestamp(),
  `updated_at` timestamp NOT NULL DEFAULT current_timestamp() ON UPDATE current_timestamp()
) ENGINE=InnoDB DEFAULT CHARSET=utf8mb3 COLLATE=utf8mb3_uca1400_ai_ci;

-- --------------------------------------------------------

--
-- Structure de la table `student_fees_deposite`
--

CREATE TABLE `student_fees_deposite` (
  `id` int(11) NOT NULL,
  `student_fees_master_id` int(11) DEFAULT NULL,
  `fee_groups_feetype_id` int(11) DEFAULT NULL,
  `student_transport_fee_id` int(11) DEFAULT NULL,
  `amount_detail` text DEFAULT NULL,
  `is_active` varchar(10) NOT NULL DEFAULT 'no',
  `created_at` timestamp NOT NULL DEFAULT current_timestamp(),
  `updated_at` timestamp NOT NULL DEFAULT current_timestamp() ON UPDATE current_timestamp()
) ENGINE=InnoDB DEFAULT CHARSET=utf8mb3 COLLATE=utf8mb3_uca1400_ai_ci;

--
-- Déchargement des données de la table `student_fees_deposite`
--

INSERT INTO `student_fees_deposite` (`id`, `student_fees_master_id`, `fee_groups_feetype_id`, `student_transport_fee_id`, `amount_detail`, `is_active`, `created_at`, `updated_at`) VALUES
(14, 352, 1, NULL, '{\"1\":{\"amount\":\"1000.000000\",\"amount_discount\":\"0.000000\",\"amount_fine\":\"0.000000\",\"date\":\"2026-05-13\",\"description\":\"\",\"collected_by\":\"Fatima  BOUHOU(9002)\",\"payment_mode\":\"Cash\",\"received_by\":\"3\",\"inv_no\":1}}', 'no', '2026-05-13 11:35:54', '2026-05-13 11:35:54'),
(15, 357, 1, NULL, '{\"1\":{\"amount\":\"1000.000000\",\"amount_discount\":\"0.000000\",\"amount_fine\":\"0.000000\",\"date\":\"2026-05-13\",\"description\":\"\",\"collected_by\":\"Fatima  BOUHOU(9002)\",\"payment_mode\":\"Cash\",\"received_by\":\"3\",\"inv_no\":1}}', 'no', '2026-05-13 11:42:11', '2026-05-13 11:42:11'),
(16, 358, 1, NULL, '{\"1\":{\"amount\":\"1000.000000\",\"amount_discount\":\"0.000000\",\"amount_fine\":\"0.000000\",\"date\":\"2026-05-13\",\"description\":\"\",\"collected_by\":\"Fatima  BOUHOU(9002)\",\"payment_mode\":\"Cash\",\"received_by\":\"3\",\"inv_no\":1}}', 'no', '2026-05-13 11:48:04', '2026-05-13 11:48:04'),
(17, 360, 1, NULL, '{\"1\":{\"amount\":\"1000.000000\",\"amount_discount\":\"0.000000\",\"amount_fine\":\"0.000000\",\"date\":\"2026-05-13\",\"description\":\"\",\"collected_by\":\"Fatima  BOUHOU(9002)\",\"payment_mode\":\"Cash\",\"received_by\":\"3\",\"inv_no\":1}}', 'no', '2026-05-13 12:00:48', '2026-05-13 12:00:48'),
(18, 362, 1, NULL, '{\"1\":{\"amount\":\"1000.000000\",\"amount_discount\":\"0.000000\",\"amount_fine\":\"0.000000\",\"date\":\"2026-05-13\",\"description\":\"\",\"collected_by\":\"Fatima  BOUHOU(9002)\",\"payment_mode\":\"Cash\",\"received_by\":\"3\",\"inv_no\":1}}', 'no', '2026-05-13 12:02:53', '2026-05-13 12:02:53'),
(19, 363, 1, NULL, '{\"1\":{\"amount\":\"1000.000000\",\"amount_discount\":\"0.000000\",\"amount_fine\":\"0.000000\",\"date\":\"2026-05-13\",\"description\":\"\",\"collected_by\":\"Fatima  BOUHOU(9002)\",\"payment_mode\":\"Cash\",\"received_by\":\"3\",\"inv_no\":1}}', 'no', '2026-05-13 12:05:12', '2026-05-13 12:05:12'),
(20, 365, 1, NULL, '{\"1\":{\"amount\":\"1000.000000\",\"amount_discount\":\"0.000000\",\"amount_fine\":\"0.000000\",\"date\":\"2026-05-13\",\"description\":\"\",\"collected_by\":\"Fatima  BOUHOU(9002)\",\"payment_mode\":\"bank_transfer\",\"received_by\":\"3\",\"inv_no\":1}}', 'no', '2026-05-13 12:21:35', '2026-05-13 12:21:35'),
(21, 367, 1, NULL, '{\"1\":{\"amount\":\"1000.000000\",\"amount_discount\":\"0.000000\",\"amount_fine\":\"0.000000\",\"date\":\"2026-05-13\",\"description\":\"\",\"collected_by\":\"Fatima  BOUHOU(9002)\",\"payment_mode\":\"bank_transfer\",\"received_by\":\"3\",\"inv_no\":1}}', 'no', '2026-05-13 12:23:41', '2026-05-13 12:23:41'),
(22, 69, 1, NULL, '{\"1\":{\"amount\":\"1000.000000\",\"amount_discount\":\"0.000000\",\"amount_fine\":\"0.000000\",\"date\":\"2026-05-13\",\"description\":\"\",\"collected_by\":\"Fatima  BOUHOU(9002)\",\"payment_mode\":\"bank_transfer\",\"received_by\":\"3\",\"inv_no\":1}}', 'no', '2026-05-13 12:30:59', '2026-05-13 12:30:59'),
(23, 369, 1, NULL, '{\"1\":{\"amount\":\"1000.000000\",\"amount_discount\":\"0.000000\",\"amount_fine\":\"0.000000\",\"date\":\"2026-05-13\",\"description\":\"\",\"collected_by\":\"Fatima  BOUHOU(9002)\",\"payment_mode\":\"bank_transfer\",\"received_by\":\"3\",\"inv_no\":1}}', 'no', '2026-05-13 12:57:21', '2026-05-13 12:57:21'),
(24, 74, 1, NULL, '{\"1\":{\"amount\":\"1000.000000\",\"amount_discount\":\"0.000000\",\"amount_fine\":\"0.000000\",\"date\":\"2026-05-19\",\"description\":\"\",\"collected_by\":\"Fatima  BOUHOU(9002)\",\"payment_mode\":\"Cash\",\"received_by\":\"3\",\"inv_no\":1}}', 'no', '2026-05-19 11:56:21', '2026-05-19 11:56:21'),
(25, 371, 1, NULL, '{\"1\":{\"amount\":\"1000.000000\",\"amount_discount\":\"0.000000\",\"amount_fine\":\"0.000000\",\"date\":\"2026-05-20\",\"description\":\"\",\"collected_by\":\"Fatima  BOUHOU(9002)\",\"payment_mode\":\"Cash\",\"received_by\":\"3\",\"inv_no\":1}}', 'no', '2026-05-20 13:08:51', '2026-05-20 13:08:51'),
(26, 373, 1, NULL, '{\"1\":{\"amount\":\"1000.000000\",\"amount_discount\":\"0.000000\",\"amount_fine\":\"0.000000\",\"date\":\"2026-04-21\",\"description\":\"\",\"collected_by\":\"Fatima  BOUHOU(9002)\",\"payment_mode\":\"Cash\",\"received_by\":\"3\",\"inv_no\":1}}', 'no', '2026-06-02 11:05:27', '2026-06-02 11:05:27'),
(27, 375, 1, NULL, '{\"1\":{\"amount\":\"1000.000000\",\"amount_discount\":\"0.000000\",\"amount_fine\":\"0.000000\",\"date\":\"2026-06-01\",\"description\":\"\",\"collected_by\":\"Fatima  BOUHOU(9002)\",\"payment_mode\":\"Cash\",\"received_by\":\"3\",\"inv_no\":1}}', 'no', '2026-06-02 11:12:38', '2026-06-02 11:12:38'),
(28, 377, 1, NULL, '{\"1\":{\"amount\":\"1000.000000\",\"amount_discount\":\"0.000000\",\"amount_fine\":\"0.000000\",\"date\":\"2026-06-02\",\"description\":\"\",\"collected_by\":\"Fatima  BOUHOU(9002)\",\"payment_mode\":\"bank_transfer\",\"received_by\":\"3\",\"inv_no\":1}}', 'no', '2026-06-02 11:17:24', '2026-06-02 11:17:24'),
(29, 378, 1, NULL, '{\"1\":{\"amount\":\"1000.000000\",\"amount_discount\":\"0.000000\",\"amount_fine\":\"0.000000\",\"date\":\"2026-06-02\",\"description\":\"\",\"collected_by\":\"Fatima  BOUHOU(9002)\",\"payment_mode\":\"Cash\",\"received_by\":\"3\",\"inv_no\":1}}', 'no', '2026-06-02 11:43:53', '2026-06-02 11:43:53'),
(30, 62, 1, NULL, '{\"1\":{\"amount\":\"1000.000000\",\"amount_discount\":\"0.000000\",\"amount_fine\":\"0.000000\",\"date\":\"2026-06-03\",\"description\":\"\",\"collected_by\":\"Fatima  BOUHOU(9002)\",\"payment_mode\":\"Cash\",\"received_by\":\"3\",\"inv_no\":1}}', 'no', '2026-06-03 11:59:15', '2026-06-03 11:59:15'),
(31, 65, 1, NULL, '{\"1\":{\"amount\":\"1000.000000\",\"amount_discount\":\"0.000000\",\"amount_fine\":\"0.000000\",\"date\":\"2026-06-04\",\"description\":\"\",\"collected_by\":\"Fatima  BOUHOU(9002)\",\"payment_mode\":\"Cash\",\"received_by\":\"3\",\"inv_no\":1}}', 'no', '2026-06-04 11:16:29', '2026-06-04 11:16:29'),
(32, 70, 1, NULL, '{\"1\":{\"amount\":\"1000.000000\",\"amount_discount\":\"0.000000\",\"amount_fine\":\"0.000000\",\"date\":\"2026-06-08\",\"description\":\"\",\"collected_by\":\"Fatima  BOUHOU(9002)\",\"payment_mode\":\"Cash\",\"received_by\":\"3\",\"inv_no\":1}}', 'no', '2026-06-08 07:53:52', '2026-06-08 07:53:52'),
(33, 384, 1, NULL, '{\"1\":{\"amount\":\"1000.000000\",\"amount_discount\":\"0.000000\",\"amount_fine\":\"0.000000\",\"date\":\"2026-06-08\",\"description\":\"\",\"collected_by\":\"Fatima  BOUHOU(9002)\",\"payment_mode\":\"Cash\",\"received_by\":\"3\",\"inv_no\":1}}', 'no', '2026-06-08 07:54:59', '2026-06-08 07:54:59'),
(34, 385, 1, NULL, '{\"1\":{\"amount\":\"1000.000000\",\"amount_discount\":\"0.000000\",\"amount_fine\":\"0.000000\",\"date\":\"2026-06-08\",\"description\":\"\",\"collected_by\":\"Fatima  BOUHOU(9002)\",\"payment_mode\":\"Cash\",\"received_by\":\"3\",\"inv_no\":1}}', 'no', '2026-06-08 08:06:30', '2026-06-08 08:06:30'),
(35, 387, 1, NULL, '{\"1\":{\"amount\":\"1000.000000\",\"amount_discount\":\"0.000000\",\"amount_fine\":\"0.000000\",\"date\":\"2026-06-08\",\"description\":\"\",\"collected_by\":\"Fatima  BOUHOU(9002)\",\"payment_mode\":\"Cash\",\"received_by\":\"3\",\"inv_no\":1}}', 'no', '2026-06-08 12:40:23', '2026-06-08 12:40:23'),
(36, 389, 45, NULL, '{\"1\":{\"amount\":\"200.000000\",\"amount_discount\":\"0.000000\",\"amount_fine\":\"0.000000\",\"date\":\"2026-06-12\",\"description\":\"\",\"collected_by\":\"Fatima  BOUHOU(9002)\",\"payment_mode\":\"Cash\",\"received_by\":\"3\",\"inv_no\":1}}', 'no', '2026-06-12 08:42:07', '2026-06-12 08:42:07'),
(37, 390, 46, NULL, '{\"1\":{\"amount\":\"20.000000\",\"amount_discount\":\"0.000000\",\"amount_fine\":\"0.000000\",\"date\":\"2026-06-12\",\"description\":\"\",\"collected_by\":\"Fatima  BOUHOU(9002)\",\"payment_mode\":\"Cash\",\"received_by\":\"3\",\"inv_no\":1}}', 'no', '2026-06-12 08:45:13', '2026-06-12 08:45:13'),
(38, 391, 1, NULL, '{\"1\":{\"amount\":\"1000.000000\",\"amount_discount\":\"0.000000\",\"amount_fine\":\"0.000000\",\"date\":\"2026-06-12\",\"description\":\"\",\"collected_by\":\"Fatima  BOUHOU(9002)\",\"payment_mode\":\"Cash\",\"received_by\":\"3\",\"inv_no\":1}}', 'no', '2026-06-12 13:22:22', '2026-06-12 13:22:22'),
(39, 395, 1, NULL, '{\"1\":{\"amount\":\"1000.000000\",\"amount_discount\":\"0.000000\",\"amount_fine\":\"0.000000\",\"date\":\"2026-06-16\",\"description\":\"\",\"collected_by\":\"Fatima  BOUHOU(9002)\",\"payment_mode\":\"Cash\",\"received_by\":\"3\",\"inv_no\":1}}', 'no', '2026-06-16 11:15:46', '2026-06-16 11:15:46'),
(40, 397, 1, NULL, '{\"1\":{\"amount\":\"1000.000000\",\"amount_discount\":\"0.000000\",\"amount_fine\":\"0.000000\",\"date\":\"2026-06-19\",\"description\":\"\",\"collected_by\":\"Fatima  BOUHOU(9002)\",\"payment_mode\":\"Cash\",\"received_by\":\"3\",\"inv_no\":1}}', 'no', '2026-06-19 10:39:01', '2026-06-19 10:39:01'),
(41, 399, 1, NULL, '{\"1\":{\"amount\":\"1000.000000\",\"amount_discount\":\"0.000000\",\"amount_fine\":\"0.000000\",\"date\":\"2026-06-22\",\"description\":\"\",\"collected_by\":\"Fatima  BOUHOU(9002)\",\"payment_mode\":\"Cash\",\"received_by\":\"3\",\"inv_no\":1}}', 'no', '2026-06-22 12:56:44', '2026-06-22 12:56:44'),
(42, 401, 1, NULL, '{\"1\":{\"amount\":\"1000.000000\",\"amount_discount\":\"0.000000\",\"amount_fine\":\"0.000000\",\"date\":\"2026-06-24\",\"description\":\"\",\"collected_by\":\"Fatima  BOUHOU(9002)\",\"payment_mode\":\"Cash\",\"received_by\":\"3\",\"inv_no\":1}}', 'no', '2026-06-24 14:08:42', '2026-06-24 14:08:42'),
(43, 404, 46, NULL, '{\"1\":{\"amount\":\"20.000000\",\"amount_discount\":\"0.000000\",\"amount_fine\":\"0.000000\",\"date\":\"2026-06-24\",\"description\":\"\",\"collected_by\":\"Fatima  BOUHOU(9002)\",\"payment_mode\":\"Cash\",\"received_by\":\"3\",\"inv_no\":1}}', 'no', '2026-06-24 14:08:49', '2026-06-24 14:08:49'),
(44, 403, 45, NULL, '{\"1\":{\"amount\":\"200.000000\",\"amount_discount\":\"0.000000\",\"amount_fine\":\"0.000000\",\"date\":\"2026-06-24\",\"description\":\"\",\"collected_by\":\"Fatima  BOUHOU(9002)\",\"payment_mode\":\"Cash\",\"received_by\":\"3\",\"inv_no\":1}}', 'no', '2026-06-24 14:08:54', '2026-06-24 14:08:54'),
(45, 405, 1, NULL, '{\"1\":{\"amount\":\"1000.000000\",\"amount_discount\":\"0.000000\",\"amount_fine\":\"0.000000\",\"date\":\"2026-06-26\",\"description\":\"\",\"collected_by\":\"Fatima  BOUHOU(9002)\",\"payment_mode\":\"Cash\",\"received_by\":\"3\",\"inv_no\":1}}', 'no', '2026-06-26 10:40:10', '2026-06-26 10:40:10'),
(46, 407, 45, NULL, '{\"1\":{\"amount\":\"200.000000\",\"amount_discount\":\"0.000000\",\"amount_fine\":\"0.000000\",\"date\":\"2026-06-26\",\"description\":\"\",\"collected_by\":\"Fatima  BOUHOU(9002)\",\"payment_mode\":\"Cash\",\"received_by\":\"3\",\"inv_no\":1}}', 'no', '2026-06-26 10:40:21', '2026-06-26 10:40:21'),
(47, 408, 46, NULL, '{\"1\":{\"amount\":\"20.000000\",\"amount_discount\":\"0.000000\",\"amount_fine\":\"0.000000\",\"date\":\"2026-06-26\",\"description\":\"\",\"collected_by\":\"Fatima  BOUHOU(9002)\",\"payment_mode\":\"Cash\",\"received_by\":\"3\",\"inv_no\":1}}', 'no', '2026-06-26 10:40:30', '2026-06-26 10:40:30'),
(48, 409, 1, NULL, '{\"1\":{\"amount\":\"1000.000000\",\"amount_discount\":\"0.000000\",\"amount_fine\":\"0.000000\",\"date\":\"2026-06-26\",\"description\":\"\",\"collected_by\":\"Fatima  BOUHOU(9002)\",\"payment_mode\":\"Cash\",\"received_by\":\"3\",\"inv_no\":1}}', 'no', '2026-06-26 11:57:45', '2026-06-26 11:57:45'),
(49, 411, 45, NULL, '{\"1\":{\"amount\":\"200.000000\",\"amount_discount\":\"0.000000\",\"amount_fine\":\"0.000000\",\"date\":\"2026-06-26\",\"description\":\"\",\"collected_by\":\"Fatima  BOUHOU(9002)\",\"payment_mode\":\"Cash\",\"received_by\":\"3\",\"inv_no\":1}}', 'no', '2026-06-26 11:57:55', '2026-06-26 11:57:55'),
(50, 412, 46, NULL, '{\"1\":{\"amount\":\"20.000000\",\"amount_discount\":\"0.000000\",\"amount_fine\":\"0.000000\",\"date\":\"2026-06-26\",\"description\":\"\",\"collected_by\":\"Fatima  BOUHOU(9002)\",\"payment_mode\":\"Cash\",\"received_by\":\"3\",\"inv_no\":1}}', 'no', '2026-06-26 11:58:03', '2026-06-26 11:58:03');

-- --------------------------------------------------------

--
-- Structure de la table `student_fees_discounts`
--

CREATE TABLE `student_fees_discounts` (
  `id` int(11) NOT NULL,
  `student_session_id` int(11) DEFAULT NULL,
  `fees_discount_id` int(11) DEFAULT NULL,
  `status` varchar(20) DEFAULT 'assigned',
  `payment_id` varchar(50) DEFAULT NULL,
  `description` text DEFAULT NULL,
  `is_active` varchar(10) NOT NULL DEFAULT 'no',
  `created_at` timestamp NOT NULL DEFAULT current_timestamp(),
  `updated_at` timestamp NOT NULL DEFAULT current_timestamp() ON UPDATE current_timestamp()
) ENGINE=InnoDB DEFAULT CHARSET=utf8mb3 COLLATE=utf8mb3_uca1400_ai_ci;

-- --------------------------------------------------------

--
-- Structure de la table `student_fees_master`
--

CREATE TABLE `student_fees_master` (
  `id` int(11) NOT NULL,
  `is_system` int(11) NOT NULL DEFAULT 0,
  `student_session_id` int(11) DEFAULT NULL,
  `fee_session_group_id` int(11) DEFAULT NULL,
  `amount` decimal(10,2) DEFAULT 0.00,
  `is_active` varchar(10) NOT NULL DEFAULT 'no',
  `created_at` timestamp NOT NULL DEFAULT current_timestamp(),
  `updated_at` timestamp NOT NULL DEFAULT current_timestamp() ON UPDATE current_timestamp()
) ENGINE=InnoDB DEFAULT CHARSET=utf8mb3 COLLATE=utf8mb3_uca1400_ai_ci;

--
-- Déchargement des données de la table `student_fees_master`
--

INSERT INTO `student_fees_master` (`id`, `is_system`, `student_session_id`, `fee_session_group_id`, `amount`, `is_active`, `created_at`, `updated_at`) VALUES
(1, 0, 1, 2, 0.00, 'yes', '2026-05-01 11:03:34', '2026-05-01 11:03:34'),
(2, 0, 2, 2, 0.00, 'yes', '2026-05-01 11:03:34', '2026-05-01 11:03:34'),
(3, 0, 3, 2, 0.00, 'yes', '2026-05-01 11:03:34', '2026-05-01 11:03:34'),
(4, 0, 4, 2, 0.00, 'yes', '2026-05-01 11:03:34', '2026-05-01 11:03:34'),
(5, 0, 5, 2, 0.00, 'yes', '2026-05-01 11:03:34', '2026-05-01 11:03:34'),
(6, 0, 6, 2, 0.00, 'yes', '2026-05-01 11:03:34', '2026-05-01 11:03:34'),
(7, 0, 7, 2, 0.00, 'yes', '2026-05-01 11:03:34', '2026-05-01 11:03:34'),
(8, 0, 8, 2, 0.00, 'yes', '2026-05-01 11:03:34', '2026-05-01 11:03:34'),
(9, 0, 9, 2, 0.00, 'yes', '2026-05-01 11:03:34', '2026-05-01 11:03:34'),
(10, 0, 10, 2, 0.00, 'yes', '2026-05-01 11:03:34', '2026-05-01 11:03:34'),
(11, 0, 11, 2, 0.00, 'yes', '2026-05-01 11:03:34', '2026-05-01 11:03:34'),
(12, 0, 12, 2, 0.00, 'yes', '2026-05-01 11:03:34', '2026-05-01 11:03:34'),
(13, 0, 13, 2, 0.00, 'yes', '2026-05-01 11:03:34', '2026-05-01 11:03:34'),
(14, 0, 14, 2, 0.00, 'yes', '2026-05-01 11:03:34', '2026-05-01 11:03:34'),
(15, 0, 15, 2, 0.00, 'yes', '2026-05-01 11:03:34', '2026-05-01 11:03:34'),
(16, 0, 16, 2, 0.00, 'yes', '2026-05-01 11:03:34', '2026-05-01 11:03:34'),
(17, 0, 17, 2, 0.00, 'yes', '2026-05-01 11:03:34', '2026-05-01 11:03:34'),
(18, 0, 18, 2, 0.00, 'yes', '2026-05-01 11:03:34', '2026-05-01 11:03:34'),
(19, 0, 19, 2, 0.00, 'yes', '2026-05-01 11:03:34', '2026-05-01 11:03:34'),
(20, 0, 20, 2, 0.00, 'yes', '2026-05-01 11:03:34', '2026-05-01 11:03:34'),
(21, 0, 21, 2, 0.00, 'yes', '2026-05-01 11:03:34', '2026-05-01 11:03:34'),
(22, 0, 22, 2, 0.00, 'yes', '2026-05-01 11:03:34', '2026-05-01 11:03:34'),
(23, 0, 23, 2, 0.00, 'yes', '2026-05-01 11:03:34', '2026-05-01 11:03:34'),
(24, 0, 24, 2, 0.00, 'yes', '2026-05-01 11:03:34', '2026-05-01 11:03:34'),
(25, 0, 25, 2, 0.00, 'yes', '2026-05-01 11:03:34', '2026-05-01 11:03:34'),
(26, 0, 26, 2, 0.00, 'yes', '2026-05-01 11:03:34', '2026-05-01 11:03:34'),
(27, 0, 27, 3, 0.00, 'yes', '2026-05-01 11:03:34', '2026-05-01 11:03:34'),
(28, 0, 28, 3, 0.00, 'yes', '2026-05-01 11:03:34', '2026-05-01 11:03:34'),
(29, 0, 29, 3, 0.00, 'yes', '2026-05-01 11:03:34', '2026-05-01 11:03:34'),
(30, 0, 30, 3, 0.00, 'yes', '2026-05-01 11:03:34', '2026-05-01 11:03:34'),
(31, 0, 31, 3, 0.00, 'yes', '2026-05-01 11:03:34', '2026-05-01 11:03:34'),
(32, 0, 32, 3, 0.00, 'yes', '2026-05-01 11:03:34', '2026-05-01 11:03:34'),
(33, 0, 33, 3, 0.00, 'yes', '2026-05-01 11:03:34', '2026-05-01 11:03:34'),
(34, 0, 34, 3, 0.00, 'yes', '2026-05-01 11:03:34', '2026-05-01 11:03:34'),
(35, 0, 35, 3, 0.00, 'yes', '2026-05-01 11:03:34', '2026-05-01 11:03:34'),
(36, 0, 36, 3, 0.00, 'yes', '2026-05-01 11:03:34', '2026-05-01 11:03:34'),
(37, 0, 37, 3, 0.00, 'yes', '2026-05-01 11:03:34', '2026-05-01 11:03:34'),
(38, 0, 38, 3, 0.00, 'yes', '2026-05-01 11:03:34', '2026-05-01 11:03:34'),
(39, 0, 39, 3, 0.00, 'yes', '2026-05-01 11:03:34', '2026-05-01 11:03:34'),
(40, 0, 40, 3, 0.00, 'yes', '2026-05-01 11:03:34', '2026-05-01 11:03:34'),
(41, 0, 41, 3, 0.00, 'yes', '2026-05-01 11:03:34', '2026-05-01 11:03:34'),
(42, 0, 42, 3, 0.00, 'yes', '2026-05-01 11:03:34', '2026-05-01 11:03:34'),
(43, 0, 43, 3, 0.00, 'yes', '2026-05-01 11:03:34', '2026-05-01 11:03:34'),
(44, 0, 44, 3, 0.00, 'yes', '2026-05-01 11:03:34', '2026-05-01 11:03:34'),
(45, 0, 45, 3, 0.00, 'yes', '2026-05-01 11:03:34', '2026-05-01 11:03:34'),
(46, 0, 46, 3, 0.00, 'yes', '2026-05-01 11:03:34', '2026-05-01 11:03:34'),
(47, 0, 1, 1, 0.00, 'no', '2026-05-01 11:24:44', '2026-05-01 11:24:44'),
(48, 0, 2, 1, 0.00, 'no', '2026-05-01 11:24:44', '2026-05-01 11:24:44'),
(49, 0, 3, 1, 0.00, 'no', '2026-05-01 11:24:44', '2026-05-01 11:24:44'),
(50, 0, 4, 1, 0.00, 'no', '2026-05-01 11:24:44', '2026-05-01 11:24:44'),
(51, 0, 5, 1, 0.00, 'no', '2026-05-01 11:24:44', '2026-05-01 11:24:44'),
(52, 0, 6, 1, 0.00, 'no', '2026-05-01 11:24:44', '2026-05-01 11:24:44'),
(53, 0, 7, 1, 0.00, 'no', '2026-05-01 11:24:44', '2026-05-01 11:24:44'),
(54, 0, 8, 1, 0.00, 'no', '2026-05-01 11:24:44', '2026-05-01 11:24:44'),
(55, 0, 9, 1, 0.00, 'no', '2026-05-01 11:24:44', '2026-05-01 11:24:44'),
(56, 0, 10, 1, 0.00, 'no', '2026-05-01 11:24:44', '2026-05-01 11:24:44'),
(57, 0, 11, 1, 0.00, 'no', '2026-05-01 11:24:44', '2026-05-01 11:24:44'),
(58, 0, 12, 1, 0.00, 'no', '2026-05-01 11:24:44', '2026-05-01 11:24:44'),
(59, 0, 13, 1, 0.00, 'no', '2026-05-01 11:24:44', '2026-05-01 11:24:44'),
(60, 0, 27, 1, 0.00, 'no', '2026-05-01 11:24:44', '2026-05-01 11:24:44'),
(61, 0, 28, 1, 0.00, 'no', '2026-05-01 11:24:44', '2026-05-01 11:24:44'),
(62, 0, 29, 1, 0.00, 'no', '2026-05-01 11:24:44', '2026-05-01 11:24:44'),
(63, 0, 30, 1, 0.00, 'no', '2026-05-01 11:24:44', '2026-05-01 11:24:44'),
(64, 0, 31, 1, 0.00, 'no', '2026-05-01 11:24:44', '2026-05-01 11:24:44'),
(65, 0, 32, 1, 0.00, 'no', '2026-05-01 11:24:44', '2026-05-01 11:24:44'),
(66, 0, 33, 1, 0.00, 'no', '2026-05-01 11:24:44', '2026-05-01 11:24:44'),
(67, 0, 34, 1, 0.00, 'no', '2026-05-01 11:24:44', '2026-05-01 11:24:44'),
(68, 0, 35, 1, 0.00, 'no', '2026-05-01 11:24:44', '2026-05-01 11:24:44'),
(69, 0, 14, 1, 0.00, 'no', '2026-05-01 11:25:08', '2026-05-01 11:25:08'),
(70, 0, 15, 1, 0.00, 'no', '2026-05-01 11:25:08', '2026-05-01 11:25:08'),
(71, 0, 16, 1, 0.00, 'no', '2026-05-01 11:25:08', '2026-05-01 11:25:08'),
(72, 0, 17, 1, 0.00, 'no', '2026-05-01 11:25:08', '2026-05-01 11:25:08'),
(73, 0, 18, 1, 0.00, 'no', '2026-05-01 11:25:08', '2026-05-01 11:25:08'),
(74, 0, 19, 1, 0.00, 'no', '2026-05-01 11:25:08', '2026-05-01 11:25:08'),
(75, 0, 20, 1, 0.00, 'no', '2026-05-01 11:25:08', '2026-05-01 11:25:08'),
(76, 0, 21, 1, 0.00, 'no', '2026-05-01 11:25:08', '2026-05-01 11:25:08'),
(77, 0, 22, 1, 0.00, 'no', '2026-05-01 11:25:08', '2026-05-01 11:25:08'),
(78, 0, 23, 1, 0.00, 'no', '2026-05-01 11:25:08', '2026-05-01 11:25:08'),
(79, 0, 24, 1, 0.00, 'no', '2026-05-01 11:25:08', '2026-05-01 11:25:08'),
(80, 0, 25, 1, 0.00, 'no', '2026-05-01 11:25:08', '2026-05-01 11:25:08'),
(81, 0, 26, 1, 0.00, 'no', '2026-05-01 11:25:08', '2026-05-01 11:25:08'),
(82, 0, 36, 1, 0.00, 'no', '2026-05-01 11:25:08', '2026-05-01 11:25:08'),
(83, 0, 37, 1, 0.00, 'no', '2026-05-01 11:25:08', '2026-05-01 11:25:08'),
(84, 0, 38, 1, 0.00, 'no', '2026-05-01 11:25:08', '2026-05-01 11:25:08'),
(85, 0, 39, 1, 0.00, 'no', '2026-05-01 11:25:08', '2026-05-01 11:25:08'),
(86, 0, 40, 1, 0.00, 'no', '2026-05-01 11:25:08', '2026-05-01 11:25:08'),
(87, 0, 41, 1, 0.00, 'no', '2026-05-01 11:25:08', '2026-05-01 11:25:08'),
(88, 0, 42, 1, 0.00, 'no', '2026-05-01 11:25:08', '2026-05-01 11:25:08'),
(89, 0, 43, 1, 0.00, 'no', '2026-05-01 11:25:08', '2026-05-01 11:25:08'),
(90, 0, 44, 1, 0.00, 'no', '2026-05-01 11:25:08', '2026-05-01 11:25:08'),
(91, 0, 45, 1, 0.00, 'no', '2026-05-01 11:25:08', '2026-05-01 11:25:08'),
(92, 0, 46, 1, 0.00, 'no', '2026-05-01 11:25:08', '2026-05-01 11:25:08'),
(93, 0, 47, 2, 0.00, 'yes', '2026-05-01 17:52:22', '2026-05-01 17:52:22'),
(94, 0, 48, 2, 0.00, 'yes', '2026-05-01 17:52:22', '2026-05-01 17:52:22'),
(95, 0, 49, 2, 0.00, 'yes', '2026-05-01 17:52:22', '2026-05-01 17:52:22'),
(96, 0, 50, 2, 0.00, 'yes', '2026-05-01 17:52:22', '2026-05-01 17:52:22'),
(97, 0, 51, 2, 0.00, 'yes', '2026-05-01 17:52:22', '2026-05-01 17:52:22'),
(98, 0, 52, 2, 0.00, 'yes', '2026-05-01 17:52:22', '2026-05-01 17:52:22'),
(99, 0, 53, 2, 0.00, 'yes', '2026-05-01 17:52:22', '2026-05-01 17:52:22'),
(100, 0, 54, 2, 0.00, 'yes', '2026-05-01 17:52:22', '2026-05-01 17:52:22'),
(102, 0, 56, 3, 0.00, 'yes', '2026-05-01 17:52:22', '2026-05-01 17:52:22'),
(103, 0, 57, 3, 0.00, 'yes', '2026-05-01 17:52:22', '2026-05-01 17:52:22'),
(104, 0, 58, 3, 0.00, 'yes', '2026-05-01 17:52:22', '2026-05-01 17:52:22'),
(105, 0, 59, 3, 0.00, 'yes', '2026-05-01 17:52:22', '2026-05-01 17:52:22'),
(106, 0, 60, 3, 0.00, 'yes', '2026-05-01 17:52:22', '2026-05-01 17:52:22'),
(107, 0, 61, 3, 0.00, 'yes', '2026-05-01 17:52:22', '2026-05-01 17:52:22'),
(108, 0, 62, 3, 0.00, 'yes', '2026-05-01 17:52:22', '2026-05-01 17:52:22'),
(109, 0, 63, 3, 0.00, 'yes', '2026-05-01 17:52:22', '2026-05-01 17:52:22'),
(110, 0, 64, 3, 0.00, 'yes', '2026-05-01 17:52:22', '2026-05-01 17:52:22'),
(111, 0, 65, 3, 0.00, 'yes', '2026-05-01 17:52:22', '2026-05-01 17:52:22'),
(112, 0, 66, 3, 0.00, 'yes', '2026-05-01 17:52:22', '2026-05-01 17:52:22'),
(113, 0, 67, 3, 0.00, 'yes', '2026-05-01 17:52:22', '2026-05-01 17:52:22'),
(114, 0, 68, 3, 0.00, 'yes', '2026-05-01 17:52:22', '2026-05-01 17:52:22'),
(115, 0, 69, 3, 0.00, 'yes', '2026-05-01 17:52:22', '2026-05-01 17:52:22'),
(116, 0, 70, 3, 0.00, 'yes', '2026-05-01 17:52:22', '2026-05-01 17:52:22'),
(117, 0, 71, 3, 0.00, 'yes', '2026-05-01 17:52:22', '2026-05-01 17:52:22'),
(118, 0, 72, 3, 0.00, 'yes', '2026-05-01 17:52:22', '2026-05-01 17:52:22'),
(119, 0, 73, 3, 0.00, 'yes', '2026-05-01 17:52:22', '2026-05-01 17:52:22'),
(120, 0, 74, 3, 0.00, 'yes', '2026-05-01 17:52:22', '2026-05-01 17:52:22'),
(121, 0, 75, 3, 0.00, 'yes', '2026-05-01 17:52:22', '2026-05-01 17:52:22'),
(122, 0, 76, 3, 0.00, 'yes', '2026-05-01 17:52:22', '2026-05-01 17:52:22'),
(123, 0, 77, 3, 0.00, 'yes', '2026-05-01 17:52:22', '2026-05-01 17:52:22'),
(124, 0, 78, 3, 0.00, 'yes', '2026-05-01 17:52:22', '2026-05-01 17:52:22'),
(125, 0, 79, 3, 0.00, 'yes', '2026-05-01 17:52:22', '2026-05-01 17:52:22'),
(126, 0, 80, 3, 0.00, 'yes', '2026-05-01 17:52:22', '2026-05-01 17:52:22'),
(127, 0, 81, 3, 0.00, 'yes', '2026-05-01 17:52:22', '2026-05-01 17:52:22'),
(128, 0, 82, 3, 0.00, 'yes', '2026-05-01 17:52:22', '2026-05-01 17:52:22'),
(129, 0, 83, 3, 0.00, 'yes', '2026-05-01 17:52:22', '2026-05-01 17:52:22'),
(130, 0, 84, 3, 0.00, 'yes', '2026-05-01 17:52:22', '2026-05-01 17:52:22'),
(131, 0, 85, 3, 0.00, 'yes', '2026-05-01 17:52:22', '2026-05-01 17:52:22'),
(132, 0, 86, 3, 0.00, 'yes', '2026-05-01 17:52:22', '2026-05-01 17:52:22'),
(133, 0, 87, 3, 0.00, 'yes', '2026-05-01 17:52:22', '2026-05-01 17:52:22'),
(134, 0, 88, 2, 0.00, 'no', '2026-05-01 23:11:48', '2026-05-01 23:11:48'),
(135, 0, 89, 2, 0.00, 'no', '2026-05-01 23:11:48', '2026-05-01 23:11:48'),
(136, 0, 90, 3, 0.00, 'no', '2026-05-01 23:11:48', '2026-05-01 23:11:48'),
(137, 0, 91, 3, 0.00, 'no', '2026-05-01 23:11:49', '2026-05-01 23:11:49'),
(138, 0, 92, 2, 0.00, 'no', '2026-05-01 23:11:49', '2026-05-01 23:11:49'),
(139, 0, 93, 3, 0.00, 'no', '2026-05-01 23:11:49', '2026-05-01 23:11:49'),
(140, 0, 94, 2, 0.00, 'no', '2026-05-01 23:11:49', '2026-05-01 23:11:49'),
(141, 0, 95, 3, 0.00, 'no', '2026-05-01 23:11:49', '2026-05-01 23:11:49'),
(142, 0, 96, 2, 0.00, 'no', '2026-05-01 23:11:49', '2026-05-01 23:11:49'),
(143, 0, 97, 2, 0.00, 'no', '2026-05-01 23:11:49', '2026-05-01 23:11:49'),
(144, 0, 98, 3, 0.00, 'no', '2026-05-01 23:11:49', '2026-05-01 23:11:49'),
(145, 0, 99, 2, 0.00, 'no', '2026-05-01 23:11:49', '2026-05-01 23:11:49'),
(146, 0, 100, 3, 0.00, 'no', '2026-05-01 23:11:49', '2026-05-01 23:11:49'),
(147, 0, 101, 2, 0.00, 'no', '2026-05-01 23:11:50', '2026-05-01 23:11:50'),
(148, 0, 102, 2, 0.00, 'no', '2026-05-01 23:11:50', '2026-05-01 23:11:50'),
(149, 0, 103, 2, 0.00, 'no', '2026-05-01 23:11:50', '2026-05-01 23:11:50'),
(150, 0, 104, 3, 0.00, 'no', '2026-05-01 23:11:50', '2026-05-01 23:11:50'),
(151, 0, 105, 3, 0.00, 'no', '2026-05-01 23:11:50', '2026-05-01 23:11:50'),
(152, 0, 106, 2, 0.00, 'no', '2026-05-01 23:11:50', '2026-05-01 23:11:50'),
(153, 0, 107, 3, 0.00, 'no', '2026-05-01 23:11:50', '2026-05-01 23:11:50'),
(154, 0, 108, 3, 0.00, 'no', '2026-05-01 23:11:50', '2026-05-01 23:11:50'),
(155, 0, 109, 2, 0.00, 'no', '2026-05-01 23:11:50', '2026-05-01 23:11:50'),
(156, 0, 110, 3, 0.00, 'no', '2026-05-01 23:11:50', '2026-05-01 23:11:50'),
(157, 0, 111, 1, 0.00, 'yes', '2026-05-02 00:13:00', '2026-05-02 00:13:00'),
(158, 0, 111, 3, 0.00, 'yes', '2026-05-02 00:13:00', '2026-05-02 00:13:00'),
(159, 0, 112, 1, 0.00, 'yes', '2026-05-02 00:13:00', '2026-05-02 00:13:00'),
(160, 0, 112, 3, 0.00, 'yes', '2026-05-02 00:13:00', '2026-05-02 00:13:00'),
(161, 0, 113, 1, 0.00, 'yes', '2026-05-02 00:13:00', '2026-05-02 00:13:00'),
(162, 0, 113, 3, 0.00, 'yes', '2026-05-02 00:13:00', '2026-05-02 00:13:00'),
(163, 0, 114, 1, 0.00, 'yes', '2026-05-02 00:13:00', '2026-05-02 00:13:00'),
(164, 0, 114, 3, 0.00, 'yes', '2026-05-02 00:13:00', '2026-05-02 00:13:00'),
(165, 0, 115, 1, 0.00, 'yes', '2026-05-02 00:13:00', '2026-05-02 00:13:00'),
(166, 0, 115, 3, 0.00, 'yes', '2026-05-02 00:13:00', '2026-05-02 00:13:00'),
(167, 0, 116, 1, 0.00, 'yes', '2026-05-02 00:13:00', '2026-05-02 00:13:00'),
(168, 0, 116, 3, 0.00, 'yes', '2026-05-02 00:13:00', '2026-05-02 00:13:00'),
(169, 0, 117, 1, 0.00, 'yes', '2026-05-02 00:13:00', '2026-05-02 00:13:00'),
(170, 0, 117, 3, 0.00, 'yes', '2026-05-02 00:13:00', '2026-05-02 00:13:00'),
(171, 0, 118, 1, 0.00, 'yes', '2026-05-02 00:13:00', '2026-05-02 00:13:00'),
(172, 0, 118, 3, 0.00, 'yes', '2026-05-02 00:13:00', '2026-05-02 00:13:00'),
(173, 0, 119, 1, 0.00, 'yes', '2026-05-02 00:13:00', '2026-05-02 00:13:00'),
(174, 0, 119, 3, 0.00, 'yes', '2026-05-02 00:13:00', '2026-05-02 00:13:00'),
(175, 0, 120, 1, 0.00, 'yes', '2026-05-02 00:13:00', '2026-05-02 00:13:00'),
(176, 0, 120, 3, 0.00, 'yes', '2026-05-02 00:13:00', '2026-05-02 00:13:00'),
(177, 0, 121, 1, 0.00, 'yes', '2026-05-02 00:13:00', '2026-05-02 00:13:00'),
(178, 0, 121, 3, 0.00, 'yes', '2026-05-02 00:13:00', '2026-05-02 00:13:00'),
(179, 0, 122, 1, 0.00, 'yes', '2026-05-02 00:13:00', '2026-05-02 00:13:00'),
(180, 0, 122, 3, 0.00, 'yes', '2026-05-02 00:13:00', '2026-05-02 00:13:00'),
(181, 0, 123, 1, 0.00, 'yes', '2026-05-02 00:13:00', '2026-05-02 00:13:00'),
(182, 0, 123, 3, 0.00, 'yes', '2026-05-02 00:13:00', '2026-05-02 00:13:00'),
(183, 0, 124, 1, 0.00, 'yes', '2026-05-02 00:13:00', '2026-05-02 00:13:00'),
(184, 0, 124, 3, 0.00, 'yes', '2026-05-02 00:13:00', '2026-05-02 00:13:00'),
(185, 0, 125, 1, 0.00, 'yes', '2026-05-02 00:13:00', '2026-05-02 00:13:00'),
(186, 0, 125, 3, 0.00, 'yes', '2026-05-02 00:13:00', '2026-05-02 00:13:00'),
(187, 0, 126, 1, 0.00, 'yes', '2026-05-02 00:13:00', '2026-05-02 00:13:00'),
(188, 0, 126, 3, 0.00, 'yes', '2026-05-02 00:13:00', '2026-05-02 00:13:00'),
(189, 0, 127, 1, 0.00, 'yes', '2026-05-02 00:13:00', '2026-05-02 00:13:00'),
(190, 0, 127, 2, 0.00, 'yes', '2026-05-02 00:13:00', '2026-05-02 00:13:00'),
(191, 0, 128, 1, 0.00, 'yes', '2026-05-02 00:13:00', '2026-05-02 00:13:00'),
(192, 0, 128, 2, 0.00, 'yes', '2026-05-02 00:13:00', '2026-05-02 00:13:00'),
(193, 0, 129, 1, 0.00, 'yes', '2026-05-02 00:13:00', '2026-05-02 00:13:00'),
(194, 0, 129, 2, 0.00, 'yes', '2026-05-02 00:13:00', '2026-05-02 00:13:00'),
(195, 0, 130, 1, 0.00, 'yes', '2026-05-02 00:13:00', '2026-05-02 00:13:00'),
(196, 0, 130, 2, 0.00, 'yes', '2026-05-02 00:13:00', '2026-05-02 00:13:00'),
(197, 0, 131, 1, 0.00, 'yes', '2026-05-02 00:13:00', '2026-05-02 00:13:00'),
(198, 0, 131, 2, 0.00, 'yes', '2026-05-02 00:13:00', '2026-05-02 00:13:00'),
(199, 0, 132, 1, 0.00, 'yes', '2026-05-02 00:13:00', '2026-05-02 00:13:00'),
(200, 0, 132, 2, 0.00, 'yes', '2026-05-02 00:13:00', '2026-05-02 00:13:00'),
(201, 0, 133, 1, 0.00, 'yes', '2026-05-02 00:13:00', '2026-05-02 00:13:00'),
(202, 0, 133, 2, 0.00, 'yes', '2026-05-02 00:13:00', '2026-05-02 00:13:00'),
(255, 0, 135, 1, 0.00, 'yes', '2026-05-02 00:20:45', '2026-05-02 00:20:45'),
(256, 0, 135, 2, 0.00, 'yes', '2026-05-02 00:20:45', '2026-05-02 00:20:45'),
(257, 0, 136, 1, 0.00, 'yes', '2026-05-02 00:32:14', '2026-05-02 00:32:14'),
(258, 0, 136, 3, 0.00, 'yes', '2026-05-02 00:32:14', '2026-05-02 00:32:14'),
(259, 0, 137, 1, 0.00, 'yes', '2026-05-02 00:32:14', '2026-05-02 00:32:14'),
(260, 0, 137, 3, 0.00, 'yes', '2026-05-02 00:32:14', '2026-05-02 00:32:14'),
(261, 0, 138, 1, 0.00, 'yes', '2026-05-02 00:32:14', '2026-05-02 00:32:14'),
(262, 0, 138, 3, 0.00, 'yes', '2026-05-02 00:32:14', '2026-05-02 00:32:14'),
(263, 0, 139, 1, 0.00, 'yes', '2026-05-02 00:32:14', '2026-05-02 00:32:14'),
(264, 0, 139, 3, 0.00, 'yes', '2026-05-02 00:32:14', '2026-05-02 00:32:14'),
(265, 0, 140, 1, 0.00, 'yes', '2026-05-02 00:32:14', '2026-05-02 00:32:14'),
(266, 0, 140, 3, 0.00, 'yes', '2026-05-02 00:32:14', '2026-05-02 00:32:14'),
(267, 0, 141, 1, 0.00, 'yes', '2026-05-02 00:32:14', '2026-05-02 00:32:14'),
(268, 0, 141, 2, 0.00, 'yes', '2026-05-02 00:32:14', '2026-05-02 00:32:14'),
(269, 0, 142, 1, 0.00, 'yes', '2026-05-02 00:32:14', '2026-05-02 00:32:14'),
(270, 0, 142, 2, 0.00, 'yes', '2026-05-02 00:32:14', '2026-05-02 00:32:14'),
(271, 0, 143, 1, 0.00, 'yes', '2026-05-02 00:32:14', '2026-05-02 00:32:14'),
(272, 0, 143, 2, 0.00, 'yes', '2026-05-02 00:32:14', '2026-05-02 00:32:14'),
(273, 0, 144, 1, 0.00, 'yes', '2026-05-02 00:32:14', '2026-05-02 00:32:14'),
(274, 0, 144, 2, 0.00, 'yes', '2026-05-02 00:32:14', '2026-05-02 00:32:14'),
(275, 0, 145, 1, 0.00, 'yes', '2026-05-02 00:32:14', '2026-05-02 00:32:14'),
(276, 0, 145, 2, 0.00, 'yes', '2026-05-02 00:32:14', '2026-05-02 00:32:14'),
(277, 0, 146, 1, 0.00, 'yes', '2026-05-02 00:32:14', '2026-05-02 00:32:14'),
(278, 0, 146, 2, 0.00, 'yes', '2026-05-02 00:32:14', '2026-05-02 00:32:14'),
(279, 0, 147, 1, 0.00, 'yes', '2026-05-02 00:32:14', '2026-05-02 00:32:14'),
(280, 0, 147, 2, 0.00, 'yes', '2026-05-02 00:32:14', '2026-05-02 00:32:14'),
(281, 0, 148, 1, 0.00, 'yes', '2026-05-02 00:32:14', '2026-05-02 00:32:14'),
(282, 0, 148, 2, 0.00, 'yes', '2026-05-02 00:32:14', '2026-05-02 00:32:14'),
(283, 0, 149, 1, 0.00, 'yes', '2026-05-02 00:39:50', '2026-05-02 00:39:50'),
(284, 0, 149, 3, 0.00, 'yes', '2026-05-02 00:39:50', '2026-05-02 00:39:50'),
(285, 0, 150, 1, 0.00, 'yes', '2026-05-02 00:39:50', '2026-05-02 00:39:50'),
(286, 0, 150, 3, 0.00, 'yes', '2026-05-02 00:39:50', '2026-05-02 00:39:50'),
(287, 0, 151, 1, 0.00, 'yes', '2026-05-02 00:39:50', '2026-05-02 00:39:50'),
(288, 0, 151, 3, 0.00, 'yes', '2026-05-02 00:39:50', '2026-05-02 00:39:50'),
(289, 0, 152, 1, 0.00, 'yes', '2026-05-02 00:39:50', '2026-05-02 00:39:50'),
(290, 0, 152, 3, 0.00, 'yes', '2026-05-02 00:39:50', '2026-05-02 00:39:50'),
(291, 0, 153, 1, 0.00, 'yes', '2026-05-02 00:39:50', '2026-05-02 00:39:50'),
(292, 0, 153, 3, 0.00, 'yes', '2026-05-02 00:39:50', '2026-05-02 00:39:50'),
(293, 0, 154, 1, 0.00, 'yes', '2026-05-02 00:39:50', '2026-05-02 00:39:50'),
(294, 0, 154, 3, 0.00, 'yes', '2026-05-02 00:39:50', '2026-05-02 00:39:50'),
(295, 0, 155, 1, 0.00, 'yes', '2026-05-02 00:39:50', '2026-05-02 00:39:50'),
(296, 0, 155, 3, 0.00, 'yes', '2026-05-02 00:39:50', '2026-05-02 00:39:50'),
(297, 0, 156, 1, 0.00, 'yes', '2026-05-02 00:39:50', '2026-05-02 00:39:50'),
(298, 0, 156, 3, 0.00, 'yes', '2026-05-02 00:39:50', '2026-05-02 00:39:50'),
(299, 0, 157, 1, 0.00, 'yes', '2026-05-02 00:39:50', '2026-05-02 00:39:50'),
(300, 0, 157, 3, 0.00, 'yes', '2026-05-02 00:39:50', '2026-05-02 00:39:50'),
(301, 0, 158, 1, 0.00, 'yes', '2026-05-02 00:39:50', '2026-05-02 00:39:50'),
(302, 0, 158, 3, 0.00, 'yes', '2026-05-02 00:39:50', '2026-05-02 00:39:50'),
(303, 0, 159, 1, 0.00, 'yes', '2026-05-02 00:39:50', '2026-05-02 00:39:50'),
(304, 0, 159, 3, 0.00, 'yes', '2026-05-02 00:39:50', '2026-05-02 00:39:50'),
(305, 0, 160, 1, 0.00, 'yes', '2026-05-02 00:39:50', '2026-05-02 00:39:50'),
(306, 0, 160, 3, 0.00, 'yes', '2026-05-02 00:39:50', '2026-05-02 00:39:50'),
(307, 0, 161, 1, 0.00, 'yes', '2026-05-02 00:39:50', '2026-05-02 00:39:50'),
(308, 0, 161, 3, 0.00, 'yes', '2026-05-02 00:39:50', '2026-05-02 00:39:50'),
(309, 0, 162, 1, 0.00, 'yes', '2026-05-02 00:39:50', '2026-05-02 00:39:50'),
(310, 0, 162, 3, 0.00, 'yes', '2026-05-02 00:39:50', '2026-05-02 00:39:50'),
(311, 0, 163, 1, 0.00, 'yes', '2026-05-02 00:39:50', '2026-05-02 00:39:50'),
(312, 0, 163, 3, 0.00, 'yes', '2026-05-02 00:39:50', '2026-05-02 00:39:50'),
(313, 0, 164, 1, 0.00, 'yes', '2026-05-02 00:39:50', '2026-05-02 00:39:50'),
(314, 0, 164, 3, 0.00, 'yes', '2026-05-02 00:39:50', '2026-05-02 00:39:50'),
(315, 0, 165, 1, 0.00, 'yes', '2026-05-02 00:39:50', '2026-05-02 00:39:50'),
(316, 0, 165, 3, 0.00, 'yes', '2026-05-02 00:39:50', '2026-05-02 00:39:50'),
(317, 0, 166, 1, 0.00, 'yes', '2026-05-02 00:39:50', '2026-05-02 00:39:50'),
(318, 0, 166, 2, 0.00, 'yes', '2026-05-02 00:39:50', '2026-05-02 00:39:50'),
(319, 0, 167, 1, 0.00, 'yes', '2026-05-02 00:39:50', '2026-05-02 00:39:50'),
(320, 0, 167, 2, 0.00, 'yes', '2026-05-02 00:39:50', '2026-05-02 00:39:50'),
(321, 0, 168, 1, 0.00, 'yes', '2026-05-02 00:39:50', '2026-05-02 00:39:50'),
(322, 0, 168, 2, 0.00, 'yes', '2026-05-02 00:39:50', '2026-05-02 00:39:50'),
(323, 0, 169, 1, 0.00, 'yes', '2026-05-02 00:39:50', '2026-05-02 00:39:50'),
(324, 0, 169, 2, 0.00, 'yes', '2026-05-02 00:39:50', '2026-05-02 00:39:50'),
(325, 0, 170, 1, 0.00, 'yes', '2026-05-02 00:39:50', '2026-05-02 00:39:50'),
(326, 0, 170, 2, 0.00, 'yes', '2026-05-02 00:39:50', '2026-05-02 00:39:50'),
(327, 0, 171, 1, 0.00, 'yes', '2026-05-02 00:39:50', '2026-05-02 00:39:50'),
(328, 0, 171, 2, 0.00, 'yes', '2026-05-02 00:39:50', '2026-05-02 00:39:50'),
(329, 0, 172, 1, 0.00, 'yes', '2026-05-02 00:39:50', '2026-05-02 00:39:50'),
(330, 0, 172, 2, 0.00, 'yes', '2026-05-02 00:39:50', '2026-05-02 00:39:50'),
(331, 0, 173, 1, 0.00, 'yes', '2026-05-02 00:39:50', '2026-05-02 00:39:50'),
(332, 0, 173, 2, 0.00, 'yes', '2026-05-02 00:39:50', '2026-05-02 00:39:50'),
(333, 0, 174, 1, 0.00, 'yes', '2026-05-02 00:39:50', '2026-05-02 00:39:50'),
(334, 0, 174, 2, 0.00, 'yes', '2026-05-02 00:39:50', '2026-05-02 00:39:50'),
(335, 0, 175, 1, 0.00, 'yes', '2026-05-02 00:39:50', '2026-05-02 00:39:50'),
(336, 0, 175, 2, 0.00, 'yes', '2026-05-02 00:39:50', '2026-05-02 00:39:50'),
(337, 0, 176, 1, 0.00, 'yes', '2026-05-02 00:39:50', '2026-05-02 00:39:50'),
(338, 0, 176, 2, 0.00, 'yes', '2026-05-02 00:39:50', '2026-05-02 00:39:50'),
(339, 0, 177, 1, 0.00, 'yes', '2026-05-02 00:39:50', '2026-05-02 00:39:50'),
(340, 0, 177, 2, 0.00, 'yes', '2026-05-02 00:39:50', '2026-05-02 00:39:50'),
(341, 0, 178, 1, 0.00, 'yes', '2026-05-02 00:39:50', '2026-05-02 00:39:50'),
(342, 0, 178, 2, 0.00, 'yes', '2026-05-02 00:39:50', '2026-05-02 00:39:50'),
(343, 0, 179, 1, 0.00, 'yes', '2026-05-02 00:39:50', '2026-05-02 00:39:50'),
(344, 0, 180, 1, 0.00, 'yes', '2026-05-02 00:39:50', '2026-05-02 00:39:50'),
(345, 0, 181, 1, 0.00, 'yes', '2026-05-02 00:39:50', '2026-05-02 00:39:50'),
(346, 0, 182, 1, 0.00, 'yes', '2026-05-02 00:39:50', '2026-05-02 00:39:50'),
(347, 0, 183, 1, 0.00, 'yes', '2026-05-02 00:39:50', '2026-05-02 00:39:50'),
(348, 0, 184, 1, 0.00, 'yes', '2026-05-02 00:39:50', '2026-05-02 00:39:50'),
(349, 0, 185, 1, 0.00, 'yes', '2026-05-02 00:39:50', '2026-05-02 00:39:50'),
(350, 0, 186, 1, 0.00, 'yes', '2026-05-02 00:39:50', '2026-05-02 00:39:50'),
(351, 0, 187, 1, 0.00, 'yes', '2026-05-02 00:39:50', '2026-05-02 00:39:50'),
(352, 0, 191, 1, 0.00, 'no', '2026-05-13 11:33:36', '2026-05-13 11:33:36'),
(353, 0, 191, 2, 0.00, 'no', '2026-05-13 11:37:29', '2026-05-13 11:37:29'),
(356, 0, 192, 2, 0.00, 'no', '2026-05-13 11:40:29', '2026-05-13 11:40:29'),
(357, 0, 192, 1, 0.00, 'no', '2026-05-13 11:41:27', '2026-05-13 11:41:27'),
(358, 0, 193, 1, 0.00, 'no', '2026-05-13 11:46:35', '2026-05-13 11:46:35'),
(359, 0, 193, 2, 0.00, 'no', '2026-05-13 11:46:35', '2026-05-13 11:46:35'),
(360, 0, 194, 1, 0.00, 'no', '2026-05-13 12:00:17', '2026-05-13 12:00:17'),
(361, 0, 194, 2, 0.00, 'no', '2026-05-13 12:00:17', '2026-05-13 12:00:17'),
(362, 0, 195, 1, 0.00, 'no', '2026-05-13 12:02:30', '2026-05-13 12:02:30'),
(363, 0, 196, 1, 0.00, 'no', '2026-05-13 12:04:42', '2026-05-13 12:04:42'),
(364, 0, 196, 2, 0.00, 'no', '2026-05-13 12:04:42', '2026-05-13 12:04:42'),
(365, 0, 197, 1, 0.00, 'no', '2026-05-13 12:20:57', '2026-05-13 12:20:57'),
(366, 0, 197, 2, 0.00, 'no', '2026-05-13 12:20:57', '2026-05-13 12:20:57'),
(367, 0, 198, 1, 0.00, 'no', '2026-05-13 12:23:15', '2026-05-13 12:23:15'),
(368, 0, 198, 2, 0.00, 'no', '2026-05-13 12:23:15', '2026-05-13 12:23:15'),
(369, 0, 199, 1, 0.00, 'no', '2026-05-13 12:57:00', '2026-05-13 12:57:00'),
(370, 0, 199, 2, 0.00, 'no', '2026-05-13 12:57:00', '2026-05-13 12:57:00'),
(371, 0, 200, 1, 0.00, 'no', '2026-05-20 13:07:58', '2026-05-20 13:07:58'),
(372, 0, 200, 2, 0.00, 'no', '2026-05-20 13:07:58', '2026-05-20 13:07:58'),
(373, 0, 201, 1, 0.00, 'no', '2026-06-02 11:04:36', '2026-06-02 11:04:36'),
(374, 0, 201, 2, 0.00, 'no', '2026-06-02 11:04:36', '2026-06-02 11:04:36'),
(375, 0, 202, 1, 0.00, 'no', '2026-06-02 11:12:02', '2026-06-02 11:12:02'),
(376, 0, 202, 2, 0.00, 'no', '2026-06-02 11:12:02', '2026-06-02 11:12:02'),
(377, 0, 203, 1, 0.00, 'no', '2026-06-02 11:16:59', '2026-06-02 11:16:59'),
(378, 0, 204, 1, 0.00, 'no', '2026-06-02 11:42:55', '2026-06-02 11:42:55'),
(379, 0, 204, 2, 0.00, 'no', '2026-06-02 11:42:55', '2026-06-02 11:42:55'),
(380, 0, 197, 4, 0.00, 'no', '2026-06-03 09:45:10', '2026-06-03 09:45:10'),
(381, 0, 195, 4, 0.00, 'no', '2026-06-03 09:45:17', '2026-06-03 09:45:17'),
(382, 0, 203, 4, 0.00, 'no', '2026-06-03 09:45:17', '2026-06-03 09:45:17'),
(383, 0, 195, 6, 0.00, 'no', '2026-06-03 10:01:22', '2026-06-03 10:01:22'),
(384, 0, 96, 1, 0.00, 'no', '2026-06-08 07:54:45', '2026-06-08 07:54:45'),
(385, 0, 205, 1, 0.00, 'no', '2026-06-08 08:06:08', '2026-06-08 08:06:08'),
(386, 0, 205, 2, 0.00, 'no', '2026-06-08 08:06:08', '2026-06-08 08:06:08'),
(387, 0, 206, 1, 0.00, 'no', '2026-06-08 12:40:00', '2026-06-08 12:40:00'),
(388, 0, 206, 5, 0.00, 'no', '2026-06-08 12:40:00', '2026-06-08 12:40:00'),
(389, 0, 204, 6, 0.00, 'no', '2026-06-12 08:41:23', '2026-06-12 08:41:23'),
(390, 0, 193, 7, 0.00, 'no', '2026-06-12 08:44:04', '2026-06-12 08:44:04'),
(391, 0, 207, 1, 0.00, 'no', '2026-06-12 13:19:59', '2026-06-12 13:19:59'),
(392, 0, 207, 4, 0.00, 'no', '2026-06-12 13:19:59', '2026-06-12 13:19:59'),
(393, 0, 208, 1, 0.00, 'no', '2026-06-12 13:28:35', '2026-06-12 13:28:35'),
(394, 0, 208, 2, 0.00, 'no', '2026-06-12 13:28:35', '2026-06-12 13:28:35'),
(395, 0, 209, 1, 0.00, 'no', '2026-06-16 11:15:02', '2026-06-16 11:15:02'),
(396, 0, 209, 3, 0.00, 'no', '2026-06-16 11:15:02', '2026-06-16 11:15:02'),
(397, 0, 210, 1, 0.00, 'no', '2026-06-19 10:38:37', '2026-06-19 10:38:37'),
(398, 0, 210, 2, 0.00, 'no', '2026-06-19 10:38:37', '2026-06-19 10:38:37'),
(399, 0, 211, 1, 0.00, 'no', '2026-06-22 12:56:24', '2026-06-22 12:56:24'),
(400, 0, 211, 4, 0.00, 'no', '2026-06-22 12:56:24', '2026-06-22 12:56:24'),
(401, 0, 212, 1, 0.00, 'no', '2026-06-24 13:51:49', '2026-06-24 13:51:49'),
(402, 0, 212, 2, 0.00, 'no', '2026-06-24 13:51:49', '2026-06-24 13:51:49'),
(403, 0, 212, 6, 0.00, 'no', '2026-06-24 13:51:49', '2026-06-24 13:51:49'),
(404, 0, 212, 7, 0.00, 'no', '2026-06-24 13:51:49', '2026-06-24 13:51:49'),
(405, 0, 213, 1, 0.00, 'no', '2026-06-26 10:36:55', '2026-06-26 10:36:55'),
(406, 0, 213, 2, 0.00, 'no', '2026-06-26 10:36:55', '2026-06-26 10:36:55'),
(407, 0, 213, 6, 0.00, 'no', '2026-06-26 10:36:55', '2026-06-26 10:36:55'),
(408, 0, 213, 7, 0.00, 'no', '2026-06-26 10:36:55', '2026-06-26 10:36:55'),
(409, 0, 214, 1, 0.00, 'no', '2026-06-26 11:52:32', '2026-06-26 11:52:32'),
(410, 0, 214, 4, 0.00, 'no', '2026-06-26 11:52:32', '2026-06-26 11:52:32'),
(411, 0, 214, 6, 0.00, 'no', '2026-06-26 11:52:32', '2026-06-26 11:52:32'),
(412, 0, 214, 7, 0.00, 'no', '2026-06-26 11:52:32', '2026-06-26 11:52:32');

-- --------------------------------------------------------

--
-- Structure de la table `student_fees_processing`
--

CREATE TABLE `student_fees_processing` (
  `id` int(11) NOT NULL,
  `gateway_ins_id` int(11) NOT NULL,
  `fee_category` varchar(255) NOT NULL,
  `student_fees_master_id` int(11) DEFAULT NULL,
  `fee_groups_feetype_id` int(11) DEFAULT NULL,
  `student_transport_fee_id` int(11) DEFAULT NULL,
  `amount_detail` text DEFAULT NULL,
  `is_active` varchar(10) NOT NULL DEFAULT 'no',
  `created_at` timestamp NOT NULL DEFAULT current_timestamp(),
  `updated_at` timestamp NOT NULL DEFAULT current_timestamp() ON UPDATE current_timestamp()
) ENGINE=InnoDB DEFAULT CHARSET=utf8mb3 COLLATE=utf8mb3_uca1400_ai_ci;

-- --------------------------------------------------------

--
-- Structure de la table `student_incidents`
--

CREATE TABLE `student_incidents` (
  `id` int(11) NOT NULL,
  `session_id` int(11) NOT NULL,
  `student_id` int(11) NOT NULL,
  `incident_id` int(11) NOT NULL,
  `assign_by` int(11) NOT NULL,
  `created_at` timestamp NOT NULL DEFAULT current_timestamp()
) ENGINE=InnoDB DEFAULT CHARSET=utf8mb3 COLLATE=utf8mb3_uca1400_ai_ci;

-- --------------------------------------------------------

--
-- Structure de la table `student_incident_comments`
--

CREATE TABLE `student_incident_comments` (
  `id` int(11) NOT NULL,
  `student_incident_id` int(11) NOT NULL,
  `comment` text NOT NULL,
  `type` varchar(50) NOT NULL,
  `staff_id` int(11) NOT NULL,
  `student_id` int(11) NOT NULL,
  `created_date` timestamp NOT NULL DEFAULT current_timestamp() ON UPDATE current_timestamp()
) ENGINE=InnoDB DEFAULT CHARSET=utf8mb3 COLLATE=utf8mb3_uca1400_ai_ci;

-- --------------------------------------------------------

--
-- Structure de la table `student_quiz_status`
--

CREATE TABLE `student_quiz_status` (
  `id` int(11) NOT NULL,
  `student_id` int(11) DEFAULT NULL,
  `guest_id` int(1) DEFAULT NULL,
  `course_quiz_id` int(11) DEFAULT NULL,
  `total_question` int(11) DEFAULT NULL,
  `correct_answer` int(11) DEFAULT NULL,
  `wrong_answer` int(11) DEFAULT NULL,
  `not_answer` int(11) DEFAULT NULL,
  `status` tinyint(1) DEFAULT NULL COMMENT '1-completed,0-incomplete	',
  `created_date` timestamp NULL DEFAULT current_timestamp(),
  `updated_date` timestamp NULL DEFAULT current_timestamp()
) ENGINE=InnoDB DEFAULT CHARSET=utf8mb3 COLLATE=utf8mb3_uca1400_ai_ci;

-- --------------------------------------------------------

--
-- Structure de la table `student_refrence`
--

CREATE TABLE `student_refrence` (
  `id` int(11) NOT NULL,
  `name` varchar(255) NOT NULL,
  `relation` varchar(255) NOT NULL,
  `age` varchar(255) NOT NULL,
  `profession` varchar(255) NOT NULL,
  `contact` varchar(255) NOT NULL,
  `student_id` int(11) NOT NULL,
  `created_at` timestamp NOT NULL DEFAULT current_timestamp(),
  `updated_at` timestamp NOT NULL DEFAULT current_timestamp() ON UPDATE current_timestamp()
) ENGINE=InnoDB DEFAULT CHARSET=utf8mb3 COLLATE=utf8mb3_uca1400_ai_ci;

-- --------------------------------------------------------

--
-- Structure de la table `student_session`
--

CREATE TABLE `student_session` (
  `id` int(11) NOT NULL,
  `session_id` int(11) DEFAULT NULL,
  `student_id` int(11) DEFAULT NULL,
  `class_id` int(11) DEFAULT NULL,
  `section_id` int(11) DEFAULT NULL,
  `hostel_room_id` int(11) DEFAULT NULL,
  `vehroute_id` int(11) DEFAULT NULL,
  `route_pickup_point_id` int(11) DEFAULT NULL,
  `transport_fees` decimal(10,2) NOT NULL DEFAULT 0.00,
  `fees_discount` decimal(10,2) NOT NULL DEFAULT 0.00,
  `is_leave` int(11) NOT NULL DEFAULT 0,
  `is_active` varchar(255) DEFAULT 'no',
  `is_alumni` int(11) NOT NULL,
  `default_login` int(11) NOT NULL DEFAULT 0,
  `created_at` timestamp NOT NULL DEFAULT current_timestamp(),
  `updated_at` timestamp NOT NULL DEFAULT current_timestamp() ON UPDATE current_timestamp()
) ENGINE=InnoDB DEFAULT CHARSET=utf8mb3 COLLATE=utf8mb3_uca1400_ai_ci;

--
-- Déchargement des données de la table `student_session`
--

INSERT INTO `student_session` (`id`, `session_id`, `student_id`, `class_id`, `section_id`, `hostel_room_id`, `vehroute_id`, `route_pickup_point_id`, `transport_fees`, `fees_discount`, `is_leave`, `is_active`, `is_alumni`, `default_login`, `created_at`, `updated_at`) VALUES
(1, 22, 1, 16, 2, NULL, NULL, NULL, 0.00, 0.00, 0, 'yes', 0, 0, '2026-05-01 11:03:34', '2026-06-08 14:57:32'),
(2, 22, 2, 16, 2, NULL, NULL, NULL, 0.00, 0.00, 0, 'yes', 0, 0, '2026-05-01 11:03:34', '2026-05-01 11:03:34'),
(3, 22, 3, 16, 2, NULL, NULL, NULL, 0.00, 0.00, 0, 'yes', 0, 0, '2026-05-01 11:03:34', '2026-05-01 11:03:34'),
(4, 22, 4, 16, 2, NULL, NULL, NULL, 0.00, 0.00, 0, 'yes', 0, 0, '2026-05-01 11:03:34', '2026-05-01 11:03:34'),
(5, 22, 5, 16, 2, NULL, NULL, NULL, 0.00, 0.00, 0, 'yes', 0, 1, '2026-05-01 11:03:34', '2026-05-01 11:24:09'),
(6, 22, 6, 16, 2, NULL, NULL, NULL, 0.00, 0.00, 0, 'yes', 0, 0, '2026-05-01 11:03:34', '2026-05-01 11:03:34'),
(7, 22, 7, 16, 2, NULL, NULL, NULL, 0.00, 0.00, 0, 'yes', 0, 0, '2026-05-01 11:03:34', '2026-05-01 11:03:34'),
(8, 22, 8, 16, 2, NULL, NULL, NULL, 0.00, 0.00, 0, 'yes', 0, 0, '2026-05-01 11:03:34', '2026-05-01 11:03:34'),
(9, 22, 9, 16, 2, NULL, NULL, NULL, 0.00, 0.00, 0, 'yes', 0, 0, '2026-05-01 11:03:34', '2026-05-01 11:03:34'),
(10, 22, 10, 16, 2, NULL, NULL, NULL, 0.00, 0.00, 0, 'yes', 0, 0, '2026-05-01 11:03:34', '2026-05-01 11:03:34'),
(11, 22, 11, 16, 2, NULL, NULL, NULL, 0.00, 0.00, 0, 'yes', 0, 0, '2026-05-01 11:03:34', '2026-05-01 11:03:34'),
(12, 22, 12, 16, 2, NULL, NULL, NULL, 0.00, 0.00, 0, 'yes', 0, 0, '2026-05-01 11:03:34', '2026-05-01 11:03:34'),
(13, 22, 13, 16, 2, NULL, NULL, NULL, 0.00, 0.00, 0, 'yes', 0, 0, '2026-05-01 11:03:34', '2026-05-01 11:03:34'),
(14, 22, 14, 16, 3, NULL, NULL, NULL, 0.00, 0.00, 0, 'yes', 0, 0, '2026-05-01 11:03:34', '2026-05-02 20:34:01'),
(15, 22, 15, 16, 3, NULL, NULL, NULL, 0.00, 0.00, 0, 'yes', 0, 0, '2026-05-01 11:03:34', '2026-05-02 20:34:12'),
(16, 22, 16, 16, 3, NULL, NULL, NULL, 0.00, 0.00, 0, 'yes', 0, 0, '2026-05-01 11:03:34', '2026-05-02 20:34:23'),
(17, 22, 17, 16, 3, NULL, NULL, NULL, 0.00, 0.00, 0, 'yes', 0, 0, '2026-05-01 11:03:34', '2026-05-02 20:34:35'),
(18, 22, 18, 16, 3, NULL, NULL, NULL, 0.00, 0.00, 0, 'yes', 0, 0, '2026-05-01 11:03:34', '2026-05-02 20:41:39'),
(19, 22, 19, 16, 3, NULL, NULL, NULL, 0.00, 0.00, 0, 'yes', 0, 0, '2026-05-01 11:03:34', '2026-05-02 20:35:40'),
(20, 22, 20, 16, 3, NULL, NULL, NULL, 0.00, 0.00, 0, 'yes', 0, 0, '2026-05-01 11:03:34', '2026-05-02 20:35:55'),
(21, 22, 21, 16, 3, NULL, NULL, NULL, 0.00, 0.00, 0, 'yes', 0, 0, '2026-05-01 11:03:34', '2026-05-02 20:36:05'),
(22, 22, 22, 16, 3, NULL, NULL, NULL, 0.00, 0.00, 0, 'yes', 0, 0, '2026-05-01 11:03:34', '2026-05-02 20:40:01'),
(23, 22, 23, 16, 3, NULL, NULL, NULL, 0.00, 0.00, 0, 'yes', 0, 0, '2026-05-01 11:03:34', '2026-05-02 20:41:48'),
(24, 22, 24, 16, 3, NULL, NULL, NULL, 0.00, 0.00, 0, 'yes', 0, 0, '2026-05-01 11:03:34', '2026-05-02 20:41:56'),
(25, 22, 25, 16, 3, NULL, NULL, NULL, 0.00, 0.00, 0, 'yes', 0, 0, '2026-05-01 11:03:34', '2026-05-02 20:42:06'),
(26, 22, 26, 16, 3, NULL, NULL, NULL, 0.00, 0.00, 0, 'yes', 0, 0, '2026-05-01 11:03:34', '2026-05-02 20:42:21'),
(27, 22, 27, 16, 2, NULL, 1, NULL, 0.00, 0.00, 0, 'yes', 0, 0, '2026-05-01 11:03:34', '2026-06-08 14:59:50'),
(28, 22, 28, 16, 2, NULL, NULL, NULL, 0.00, 0.00, 0, 'yes', 0, 0, '2026-05-01 11:03:34', '2026-05-01 11:03:34'),
(29, 22, 29, 16, 2, NULL, NULL, NULL, 0.00, 0.00, 0, 'yes', 0, 0, '2026-05-01 11:03:34', '2026-05-01 11:03:34'),
(30, 22, 30, 16, 2, NULL, NULL, NULL, 0.00, 0.00, 0, 'yes', 0, 0, '2026-05-01 11:03:34', '2026-05-01 11:03:34'),
(31, 22, 31, 16, 2, NULL, NULL, NULL, 0.00, 0.00, 0, 'yes', 0, 0, '2026-05-01 11:03:34', '2026-05-01 11:03:34'),
(32, 22, 32, 16, 3, NULL, NULL, NULL, 0.00, 0.00, 0, 'yes', 0, 0, '2026-05-01 11:03:34', '2026-05-02 20:46:48'),
(33, 22, 33, 16, 2, NULL, NULL, NULL, 0.00, 0.00, 0, 'yes', 0, 0, '2026-05-01 11:03:34', '2026-05-01 11:03:34'),
(34, 22, 34, 16, 3, NULL, NULL, NULL, 0.00, 0.00, 0, 'yes', 0, 0, '2026-05-01 11:03:34', '2026-05-02 20:46:37'),
(35, 22, 35, 16, 2, NULL, NULL, NULL, 0.00, 0.00, 0, 'yes', 0, 0, '2026-05-01 11:03:34', '2026-05-01 11:03:34'),
(36, 22, 36, 16, 3, NULL, NULL, NULL, 0.00, 0.00, 0, 'yes', 0, 1, '2026-05-01 11:03:34', '2026-05-04 23:07:20'),
(37, 22, 37, 16, 3, NULL, NULL, NULL, 0.00, 0.00, 0, 'yes', 0, 0, '2026-05-01 11:03:34', '2026-05-02 20:45:22'),
(38, 22, 38, 16, 3, NULL, NULL, NULL, 0.00, 0.00, 0, 'yes', 0, 0, '2026-05-01 11:03:34', '2026-05-02 20:45:16'),
(39, 22, 39, 16, 3, NULL, NULL, NULL, 0.00, 0.00, 0, 'yes', 0, 0, '2026-05-01 11:03:34', '2026-05-02 20:45:55'),
(40, 22, 40, 16, 3, NULL, NULL, NULL, 0.00, 0.00, 0, 'yes', 0, 0, '2026-05-01 11:03:34', '2026-05-02 20:45:09'),
(41, 22, 41, 16, 3, NULL, NULL, NULL, 0.00, 0.00, 0, 'yes', 0, 0, '2026-05-01 11:03:34', '2026-05-02 20:45:03'),
(42, 22, 42, 16, 3, NULL, NULL, NULL, 0.00, 0.00, 0, 'yes', 0, 0, '2026-05-01 11:03:34', '2026-05-02 20:44:57'),
(43, 22, 43, 16, 3, NULL, NULL, NULL, 0.00, 0.00, 0, 'yes', 0, 0, '2026-05-01 11:03:34', '2026-05-02 20:44:51'),
(44, 22, 44, 16, 3, NULL, NULL, NULL, 0.00, 0.00, 0, 'yes', 0, 0, '2026-05-01 11:03:34', '2026-05-02 20:43:35'),
(45, 22, 45, 16, 3, NULL, NULL, NULL, 0.00, 0.00, 0, 'yes', 0, 0, '2026-05-01 11:03:34', '2026-05-02 20:43:24'),
(46, 22, 46, 16, 3, NULL, NULL, NULL, 0.00, 0.00, 0, 'yes', 0, 0, '2026-05-01 11:03:34', '2026-05-02 20:43:13'),
(47, 22, 47, 18, 2, NULL, NULL, NULL, 0.00, 0.00, 0, 'yes', 0, 1, '2026-05-01 17:52:22', '2026-05-03 16:09:26'),
(48, 22, 48, 18, 2, NULL, NULL, NULL, 0.00, 0.00, 0, 'yes', 0, 0, '2026-05-01 17:52:22', '2026-05-01 17:52:22'),
(49, 22, 49, 18, 2, NULL, NULL, NULL, 0.00, 0.00, 0, 'yes', 0, 0, '2026-05-01 17:52:22', '2026-05-01 17:52:22'),
(50, 22, 50, 18, 2, NULL, NULL, NULL, 0.00, 0.00, 0, 'yes', 0, 0, '2026-05-01 17:52:22', '2026-05-01 17:52:22'),
(51, 22, 51, 18, 2, NULL, NULL, NULL, 0.00, 0.00, 0, 'yes', 0, 0, '2026-05-01 17:52:22', '2026-05-01 17:52:22'),
(52, 22, 52, 18, 2, NULL, NULL, NULL, 0.00, 0.00, 0, 'yes', 0, 0, '2026-05-01 17:52:22', '2026-05-01 17:52:22'),
(53, 22, 53, 18, 3, NULL, NULL, NULL, 0.00, 0.00, 0, 'yes', 0, 0, '2026-05-01 17:52:22', '2026-05-02 22:39:27'),
(54, 22, 54, 18, 3, NULL, NULL, NULL, 0.00, 0.00, 0, 'yes', 0, 0, '2026-05-01 17:52:22', '2026-05-02 22:39:34'),
(56, 22, 56, 18, 2, NULL, NULL, NULL, 0.00, 0.00, 0, 'yes', 0, 0, '2026-05-01 17:52:22', '2026-05-01 17:52:22'),
(57, 22, 57, 18, 2, NULL, NULL, NULL, 0.00, 0.00, 0, 'yes', 0, 0, '2026-05-01 17:52:22', '2026-05-01 17:52:22'),
(58, 22, 58, 18, 2, NULL, NULL, NULL, 0.00, 0.00, 0, 'yes', 0, 0, '2026-05-01 17:52:22', '2026-05-01 17:52:22'),
(59, 22, 59, 18, 2, NULL, NULL, NULL, 0.00, 0.00, 0, 'yes', 0, 0, '2026-05-01 17:52:22', '2026-05-01 17:52:22'),
(60, 22, 60, 18, 2, NULL, NULL, NULL, 0.00, 0.00, 0, 'yes', 0, 0, '2026-05-01 17:52:22', '2026-05-01 17:52:22'),
(61, 22, 61, 18, 2, NULL, NULL, NULL, 0.00, 0.00, 0, 'yes', 0, 0, '2026-05-01 17:52:22', '2026-05-01 17:52:22'),
(62, 22, 62, 18, 2, NULL, NULL, NULL, 0.00, 0.00, 0, 'yes', 0, 0, '2026-05-01 17:52:22', '2026-05-01 17:52:22'),
(63, 22, 63, 18, 2, NULL, NULL, NULL, 0.00, 0.00, 0, 'yes', 0, 0, '2026-05-01 17:52:22', '2026-05-01 17:52:22'),
(64, 22, 64, 18, 2, NULL, NULL, NULL, 0.00, 0.00, 0, 'yes', 0, 0, '2026-05-01 17:52:22', '2026-05-01 17:52:22'),
(65, 22, 65, 18, 2, NULL, NULL, NULL, 0.00, 0.00, 0, 'yes', 0, 0, '2026-05-01 17:52:22', '2026-05-01 17:52:22'),
(66, 22, 66, 18, 2, NULL, NULL, NULL, 0.00, 0.00, 0, 'yes', 0, 0, '2026-05-01 17:52:22', '2026-05-01 17:52:22'),
(67, 22, 67, 18, 2, NULL, NULL, NULL, 0.00, 0.00, 0, 'yes', 0, 0, '2026-05-01 17:52:22', '2026-05-01 17:52:22'),
(68, 22, 68, 18, 2, NULL, NULL, NULL, 0.00, 0.00, 0, 'yes', 0, 0, '2026-05-01 17:52:22', '2026-05-01 17:52:22'),
(69, 22, 69, 18, 2, NULL, NULL, NULL, 0.00, 0.00, 0, 'yes', 0, 0, '2026-05-01 17:52:22', '2026-05-01 17:52:22'),
(70, 22, 70, 18, 2, NULL, NULL, NULL, 0.00, 0.00, 0, 'yes', 0, 0, '2026-05-01 17:52:22', '2026-05-01 17:52:22'),
(71, 22, 71, 18, 3, NULL, NULL, NULL, 0.00, 0.00, 0, 'yes', 0, 1, '2026-05-01 17:52:22', '2026-05-04 12:15:27'),
(72, 22, 72, 18, 3, NULL, NULL, NULL, 0.00, 0.00, 0, 'yes', 0, 0, '2026-05-01 17:52:22', '2026-05-02 22:39:48'),
(73, 22, 73, 18, 3, NULL, NULL, NULL, 0.00, 0.00, 0, 'yes', 0, 0, '2026-05-01 17:52:22', '2026-05-02 22:39:55'),
(74, 22, 74, 18, 3, NULL, NULL, NULL, 0.00, 0.00, 0, 'yes', 0, 0, '2026-05-01 17:52:22', '2026-05-02 22:40:55'),
(75, 22, 75, 18, 3, NULL, NULL, NULL, 0.00, 0.00, 0, 'yes', 0, 0, '2026-05-01 17:52:22', '2026-05-02 22:40:08'),
(76, 22, 76, 18, 3, NULL, NULL, NULL, 0.00, 0.00, 0, 'yes', 0, 0, '2026-05-01 17:52:22', '2026-05-02 22:40:15'),
(77, 22, 77, 18, 3, NULL, NULL, NULL, 0.00, 0.00, 0, 'yes', 0, 0, '2026-05-01 17:52:22', '2026-05-02 22:41:02'),
(78, 22, 78, 18, 3, NULL, NULL, NULL, 0.00, 0.00, 0, 'yes', 0, 0, '2026-05-01 17:52:22', '2026-05-02 22:41:08'),
(79, 22, 79, 18, 3, NULL, NULL, NULL, 0.00, 0.00, 0, 'yes', 0, 0, '2026-05-01 17:52:22', '2026-05-02 22:41:15'),
(80, 22, 80, 18, 3, NULL, NULL, NULL, 0.00, 0.00, 0, 'yes', 0, 0, '2026-05-01 17:52:22', '2026-05-02 22:41:21'),
(81, 22, 81, 18, 3, NULL, NULL, NULL, 0.00, 0.00, 0, 'yes', 0, 0, '2026-05-01 17:52:22', '2026-05-02 22:41:27'),
(82, 22, 82, 18, 3, NULL, NULL, NULL, 0.00, 0.00, 0, 'yes', 0, 0, '2026-05-01 17:52:22', '2026-05-02 22:41:34'),
(83, 22, 83, 18, 3, NULL, NULL, NULL, 0.00, 0.00, 0, 'yes', 0, 0, '2026-05-01 17:52:22', '2026-05-02 22:41:40'),
(84, 22, 84, 18, 3, NULL, NULL, NULL, 0.00, 0.00, 0, 'yes', 0, 0, '2026-05-01 17:52:22', '2026-05-02 22:41:49'),
(85, 22, 85, 18, 3, NULL, NULL, NULL, 0.00, 0.00, 0, 'yes', 0, 0, '2026-05-01 17:52:22', '2026-05-02 22:42:22'),
(86, 22, 86, 18, 3, NULL, NULL, NULL, 0.00, 0.00, 0, 'yes', 0, 0, '2026-05-01 17:52:22', '2026-05-02 22:42:29'),
(87, 22, 87, 18, 3, NULL, NULL, NULL, 0.00, 0.00, 0, 'yes', 0, 0, '2026-05-01 17:52:22', '2026-05-02 22:42:36'),
(88, 22, 88, 20, 2, NULL, NULL, NULL, 0.00, 0.00, 0, 'yes', 0, 0, '2026-05-01 23:11:48', '2026-05-01 23:11:48'),
(89, 22, 89, 20, 3, NULL, NULL, NULL, 0.00, 0.00, 0, 'yes', 0, 1, '2026-05-01 23:11:48', '2026-05-04 12:13:45'),
(90, 22, 90, 20, 2, NULL, NULL, NULL, 0.00, 0.00, 0, 'yes', 0, 0, '2026-05-01 23:11:48', '2026-05-01 23:11:48'),
(91, 22, 91, 20, 3, NULL, NULL, NULL, 0.00, 0.00, 0, 'yes', 0, 0, '2026-05-01 23:11:49', '2026-05-02 22:55:15'),
(92, 22, 92, 20, 2, NULL, NULL, NULL, 0.00, 0.00, 0, 'yes', 0, 0, '2026-05-01 23:11:49', '2026-05-01 23:11:49'),
(93, 22, 93, 20, 3, NULL, NULL, NULL, 0.00, 0.00, 0, 'yes', 0, 1, '2026-05-01 23:11:49', '2026-05-02 22:55:23'),
(94, 22, 94, 20, 2, NULL, NULL, NULL, 0.00, 0.00, 0, 'yes', 0, 1, '2026-05-01 23:11:49', '2026-05-01 23:15:10'),
(95, 22, 95, 20, 3, NULL, NULL, NULL, 0.00, 0.00, 0, 'yes', 0, 1, '2026-05-01 23:11:49', '2026-05-02 22:55:31'),
(96, 22, 96, 20, 2, NULL, NULL, NULL, 0.00, 0.00, 0, 'yes', 0, 0, '2026-05-01 23:11:49', '2026-05-01 23:11:49'),
(97, 22, 97, 20, 3, NULL, NULL, NULL, 0.00, 0.00, 0, 'yes', 0, 0, '2026-05-01 23:11:49', '2026-05-02 22:55:39'),
(98, 22, 98, 20, 2, NULL, NULL, NULL, 0.00, 0.00, 0, 'yes', 0, 0, '2026-05-01 23:11:49', '2026-05-01 23:11:49'),
(99, 22, 99, 20, 3, NULL, NULL, NULL, 0.00, 0.00, 0, 'yes', 0, 0, '2026-05-01 23:11:49', '2026-05-02 22:55:47'),
(100, 22, 100, 20, 2, NULL, NULL, NULL, 0.00, 0.00, 0, 'yes', 0, 0, '2026-05-01 23:11:49', '2026-05-01 23:11:49'),
(101, 22, 101, 20, 3, NULL, NULL, NULL, 0.00, 0.00, 0, 'yes', 0, 0, '2026-05-01 23:11:50', '2026-05-02 22:55:54'),
(102, 22, 102, 20, 2, NULL, NULL, NULL, 0.00, 0.00, 0, 'yes', 0, 0, '2026-05-01 23:11:50', '2026-05-01 23:11:50'),
(103, 22, 103, 20, 3, NULL, NULL, NULL, 0.00, 0.00, 0, 'yes', 0, 0, '2026-05-01 23:11:50', '2026-05-02 22:56:02'),
(104, 22, 104, 20, 2, NULL, NULL, NULL, 0.00, 0.00, 0, 'yes', 0, 0, '2026-05-01 23:11:50', '2026-05-01 23:11:50'),
(105, 22, 105, 20, 3, NULL, NULL, NULL, 0.00, 0.00, 0, 'yes', 0, 0, '2026-05-01 23:11:50', '2026-05-02 22:56:10'),
(106, 22, 106, 20, 2, NULL, NULL, NULL, 0.00, 0.00, 0, 'yes', 0, 0, '2026-05-01 23:11:50', '2026-05-01 23:11:50'),
(107, 22, 107, 20, 3, NULL, NULL, NULL, 0.00, 0.00, 0, 'yes', 0, 0, '2026-05-01 23:11:50', '2026-05-02 22:56:19'),
(108, 22, 108, 20, 2, NULL, NULL, NULL, 0.00, 0.00, 0, 'yes', 0, 0, '2026-05-01 23:11:50', '2026-05-01 23:11:50'),
(109, 22, 109, 20, 3, NULL, NULL, NULL, 0.00, 0.00, 0, 'yes', 0, 0, '2026-05-01 23:11:50', '2026-05-02 22:56:41'),
(110, 22, 110, 20, 2, NULL, NULL, NULL, 0.00, 0.00, 0, 'yes', 0, 0, '2026-05-01 23:11:50', '2026-05-01 23:11:50'),
(111, 22, 111, 22, 2, NULL, NULL, NULL, 0.00, 0.00, 0, 'no', 0, 0, '2026-05-02 00:13:00', '2026-05-02 00:13:00'),
(112, 22, 112, 22, 3, NULL, NULL, NULL, 0.00, 0.00, 0, 'no', 0, 0, '2026-05-02 00:13:00', '2026-05-02 22:58:38'),
(113, 22, 113, 22, 2, NULL, NULL, NULL, 0.00, 0.00, 0, 'no', 0, 0, '2026-05-02 00:13:00', '2026-05-02 00:13:00'),
(114, 22, 114, 22, 3, NULL, NULL, NULL, 0.00, 0.00, 0, 'no', 0, 0, '2026-05-02 00:13:00', '2026-05-02 22:58:48'),
(115, 22, 115, 22, 2, NULL, NULL, NULL, 0.00, 0.00, 0, 'no', 0, 0, '2026-05-02 00:13:00', '2026-05-02 00:13:00'),
(116, 22, 116, 22, 3, NULL, NULL, NULL, 0.00, 0.00, 0, 'no', 0, 0, '2026-05-02 00:13:00', '2026-05-02 22:58:56'),
(117, 22, 117, 22, 2, NULL, NULL, NULL, 0.00, 0.00, 0, 'no', 0, 0, '2026-05-02 00:13:00', '2026-05-02 00:13:00'),
(118, 22, 118, 22, 3, NULL, NULL, NULL, 0.00, 0.00, 0, 'no', 0, 0, '2026-05-02 00:13:00', '2026-05-02 22:59:05'),
(119, 22, 119, 22, 2, NULL, NULL, NULL, 0.00, 0.00, 0, 'no', 0, 0, '2026-05-02 00:13:00', '2026-05-02 00:13:00'),
(120, 22, 120, 22, 3, NULL, NULL, NULL, 0.00, 0.00, 0, 'no', 0, 0, '2026-05-02 00:13:00', '2026-05-02 22:59:13'),
(121, 22, 121, 22, 2, NULL, NULL, NULL, 0.00, 0.00, 0, 'no', 0, 0, '2026-05-02 00:13:00', '2026-05-02 00:13:00'),
(122, 22, 122, 22, 3, NULL, NULL, NULL, 0.00, 0.00, 0, 'no', 0, 0, '2026-05-02 00:13:00', '2026-05-02 22:59:21'),
(123, 22, 123, 22, 2, NULL, NULL, NULL, 0.00, 0.00, 0, 'no', 0, 0, '2026-05-02 00:13:00', '2026-05-02 00:13:00'),
(124, 22, 124, 22, 3, NULL, NULL, NULL, 0.00, 0.00, 0, 'no', 0, 0, '2026-05-02 00:13:00', '2026-05-02 22:59:28'),
(125, 22, 125, 22, 2, NULL, NULL, NULL, 0.00, 0.00, 0, 'no', 0, 0, '2026-05-02 00:13:00', '2026-05-02 00:13:00'),
(126, 22, 126, 22, 3, NULL, NULL, NULL, 0.00, 0.00, 0, 'no', 0, 0, '2026-05-02 00:13:00', '2026-05-02 22:59:36'),
(127, 22, 127, 22, 2, NULL, NULL, NULL, 0.00, 0.00, 0, 'no', 0, 0, '2026-05-02 00:13:00', '2026-05-02 00:13:00'),
(128, 22, 128, 22, 3, NULL, NULL, NULL, 0.00, 0.00, 0, 'no', 0, 0, '2026-05-02 00:13:00', '2026-05-02 22:59:47'),
(129, 22, 129, 22, 2, NULL, NULL, NULL, 0.00, 0.00, 0, 'no', 0, 0, '2026-05-02 00:13:00', '2026-05-02 00:13:00'),
(130, 22, 130, 22, 3, NULL, NULL, NULL, 0.00, 0.00, 0, 'no', 0, 0, '2026-05-02 00:13:00', '2026-05-02 22:59:57'),
(131, 22, 131, 22, 2, NULL, NULL, NULL, 0.00, 0.00, 0, 'no', 0, 0, '2026-05-02 00:13:00', '2026-05-02 00:13:00'),
(132, 22, 132, 22, 3, NULL, NULL, NULL, 0.00, 0.00, 0, 'no', 0, 0, '2026-05-02 00:13:00', '2026-05-02 23:00:04'),
(133, 22, 133, 22, 2, NULL, NULL, NULL, 0.00, 0.00, 0, 'no', 0, 0, '2026-05-02 00:13:00', '2026-05-02 00:13:00'),
(135, 22, 135, 22, 2, NULL, NULL, NULL, 0.00, 0.00, 0, 'no', 0, 0, '2026-05-02 00:20:45', '2026-05-02 00:20:45'),
(136, 22, 136, 25, 2, NULL, NULL, NULL, 0.00, 0.00, 0, 'no', 0, 0, '2026-05-02 00:32:14', '2026-05-02 00:32:14'),
(137, 22, 137, 25, 2, NULL, NULL, NULL, 0.00, 0.00, 0, 'no', 0, 0, '2026-05-02 00:32:14', '2026-05-02 00:32:14'),
(138, 22, 138, 25, 2, NULL, NULL, NULL, 0.00, 0.00, 0, 'no', 0, 0, '2026-05-02 00:32:14', '2026-05-02 00:32:14'),
(139, 22, 139, 25, 2, NULL, NULL, NULL, 0.00, 0.00, 0, 'no', 0, 0, '2026-05-02 00:32:14', '2026-05-02 00:32:14'),
(140, 22, 140, 25, 2, NULL, NULL, NULL, 0.00, 0.00, 0, 'no', 0, 0, '2026-05-02 00:32:14', '2026-05-02 00:32:14'),
(141, 22, 141, 25, 2, NULL, NULL, NULL, 0.00, 0.00, 0, 'no', 0, 0, '2026-05-02 00:32:14', '2026-05-02 00:32:14'),
(142, 22, 142, 25, 2, NULL, NULL, NULL, 0.00, 0.00, 0, 'no', 0, 0, '2026-05-02 00:32:14', '2026-05-02 00:32:14'),
(143, 22, 143, 25, 2, NULL, NULL, NULL, 0.00, 0.00, 0, 'no', 0, 0, '2026-05-02 00:32:14', '2026-05-02 00:32:14'),
(144, 22, 144, 25, 2, NULL, NULL, NULL, 0.00, 0.00, 0, 'no', 0, 0, '2026-05-02 00:32:14', '2026-05-02 00:32:14'),
(145, 22, 145, 25, 2, NULL, NULL, NULL, 0.00, 0.00, 0, 'no', 0, 0, '2026-05-02 00:32:14', '2026-05-02 00:32:14'),
(146, 22, 146, 25, 2, NULL, NULL, NULL, 0.00, 0.00, 0, 'no', 0, 0, '2026-05-02 00:32:14', '2026-05-02 00:32:14'),
(147, 22, 147, 25, 2, NULL, NULL, NULL, 0.00, 0.00, 0, 'no', 0, 0, '2026-05-02 00:32:14', '2026-05-02 00:32:14'),
(148, 22, 148, 25, 2, NULL, NULL, NULL, 0.00, 0.00, 0, 'no', 0, 0, '2026-05-02 00:32:14', '2026-05-02 00:32:14'),
(149, 22, 149, 27, 3, NULL, NULL, NULL, 0.00, 0.00, 0, 'no', 0, 0, '2026-05-02 00:39:50', '2026-05-02 00:39:50'),
(150, 22, 150, 27, 2, NULL, NULL, NULL, 0.00, 0.00, 0, 'no', 0, 0, '2026-05-02 00:39:50', '2026-05-02 23:13:33'),
(151, 22, 151, 27, 2, NULL, NULL, NULL, 0.00, 0.00, 0, 'no', 0, 0, '2026-05-02 00:39:50', '2026-05-02 23:12:00'),
(152, 22, 152, 27, 3, NULL, NULL, NULL, 0.00, 0.00, 0, 'no', 0, 0, '2026-05-02 00:39:50', '2026-05-02 00:39:50'),
(153, 22, 153, 27, 2, NULL, NULL, NULL, 0.00, 0.00, 0, 'no', 0, 0, '2026-05-02 00:39:50', '2026-05-02 23:12:10'),
(154, 22, 154, 27, 3, NULL, NULL, NULL, 0.00, 0.00, 0, 'no', 0, 0, '2026-05-02 00:39:50', '2026-05-02 00:39:50'),
(155, 22, 155, 27, 2, NULL, NULL, NULL, 0.00, 0.00, 0, 'no', 0, 1, '2026-05-02 00:39:50', '2026-05-02 23:12:18'),
(156, 22, 156, 27, 3, NULL, NULL, NULL, 0.00, 0.00, 0, 'no', 0, 0, '2026-05-02 00:39:50', '2026-05-02 00:39:50'),
(157, 22, 157, 27, 2, NULL, NULL, NULL, 0.00, 0.00, 0, 'no', 0, 0, '2026-05-02 00:39:50', '2026-05-02 23:12:25'),
(158, 22, 158, 27, 3, NULL, NULL, NULL, 0.00, 0.00, 0, 'no', 0, 0, '2026-05-02 00:39:50', '2026-05-02 00:39:50'),
(159, 22, 159, 27, 2, NULL, NULL, NULL, 0.00, 0.00, 0, 'no', 0, 0, '2026-05-02 00:39:50', '2026-05-02 23:12:32'),
(160, 22, 160, 27, 3, NULL, NULL, NULL, 0.00, 0.00, 0, 'no', 0, 0, '2026-05-02 00:39:50', '2026-05-02 00:39:50'),
(161, 22, 161, 27, 2, NULL, NULL, NULL, 0.00, 0.00, 0, 'no', 0, 0, '2026-05-02 00:39:50', '2026-05-02 23:12:39'),
(162, 22, 162, 27, 3, NULL, NULL, NULL, 0.00, 0.00, 0, 'no', 0, 0, '2026-05-02 00:39:50', '2026-05-02 00:39:50'),
(163, 22, 163, 27, 2, NULL, NULL, NULL, 0.00, 0.00, 0, 'no', 0, 0, '2026-05-02 00:39:50', '2026-05-02 23:12:45'),
(164, 22, 164, 27, 3, NULL, NULL, NULL, 0.00, 0.00, 0, 'no', 0, 0, '2026-05-02 00:39:50', '2026-05-02 00:39:50'),
(165, 22, 165, 27, 3, NULL, NULL, NULL, 0.00, 0.00, 0, 'no', 0, 0, '2026-05-02 00:39:50', '2026-05-02 00:39:50'),
(166, 22, 166, 27, 2, NULL, NULL, NULL, 0.00, 0.00, 0, 'no', 0, 0, '2026-05-02 00:39:50', '2026-05-02 23:12:52'),
(167, 22, 167, 27, 3, NULL, NULL, NULL, 0.00, 0.00, 0, 'no', 0, 0, '2026-05-02 00:39:50', '2026-05-02 00:39:50'),
(168, 22, 168, 27, 2, NULL, NULL, NULL, 0.00, 0.00, 0, 'no', 0, 0, '2026-05-02 00:39:50', '2026-05-02 23:13:40'),
(169, 22, 169, 27, 3, NULL, NULL, NULL, 0.00, 0.00, 0, 'no', 0, 0, '2026-05-02 00:39:50', '2026-05-02 00:39:50'),
(170, 22, 170, 27, 2, NULL, NULL, NULL, 0.00, 0.00, 0, 'no', 0, 0, '2026-05-02 00:39:50', '2026-05-02 23:13:46'),
(171, 22, 171, 27, 3, NULL, NULL, NULL, 0.00, 0.00, 0, 'no', 0, 0, '2026-05-02 00:39:50', '2026-05-02 00:39:50'),
(172, 22, 172, 27, 2, NULL, NULL, NULL, 0.00, 0.00, 0, 'no', 0, 0, '2026-05-02 00:39:50', '2026-05-02 23:13:53'),
(173, 22, 173, 27, 3, NULL, NULL, NULL, 0.00, 0.00, 0, 'no', 0, 0, '2026-05-02 00:39:50', '2026-05-02 00:39:50'),
(174, 22, 174, 27, 3, NULL, NULL, NULL, 0.00, 0.00, 0, 'no', 0, 0, '2026-05-02 00:39:50', '2026-05-02 00:39:50'),
(175, 22, 175, 27, 2, NULL, NULL, NULL, 0.00, 0.00, 0, 'no', 0, 0, '2026-05-02 00:39:50', '2026-05-02 23:14:00'),
(176, 22, 176, 27, 3, NULL, NULL, NULL, 0.00, 0.00, 0, 'no', 0, 0, '2026-05-02 00:39:50', '2026-05-02 00:39:50'),
(177, 22, 177, 27, 2, NULL, NULL, NULL, 0.00, 0.00, 0, 'no', 0, 0, '2026-05-02 00:39:50', '2026-05-02 23:14:07'),
(178, 22, 178, 27, 3, NULL, NULL, NULL, 0.00, 0.00, 0, 'no', 0, 0, '2026-05-02 00:39:50', '2026-05-02 00:39:50'),
(179, 22, 179, 27, 3, NULL, NULL, NULL, 0.00, 0.00, 0, 'no', 0, 0, '2026-05-02 00:39:50', '2026-05-02 00:39:50'),
(180, 22, 180, 27, 3, NULL, NULL, NULL, 0.00, 0.00, 0, 'no', 0, 0, '2026-05-02 00:39:50', '2026-05-02 00:39:50'),
(181, 22, 181, 27, 2, NULL, NULL, NULL, 0.00, 0.00, 0, 'no', 0, 0, '2026-05-02 00:39:50', '2026-05-02 23:14:13'),
(182, 22, 182, 27, 2, NULL, NULL, NULL, 0.00, 0.00, 0, 'no', 0, 0, '2026-05-02 00:39:50', '2026-05-02 23:14:25'),
(183, 22, 183, 27, 3, NULL, NULL, NULL, 0.00, 0.00, 0, 'no', 0, 0, '2026-05-02 00:39:50', '2026-05-02 00:39:50'),
(184, 22, 184, 27, 2, NULL, NULL, NULL, 0.00, 0.00, 0, 'no', 0, 0, '2026-05-02 00:39:50', '2026-05-02 23:14:31'),
(185, 22, 185, 27, 2, NULL, NULL, NULL, 0.00, 0.00, 0, 'no', 0, 0, '2026-05-02 00:39:50', '2026-05-02 23:14:38'),
(186, 22, 186, 27, 3, NULL, NULL, NULL, 0.00, 0.00, 0, 'no', 0, 0, '2026-05-02 00:39:50', '2026-05-02 00:39:50'),
(187, 22, 187, 27, 2, NULL, NULL, NULL, 0.00, 0.00, 0, 'no', 0, 0, '2026-05-02 00:39:50', '2026-05-02 23:14:58'),
(191, 22, 188, 25, 2, NULL, NULL, NULL, 0.00, 0.00, 0, 'no', 0, 1, '2026-05-13 11:33:36', '2026-05-13 11:33:36'),
(192, 22, 189, 16, 3, NULL, NULL, NULL, 0.00, 0.00, 0, 'no', 0, 1, '2026-05-13 11:39:18', '2026-05-13 11:39:18'),
(193, 22, 190, 20, 3, NULL, NULL, NULL, 0.00, 0.00, 0, 'no', 0, 1, '2026-05-13 11:46:35', '2026-05-13 11:46:35'),
(194, 22, 191, 25, 2, NULL, NULL, NULL, 0.00, 0.00, 0, 'no', 0, 1, '2026-05-13 12:00:17', '2026-05-13 12:00:17'),
(195, 22, 192, 3, 1, NULL, NULL, NULL, 0.00, 0.00, 0, 'no', 0, 1, '2026-05-13 12:02:30', '2026-05-13 12:02:30'),
(196, 22, 193, 16, 3, NULL, NULL, NULL, 0.00, 0.00, 0, 'no', 0, 1, '2026-05-13 12:04:42', '2026-05-13 12:04:42'),
(197, 22, 194, 4, 1, NULL, NULL, NULL, 0.00, 0.00, 0, 'no', 0, 1, '2026-05-13 12:20:57', '2026-05-13 12:20:57'),
(198, 22, 195, 20, 3, NULL, NULL, NULL, 0.00, 0.00, 0, 'no', 0, 1, '2026-05-13 12:23:15', '2026-05-13 12:23:15'),
(199, 22, 196, 14, 2, NULL, NULL, NULL, 0.00, 0.00, 0, 'no', 0, 1, '2026-05-13 12:57:00', '2026-05-13 12:57:00'),
(200, 22, 197, 14, 3, NULL, NULL, NULL, 0.00, 0.00, 0, 'no', 0, 1, '2026-05-20 13:07:58', '2026-05-20 13:07:58'),
(201, 22, 198, 14, 3, NULL, NULL, NULL, 0.00, 0.00, 0, 'no', 0, 1, '2026-06-02 11:04:36', '2026-06-02 11:04:36'),
(202, 22, 199, 14, 3, NULL, NULL, NULL, 0.00, 0.00, 0, 'no', 0, 1, '2026-06-02 11:12:02', '2026-06-02 11:12:02'),
(203, 22, 200, 3, 1, NULL, NULL, NULL, 0.00, 0.00, 0, 'no', 0, 1, '2026-06-02 11:16:59', '2026-06-02 11:16:59'),
(204, 22, 201, 14, 3, NULL, NULL, NULL, 0.00, 0.00, 0, 'no', 0, 1, '2026-06-02 11:42:55', '2026-06-02 11:42:55'),
(205, 22, 202, 14, 3, NULL, NULL, NULL, 0.00, 0.00, 0, 'no', 0, 1, '2026-06-08 08:06:08', '2026-06-08 08:06:08'),
(206, 22, 203, 3, 1, NULL, NULL, NULL, 0.00, 0.00, 0, 'no', 0, 1, '2026-06-08 12:40:00', '2026-06-08 12:40:00'),
(207, 22, 204, 4, 1, NULL, NULL, NULL, 0.00, 0.00, 0, 'no', 0, 1, '2026-06-12 13:19:59', '2026-06-12 13:19:59'),
(208, 22, 205, 14, 3, NULL, NULL, NULL, 0.00, 0.00, 0, 'no', 0, 1, '2026-06-12 13:28:35', '2026-06-12 13:28:35'),
(209, 22, 206, 14, 2, NULL, NULL, NULL, 0.00, 0.00, 0, 'no', 0, 1, '2026-06-16 11:15:02', '2026-06-16 11:15:02'),
(210, 22, 207, 14, 2, NULL, NULL, NULL, 0.00, 0.00, 0, 'no', 0, 1, '2026-06-19 10:38:37', '2026-06-19 10:38:37'),
(211, 22, 208, 4, 1, NULL, NULL, NULL, 0.00, 0.00, 0, 'no', 0, 1, '2026-06-22 12:56:24', '2026-06-22 12:56:24'),
(212, 22, 209, 14, 2, NULL, NULL, NULL, 0.00, 0.00, 0, 'no', 0, 1, '2026-06-24 13:51:49', '2026-06-24 13:51:49'),
(213, 22, 210, 14, 2, NULL, NULL, NULL, 0.00, 0.00, 0, 'no', 0, 1, '2026-06-26 10:36:55', '2026-06-26 10:36:55'),
(214, 22, 211, 4, 1, NULL, NULL, NULL, 0.00, 0.00, 0, 'no', 0, 1, '2026-06-26 11:52:32', '2026-06-26 11:52:32');

-- --------------------------------------------------------

--
-- Structure de la table `student_skills_detail`
--

CREATE TABLE `student_skills_detail` (
  `id` int(11) NOT NULL,
  `skill_category` varchar(255) NOT NULL,
  `skill_detail` varchar(255) NOT NULL,
  `student_id` varchar(255) NOT NULL,
  `created_at` timestamp NOT NULL DEFAULT current_timestamp(),
  `updated_at` timestamp NOT NULL DEFAULT current_timestamp()
) ENGINE=InnoDB DEFAULT CHARSET=utf8mb3 COLLATE=utf8mb3_uca1400_ai_ci;

-- --------------------------------------------------------

--
-- Structure de la table `student_subject_attendances`
--

CREATE TABLE `student_subject_attendances` (
  `id` int(11) NOT NULL,
  `student_session_id` int(11) DEFAULT NULL,
  `subject_timetable_id` int(11) DEFAULT NULL,
  `attendence_type_id` int(11) DEFAULT NULL,
  `date` date DEFAULT NULL,
  `remark` text DEFAULT NULL,
  `created_at` timestamp NOT NULL DEFAULT current_timestamp(),
  `updated_at` timestamp NOT NULL DEFAULT current_timestamp() ON UPDATE current_timestamp()
) ENGINE=InnoDB DEFAULT CHARSET=utf8mb3 COLLATE=utf8mb3_uca1400_ai_ci;

-- --------------------------------------------------------

--
-- Structure de la table `student_timeline`
--

CREATE TABLE `student_timeline` (
  `id` int(11) NOT NULL,
  `student_id` int(11) NOT NULL,
  `title` varchar(200) NOT NULL,
  `timeline_date` date NOT NULL,
  `description` text NOT NULL,
  `document` text CHARACTER SET utf8mb3 COLLATE utf8mb3_general_ci DEFAULT NULL,
  `status` varchar(200) NOT NULL,
  `created_student_id` int(11) NOT NULL,
  `date` date NOT NULL,
  `created_at` timestamp NOT NULL DEFAULT current_timestamp(),
  `updated_at` timestamp NOT NULL DEFAULT current_timestamp()
) ENGINE=InnoDB DEFAULT CHARSET=utf8mb3 COLLATE=utf8mb3_uca1400_ai_ci;

-- --------------------------------------------------------

--
-- Structure de la table `student_transport_fees`
--

CREATE TABLE `student_transport_fees` (
  `id` int(11) NOT NULL,
  `transport_feemaster_id` int(11) NOT NULL,
  `student_session_id` int(11) NOT NULL,
  `route_pickup_point_id` int(11) NOT NULL,
  `generated_by` int(11) DEFAULT NULL,
  `created_at` timestamp NOT NULL DEFAULT current_timestamp(),
  `updated_at` timestamp NOT NULL DEFAULT current_timestamp() ON UPDATE current_timestamp()
) ENGINE=InnoDB DEFAULT CHARSET=utf8mb3 COLLATE=utf8mb3_uca1400_ai_ci;

-- --------------------------------------------------------

--
-- Structure de la table `student_work_experience`
--

CREATE TABLE `student_work_experience` (
  `id` int(11) NOT NULL,
  `institute` text NOT NULL,
  `designation` text NOT NULL,
  `year` varchar(255) NOT NULL,
  `location` text NOT NULL,
  `detail` text NOT NULL,
  `student_id` varchar(255) NOT NULL,
  `created_at` timestamp NOT NULL DEFAULT current_timestamp(),
  `updated_at` timestamp NOT NULL DEFAULT current_timestamp()
) ENGINE=InnoDB DEFAULT CHARSET=utf8mb3 COLLATE=utf8mb3_uca1400_ai_ci;

-- --------------------------------------------------------

--
-- Structure de la table `subjects`
--

CREATE TABLE `subjects` (
  `id` int(11) NOT NULL,
  `name` varchar(100) DEFAULT NULL,
  `code` varchar(100) NOT NULL,
  `type` varchar(100) NOT NULL,
  `is_active` varchar(255) DEFAULT 'no',
  `created_at` timestamp NOT NULL DEFAULT current_timestamp(),
  `updated_at` timestamp NOT NULL DEFAULT current_timestamp() ON UPDATE current_timestamp()
) ENGINE=InnoDB DEFAULT CHARSET=utf8mb3 COLLATE=utf8mb3_uca1400_ai_ci;

--
-- Déchargement des données de la table `subjects`
--

INSERT INTO `subjects` (`id`, `name`, `code`, `type`, `is_active`, `created_at`, `updated_at`) VALUES
(1, 'Arabe (اللغة العربية)', 'AR', 'theory', 'no', '2026-05-02 20:08:38', '2026-05-02 20:08:38'),
(2, 'Français', 'FR', 'theory', 'no', '2026-05-02 20:08:48', '2026-05-02 20:08:48'),
(3, 'Mathématiques', 'Maths', 'theory', 'no', '2026-05-02 20:08:57', '2026-05-02 20:08:57'),
(4, 'Éducation Islamique (التربية الإسلامية)', 'EI', 'theory', 'no', '2026-05-02 20:09:08', '2026-05-02 20:09:08'),
(5, 'Activités scientifiques (Sciences)', 'AS', 'theory', 'no', '2026-05-02 20:09:19', '2026-05-02 20:09:19'),
(6, 'Éducation artistique', 'EA', 'theory', 'no', '2026-05-02 20:09:31', '2026-05-02 20:09:31'),
(7, 'Éducation physique (EPS)', 'EPS', 'theory', 'no', '2026-05-02 20:09:58', '2026-05-02 20:09:58'),
(8, 'Anglais', 'Ang', 'theory', 'no', '2026-05-02 20:10:06', '2026-05-02 20:10:06'),
(9, 'Informatique', 'TIC', 'practical', 'no', '2026-05-02 20:10:21', '2026-05-02 20:10:21'),
(10, 'Sciences de la Vie et de la Terre (SVT)', 'SVT', 'theory', 'no', '2026-05-02 20:10:41', '2026-05-02 20:10:41'),
(11, 'Physique-Chimie', 'PC', 'theory', 'no', '2026-05-02 20:10:52', '2026-05-02 20:10:52'),
(12, 'Histoire-Géographie', 'HG', 'theory', 'no', '2026-05-02 20:11:07', '2026-05-02 20:11:07');

-- --------------------------------------------------------

--
-- Structure de la table `subject_groups`
--

CREATE TABLE `subject_groups` (
  `id` int(11) NOT NULL,
  `name` varchar(250) DEFAULT NULL,
  `description` text DEFAULT NULL,
  `session_id` int(11) DEFAULT NULL,
  `created_at` timestamp NOT NULL DEFAULT current_timestamp(),
  `updated_at` timestamp NOT NULL DEFAULT current_timestamp() ON UPDATE current_timestamp()
) ENGINE=InnoDB DEFAULT CHARSET=utf8mb3 COLLATE=utf8mb3_uca1400_ai_ci;

--
-- Déchargement des données de la table `subject_groups`
--

INSERT INTO `subject_groups` (`id`, `name`, `description`, `session_id`, `created_at`, `updated_at`) VALUES
(2, 'Langues', '', 22, '2026-05-02 23:28:31', '2026-05-02 23:28:31'),
(3, 'Sciences', '', 22, '2026-05-02 23:29:44', '2026-05-02 23:29:44'),
(4, 'Sciences humaines', '', 22, '2026-05-02 23:30:22', '2026-05-02 23:30:22');

-- --------------------------------------------------------

--
-- Structure de la table `subject_group_class_sections`
--

CREATE TABLE `subject_group_class_sections` (
  `id` int(11) NOT NULL,
  `subject_group_id` int(11) DEFAULT NULL,
  `class_section_id` int(11) DEFAULT NULL,
  `session_id` int(11) DEFAULT NULL,
  `description` text DEFAULT NULL,
  `is_active` int(11) DEFAULT 0,
  `created_at` timestamp NOT NULL DEFAULT current_timestamp(),
  `updated_at` timestamp NOT NULL DEFAULT current_timestamp() ON UPDATE current_timestamp()
) ENGINE=InnoDB DEFAULT CHARSET=utf8mb3 COLLATE=utf8mb3_uca1400_ai_ci;

--
-- Déchargement des données de la table `subject_group_class_sections`
--

INSERT INTO `subject_group_class_sections` (`id`, `subject_group_id`, `class_section_id`, `session_id`, `description`, `is_active`, `created_at`, `updated_at`) VALUES
(2, 2, 16, 22, NULL, 0, '2026-05-02 23:28:31', '2026-05-02 23:28:31'),
(3, 2, 34, 22, NULL, 0, '2026-05-02 23:28:57', '2026-05-02 23:28:57'),
(4, 3, 18, 22, NULL, 0, '2026-05-02 23:29:44', '2026-05-02 23:29:44'),
(5, 3, 35, 22, NULL, 0, '2026-05-02 23:29:44', '2026-05-02 23:29:44'),
(6, 4, 27, 22, NULL, 0, '2026-05-02 23:30:22', '2026-05-02 23:30:22'),
(7, 4, 43, 22, NULL, 0, '2026-05-02 23:30:22', '2026-05-02 23:30:22');

-- --------------------------------------------------------

--
-- Structure de la table `subject_group_subjects`
--

CREATE TABLE `subject_group_subjects` (
  `id` int(11) NOT NULL,
  `subject_group_id` int(11) DEFAULT NULL,
  `session_id` int(11) DEFAULT NULL,
  `subject_id` int(11) DEFAULT NULL,
  `created_at` timestamp NOT NULL DEFAULT current_timestamp(),
  `updated_at` timestamp NOT NULL DEFAULT current_timestamp() ON UPDATE current_timestamp()
) ENGINE=InnoDB DEFAULT CHARSET=utf8mb3 COLLATE=utf8mb3_uca1400_ai_ci;

--
-- Déchargement des données de la table `subject_group_subjects`
--

INSERT INTO `subject_group_subjects` (`id`, `subject_group_id`, `session_id`, `subject_id`, `created_at`, `updated_at`) VALUES
(10, 2, 22, 1, '2026-05-02 23:28:31', '2026-05-02 23:28:31'),
(11, 2, 22, 2, '2026-05-02 23:28:31', '2026-05-02 23:28:31'),
(12, 2, 22, 8, '2026-05-02 23:28:31', '2026-05-02 23:28:31'),
(13, 3, 22, 3, '2026-05-02 23:29:44', '2026-05-02 23:29:44'),
(14, 3, 22, 5, '2026-05-02 23:29:44', '2026-05-02 23:29:44'),
(15, 3, 22, 10, '2026-05-02 23:29:44', '2026-05-02 23:29:44'),
(16, 3, 22, 11, '2026-05-02 23:29:44', '2026-05-02 23:29:44'),
(17, 4, 22, 12, '2026-05-02 23:30:22', '2026-05-02 23:30:22');

-- --------------------------------------------------------

--
-- Structure de la table `subject_syllabus`
--

CREATE TABLE `subject_syllabus` (
  `id` int(11) NOT NULL,
  `topic_id` int(11) NOT NULL,
  `session_id` int(11) NOT NULL,
  `created_by` int(11) NOT NULL,
  `created_for` int(11) NOT NULL,
  `date` date NOT NULL,
  `time_from` varchar(255) NOT NULL,
  `time_to` varchar(255) NOT NULL,
  `presentation` text NOT NULL,
  `attachment` text NOT NULL,
  `lacture_youtube_url` varchar(255) NOT NULL,
  `lacture_video` text CHARACTER SET utf8mb3 COLLATE utf8mb3_general_ci NOT NULL,
  `sub_topic` text NOT NULL,
  `teaching_method` text NOT NULL,
  `general_objectives` text NOT NULL,
  `previous_knowledge` text NOT NULL,
  `comprehensive_questions` text NOT NULL,
  `status` int(11) NOT NULL,
  `created_at` timestamp NOT NULL DEFAULT current_timestamp(),
  `updated_at` timestamp NOT NULL DEFAULT current_timestamp() ON UPDATE current_timestamp()
) ENGINE=InnoDB DEFAULT CHARSET=utf8mb3 COLLATE=utf8mb3_uca1400_ai_ci;

-- --------------------------------------------------------

--
-- Structure de la table `subject_timetable`
--

CREATE TABLE `subject_timetable` (
  `id` int(11) NOT NULL,
  `session_id` int(11) DEFAULT NULL,
  `class_id` int(11) DEFAULT NULL,
  `section_id` int(11) DEFAULT NULL,
  `subject_group_id` int(11) DEFAULT NULL,
  `subject_group_subject_id` int(11) DEFAULT NULL,
  `staff_id` int(11) DEFAULT NULL,
  `day` varchar(20) DEFAULT NULL,
  `time_from` varchar(20) DEFAULT NULL,
  `time_to` varchar(20) DEFAULT NULL,
  `start_time` time DEFAULT NULL,
  `end_time` time DEFAULT NULL,
  `room_no` varchar(20) DEFAULT NULL,
  `created_at` timestamp NOT NULL DEFAULT current_timestamp(),
  `updated_at` timestamp NOT NULL DEFAULT current_timestamp() ON UPDATE current_timestamp()
) ENGINE=InnoDB DEFAULT CHARSET=utf8mb3 COLLATE=utf8mb3_uca1400_ai_ci;

-- --------------------------------------------------------

--
-- Structure de la table `submit_assignment`
--

CREATE TABLE `submit_assignment` (
  `id` int(11) NOT NULL,
  `homework_id` int(11) NOT NULL,
  `student_id` int(11) NOT NULL,
  `message` text NOT NULL,
  `docs` text CHARACTER SET utf8mb3 COLLATE utf8mb3_general_ci NOT NULL,
  `file_name` text DEFAULT NULL,
  `created_at` timestamp NOT NULL DEFAULT current_timestamp(),
  `updated_at` timestamp NOT NULL DEFAULT current_timestamp() ON UPDATE current_timestamp()
) ENGINE=InnoDB DEFAULT CHARSET=utf8mb3 COLLATE=utf8mb3_uca1400_ai_ci;

-- --------------------------------------------------------

--
-- Structure de la table `template_admitcards`
--

CREATE TABLE `template_admitcards` (
  `id` int(11) NOT NULL,
  `template` varchar(250) DEFAULT NULL,
  `heading` text DEFAULT NULL,
  `title` text DEFAULT NULL,
  `left_logo` text CHARACTER SET utf8mb3 COLLATE utf8mb3_general_ci DEFAULT NULL,
  `right_logo` text CHARACTER SET utf8mb3 COLLATE utf8mb3_general_ci DEFAULT NULL,
  `exam_name` varchar(200) DEFAULT NULL,
  `school_name` varchar(200) DEFAULT NULL,
  `exam_center` varchar(200) DEFAULT NULL,
  `sign` text CHARACTER SET utf8mb3 COLLATE utf8mb3_general_ci DEFAULT NULL,
  `background_img` text CHARACTER SET utf8mb3 COLLATE utf8mb3_general_ci DEFAULT NULL,
  `is_name` int(11) NOT NULL DEFAULT 1,
  `is_father_name` int(11) NOT NULL DEFAULT 1,
  `is_mother_name` int(11) NOT NULL DEFAULT 1,
  `is_dob` int(11) NOT NULL DEFAULT 1,
  `is_admission_no` int(11) NOT NULL DEFAULT 1,
  `is_roll_no` int(11) NOT NULL DEFAULT 1,
  `is_address` int(11) NOT NULL DEFAULT 1,
  `is_gender` int(11) NOT NULL DEFAULT 1,
  `is_photo` int(11) NOT NULL,
  `is_class` int(11) NOT NULL DEFAULT 0,
  `is_section` int(11) NOT NULL DEFAULT 0,
  `is_active` int(11) DEFAULT 0,
  `content_footer` text DEFAULT NULL,
  `created_at` timestamp NOT NULL DEFAULT current_timestamp(),
  `updated_at` timestamp NOT NULL DEFAULT current_timestamp() ON UPDATE current_timestamp()
) ENGINE=InnoDB DEFAULT CHARSET=utf8mb3 COLLATE=utf8mb3_uca1400_ai_ci;

--
-- Déchargement des données de la table `template_admitcards`
--

INSERT INTO `template_admitcards` (`id`, `template`, `heading`, `title`, `left_logo`, `right_logo`, `exam_name`, `school_name`, `exam_center`, `sign`, `background_img`, `is_name`, `is_father_name`, `is_mother_name`, `is_dob`, `is_admission_no`, `is_roll_no`, `is_address`, `is_gender`, `is_photo`, `is_class`, `is_section`, `is_active`, `content_footer`, `created_at`, `updated_at`) VALUES
(1, 'Sample Admit Card', '', '', '', '', 'Test', 'Mount Carmel School', 'test dmit card2', '', '', 0, 0, 0, 0, 0, 0, 0, 0, 0, 0, 0, 0, NULL, '2020-02-28 14:26:15', '2020-02-28 14:26:15');

-- --------------------------------------------------------

--
-- Structure de la table `template_marksheets`
--

CREATE TABLE `template_marksheets` (
  `id` int(11) NOT NULL,
  `header_image` text CHARACTER SET utf8mb3 COLLATE utf8mb3_general_ci DEFAULT NULL,
  `template` varchar(200) DEFAULT NULL,
  `heading` text DEFAULT NULL,
  `title` text DEFAULT NULL,
  `left_logo` text CHARACTER SET utf8mb3 COLLATE utf8mb3_general_ci DEFAULT NULL,
  `right_logo` text CHARACTER SET utf8mb3 COLLATE utf8mb3_general_ci DEFAULT NULL,
  `exam_name` varchar(200) DEFAULT NULL,
  `school_name` varchar(200) DEFAULT NULL,
  `exam_center` varchar(200) DEFAULT NULL,
  `left_sign` text CHARACTER SET utf8mb3 COLLATE utf8mb3_general_ci DEFAULT NULL,
  `middle_sign` text CHARACTER SET utf8mb3 COLLATE utf8mb3_general_ci DEFAULT NULL,
  `right_sign` text CHARACTER SET utf8mb3 COLLATE utf8mb3_general_ci DEFAULT NULL,
  `exam_session` int(11) DEFAULT 1,
  `is_name` int(11) DEFAULT 1,
  `is_father_name` int(11) DEFAULT 1,
  `is_mother_name` int(11) DEFAULT 1,
  `is_dob` int(11) DEFAULT 1,
  `is_admission_no` int(11) DEFAULT 1,
  `is_roll_no` int(11) DEFAULT 1,
  `is_photo` int(11) DEFAULT 1,
  `is_division` int(11) NOT NULL DEFAULT 1,
  `is_rank` int(11) NOT NULL DEFAULT 0,
  `is_customfield` int(11) NOT NULL,
  `background_img` text CHARACTER SET utf8mb3 COLLATE utf8mb3_general_ci DEFAULT NULL,
  `date` varchar(20) DEFAULT NULL,
  `is_class` int(11) NOT NULL DEFAULT 0,
  `is_teacher_remark` int(11) NOT NULL DEFAULT 1,
  `is_section` int(11) NOT NULL DEFAULT 0,
  `content` text DEFAULT NULL,
  `content_footer` text DEFAULT NULL,
  `created_at` timestamp NOT NULL DEFAULT current_timestamp(),
  `updated_at` timestamp NOT NULL DEFAULT current_timestamp() ON UPDATE current_timestamp()
) ENGINE=InnoDB DEFAULT CHARSET=utf8mb3 COLLATE=utf8mb3_uca1400_ai_ci;

--
-- Déchargement des données de la table `template_marksheets`
--

INSERT INTO `template_marksheets` (`id`, `header_image`, `template`, `heading`, `title`, `left_logo`, `right_logo`, `exam_name`, `school_name`, `exam_center`, `left_sign`, `middle_sign`, `right_sign`, `exam_session`, `is_name`, `is_father_name`, `is_mother_name`, `is_dob`, `is_admission_no`, `is_roll_no`, `is_photo`, `is_division`, `is_rank`, `is_customfield`, `background_img`, `date`, `is_class`, `is_teacher_remark`, `is_section`, `content`, `content_footer`, `created_at`, `updated_at`) VALUES
(1, NULL, 'Sample Marksheet', 'BOARD OF SECONDARY EDUCATION, MADHYA PRADESH, BHOPAL', 'BOARD OF SECONDARY EDUCATION, MADHYA PRADESH, BHOPAL', '', '', 'HIGHER SECONDARY SCHOOL CERTIFICATE EXAMINATION', 'Mount Carmel School', 'GOVT GIRLS H S SCHOOL', '', '', '', 1, 1, 1, 1, 1, 1, 1, 1, 1, 0, 1, '', NULL, 0, 1, 0, NULL, NULL, '2020-02-28 14:26:06', '2020-02-28 14:26:06');

-- --------------------------------------------------------

--
-- Structure de la table `thermal_print_settings`
--

CREATE TABLE `thermal_print_settings` (
  `id` int(11) NOT NULL,
  `is_print` int(11) NOT NULL,
  `school_name` text DEFAULT NULL,
  `address` text DEFAULT NULL,
  `footer_text` text DEFAULT NULL,
  `created_at` timestamp NOT NULL DEFAULT current_timestamp()
) ENGINE=InnoDB DEFAULT CHARSET=utf8mb3 COLLATE=utf8mb3_uca1400_ai_ci;

--
-- Déchargement des données de la table `thermal_print_settings`
--

INSERT INTO `thermal_print_settings` (`id`, `is_print`, `school_name`, `address`, `footer_text`, `created_at`) VALUES
(1, 0, 'La Victoire de l\'Enseignement Privé', 'Rue Yassima, face Pharmacie Bakkali, Tétouan 93000, Maroc <br> +212 6 38 91 53 02 <br> contact@groupelavcitoire.com', 'This receipt is computer generated hence no signature is required.', '2025-01-10 17:02:48');

-- --------------------------------------------------------

--
-- Structure de la table `topic`
--

CREATE TABLE `topic` (
  `id` int(11) NOT NULL,
  `session_id` int(11) NOT NULL,
  `lesson_id` int(11) NOT NULL,
  `name` varchar(255) NOT NULL,
  `status` int(11) NOT NULL,
  `complete_date` date DEFAULT NULL,
  `created_at` timestamp NOT NULL DEFAULT current_timestamp(),
  `updated_at` timestamp NOT NULL DEFAULT current_timestamp() ON UPDATE current_timestamp()
) ENGINE=InnoDB DEFAULT CHARSET=utf8mb3 COLLATE=utf8mb3_uca1400_ai_ci;

-- --------------------------------------------------------

--
-- Structure de la table `transfer_certificate_fields`
--

CREATE TABLE `transfer_certificate_fields` (
  `id` int(11) NOT NULL,
  `name` text CHARACTER SET utf8mb3 COLLATE utf8mb3_general_ci DEFAULT NULL COMMENT 'sch_settings columns',
  `lang_key` text CHARACTER SET utf8mb3 COLLATE utf8mb3_general_ci DEFAULT NULL,
  `status` int(11) DEFAULT NULL,
  `position` int(11) NOT NULL,
  `is_default` int(11) NOT NULL DEFAULT 0,
  `is_active` int(11) NOT NULL DEFAULT 1,
  `created_at` timestamp NOT NULL DEFAULT current_timestamp(),
  `updated_at` timestamp NOT NULL DEFAULT current_timestamp()
) ENGINE=InnoDB DEFAULT CHARSET=utf8mb3 COLLATE=utf8mb3_uca1400_ai_ci;

--
-- Déchargement des données de la table `transfer_certificate_fields`
--

INSERT INTO `transfer_certificate_fields` (`id`, `name`, `lang_key`, `status`, `position`, `is_default`, `is_active`, `created_at`, `updated_at`) VALUES
(1, 'firstname', 'first_name', 0, 3, 1, 0, '2025-07-07 01:31:21', '2025-07-07 01:31:21'),
(2, 'admission_no', 'admission_no', 1, 2, 1, 1, '2025-07-07 01:31:22', '2025-07-07 01:31:22'),
(3, 'middlename', 'middle_name', 0, 2, 1, 1, '2025-07-07 01:31:23', '2025-07-07 01:31:23'),
(4, 'lastname', 'last_name', 1, 3, 1, 1, '2025-07-07 01:31:23', '2025-07-07 01:31:23'),
(5, 'admission_date', 'admission_date', 1, 4, 1, 1, '2025-07-07 01:31:24', '2025-07-07 01:31:24'),
(6, 'student_photo', 'student_photo', 1, 6, 1, 0, '2025-07-07 01:31:24', '2025-07-07 01:31:24'),
(7, 'student_email', 'email', 1, 6, 1, 1, '2025-07-07 01:31:25', '2025-07-07 01:31:25'),
(8, 'religion', 'religion', 1, 9, 1, 1, '2025-07-07 01:31:25', '2025-07-07 01:31:25'),
(9, 'cast', 'caste', 1, 10, 1, 1, '2025-07-07 01:31:26', '2025-07-07 01:31:26'),
(10, 'dob', 'date_of_birth', 1, 5, 1, 1, '2025-07-07 01:31:26', '2025-07-07 01:31:26'),
(11, 'is_blood_group', 'blood_group', 1, 11, 1, 0, '2025-07-07 01:31:30', '2025-07-07 01:31:30'),
(12, 'if_guardian_is', 'if_guardian_is', 1, 12, 1, 0, '2025-07-07 01:31:30', '2025-07-07 01:31:30'),
(13, 'gender', 'gender', 1, 7, 1, 1, '2025-07-07 01:31:31', '2025-07-07 01:31:31'),
(14, 'current_address', 'current_address', 1, 20, 1, 1, '2025-07-07 01:31:32', '2025-07-07 01:31:32'),
(15, 'permanent_address', 'permanent_address', 1, 21, 1, 1, '2025-07-07 01:31:32', '2025-07-07 01:31:32'),
(16, 'category', 'category', 1, 8, 1, 1, '2025-07-07 01:31:33', '2025-07-07 01:31:33'),
(17, 'bank_account_no', 'bank_account_number', 1, 15, 1, 0, '2025-07-07 01:31:37', '2025-07-07 01:31:37'),
(18, 'bank_name', 'bank_name', 1, 16, 1, 0, '2025-07-07 01:31:38', '2025-07-07 01:31:38'),
(19, 'ifsc_code', 'ifsc_code', 1, 14, 1, 0, '2025-07-07 01:31:38', '2025-07-07 01:31:38'),
(20, 'father_name', 'father_name', 1, 14, 1, 1, '2025-07-07 01:31:39', '2025-07-07 01:31:39'),
(21, 'father_phone', 'father_phone', 1, 16, 1, 1, '2025-07-07 01:31:42', '2025-07-07 01:31:42'),
(22, 'father_occupation', 'father_occupation', 1, 15, 1, 1, '2025-07-07 01:31:42', '2025-07-07 01:31:42'),
(23, 'mother_name', 'mother_name', 1, 17, 1, 1, '2025-07-07 01:31:43', '2025-07-07 01:31:43'),
(24, 'mother_phone', 'mother_phone', 1, 19, 1, 1, '2025-07-07 01:31:44', '2025-07-07 01:31:44'),
(25, 'mother_occupation', 'mother_occupation', 1, 18, 1, 1, '2025-07-07 01:31:44', '2025-07-07 01:31:44'),
(26, 'is_student_house', 'house', 1, 11, 1, 1, '2025-07-07 01:31:45', '2025-07-07 01:31:45'),
(27, 'guardian_name', 'guardian_name', 1, 27, 1, 0, '2025-07-07 01:31:46', '2025-07-07 01:31:46'),
(28, 'guardian_relation', 'guardian_relation', 1, 28, 1, 0, '2025-07-07 01:31:47', '2025-07-07 01:31:47'),
(29, 'guardian_phone', 'guardian_phone', 1, 29, 1, 0, '2025-07-07 01:31:47', '2025-07-07 01:31:47'),
(30, 'guardian_occupation', 'guardian_occupation', 1, 30, 1, 0, '2025-07-07 01:31:48', '2025-07-07 01:31:48'),
(31, 'guardian_address', 'guardian_address', 1, 31, 1, 0, '2025-07-07 01:31:51', '2025-07-07 01:31:51'),
(32, 'guardian_email', 'guardian_email', 1, 32, 1, 0, '2025-07-07 01:31:51', '2025-07-07 01:31:51'),
(33, 'national_identification_no', 'national_identification_number', 1, 22, 1, 1, '2025-07-07 01:31:52', '2025-07-07 01:31:52'),
(34, 'local_identification_no', 'local_identification_number', 1, 23, 1, 1, '2025-07-07 01:31:52', '2025-07-07 01:31:52'),
(35, 'father_pic', 'father_photo', 1, 35, 1, 0, '2025-07-07 01:31:53', '2025-07-07 01:31:53'),
(36, 'mother_pic', 'mother_photo', 1, 36, 1, 0, '2025-07-07 01:31:53', '2025-07-07 01:31:53'),
(37, 'guardian_pic', 'guardian_photo', 1, 37, 1, 0, '2025-07-07 01:31:54', '2025-07-07 01:31:54'),
(38, 'student_height', 'height', 1, 12, 1, 1, '2025-07-07 01:31:55', '2025-07-07 01:31:55'),
(39, 'student_weight', 'weight', 1, 13, 1, 1, '2025-07-07 01:31:56', '2025-07-07 01:31:56'),
(40, 'rte', 'rte', 1, 24, 1, 1, '2025-07-10 21:56:51', '2025-07-10 21:56:51'),
(41, 'tc_no', 'tc_no', 1, 1, 1, 1, '2025-07-12 00:03:32', '2025-07-12 00:03:32');

-- --------------------------------------------------------

--
-- Structure de la table `transfer_certificate_no`
--

CREATE TABLE `transfer_certificate_no` (
  `id` int(11) NOT NULL,
  `student_session_id` int(11) NOT NULL,
  `tc_no` int(11) NOT NULL,
  `is_regenerte` int(11) NOT NULL,
  `create_at` datetime NOT NULL DEFAULT current_timestamp()
) ENGINE=InnoDB DEFAULT CHARSET=utf8mb3 COLLATE=utf8mb3_uca1400_ai_ci;

-- --------------------------------------------------------

--
-- Structure de la table `transfer_certificate_settings`
--

CREATE TABLE `transfer_certificate_settings` (
  `id` int(11) NOT NULL,
  `tc_no_start` int(11) NOT NULL,
  `affiliation_no` varchar(255) DEFAULT NULL,
  `header_image` text CHARACTER SET utf8mb3 COLLATE utf8mb3_general_ci DEFAULT NULL,
  `footer_content` text CHARACTER SET utf8mb3 COLLATE utf8mb3_general_ci DEFAULT NULL,
  `class_teacher_signature` text CHARACTER SET utf8mb3 COLLATE utf8mb3_general_ci DEFAULT NULL,
  `checked_by` text CHARACTER SET utf8mb3 COLLATE utf8mb3_general_ci DEFAULT NULL,
  `signature_of_principle` text CHARACTER SET utf8mb3 COLLATE utf8mb3_general_ci DEFAULT NULL,
  `create_at` datetime NOT NULL DEFAULT current_timestamp()
) ENGINE=InnoDB DEFAULT CHARSET=utf8mb3 COLLATE=utf8mb3_uca1400_ai_ci;

--
-- Déchargement des données de la table `transfer_certificate_settings`
--

INSERT INTO `transfer_certificate_settings` (`id`, `tc_no_start`, `affiliation_no`, `header_image`, `footer_content`, `class_teacher_signature`, `checked_by`, `signature_of_principle`, `create_at`) VALUES
(1, 1, NULL, 'header_image.jpg', '<p><b>(Transfer Certificate should be issued under the signature of the Regular Principal/ Incharge Principal / District / State / National/ International level)</b></p>', 'class_teacher_signature.jpg', 'checked_by.jpg', 'signature_of_principle.jpg', '2025-08-14 11:40:32');

-- --------------------------------------------------------

--
-- Structure de la table `transport_feemaster`
--

CREATE TABLE `transport_feemaster` (
  `id` int(11) NOT NULL,
  `session_id` int(11) NOT NULL,
  `month` varchar(50) DEFAULT NULL,
  `due_date` date DEFAULT NULL,
  `fine_amount` decimal(10,2) DEFAULT 0.00,
  `fine_type` varchar(50) DEFAULT NULL,
  `fine_percentage` decimal(10,2) DEFAULT 0.00,
  `created_at` timestamp NOT NULL DEFAULT current_timestamp(),
  `updated_at` timestamp NOT NULL DEFAULT current_timestamp() ON UPDATE current_timestamp()
) ENGINE=InnoDB DEFAULT CHARSET=utf8mb3 COLLATE=utf8mb3_uca1400_ai_ci;

--
-- Déchargement des données de la table `transport_feemaster`
--

INSERT INTO `transport_feemaster` (`id`, `session_id`, `month`, `due_date`, `fine_amount`, `fine_type`, `fine_percentage`, `created_at`, `updated_at`) VALUES
(1, 22, 'September', '2026-09-30', 300.00, 'fix', NULL, '2026-05-02 19:56:31', '2026-05-02 19:56:31'),
(2, 22, 'October', '2026-10-30', 300.00, 'fix', NULL, '2026-05-02 19:56:31', '2026-05-02 19:56:31'),
(3, 22, 'November', '2026-11-30', 300.00, 'fix', NULL, '2026-05-02 19:56:31', '2026-05-02 19:56:31'),
(4, 22, 'December', '2026-12-30', 300.00, 'fix', NULL, '2026-05-02 19:56:31', '2026-05-02 19:56:31'),
(5, 22, 'January', '2027-01-30', 300.00, 'fix', NULL, '2026-05-02 19:56:31', '2026-05-02 19:56:31'),
(6, 22, 'February', '2027-03-02', 300.00, 'fix', NULL, '2026-05-02 19:56:31', '2026-05-02 19:56:31'),
(7, 22, 'March', '2027-03-30', 300.00, 'fix', NULL, '2026-05-02 19:56:31', '2026-05-02 19:56:31'),
(8, 22, 'April', '2027-04-30', 300.00, 'fix', NULL, '2026-05-02 19:56:31', '2026-05-02 19:56:31'),
(9, 22, 'May', '2027-05-30', 300.00, 'fix', NULL, '2026-05-02 19:56:31', '2026-05-02 19:56:31'),
(10, 22, 'June', '2027-06-30', 300.00, 'fix', NULL, '2026-05-02 19:56:31', '2026-05-02 19:56:31'),
(11, 22, 'July', '2027-07-30', 300.00, 'fix', NULL, '2026-05-02 19:56:31', '2026-05-02 19:56:31'),
(12, 22, 'August', '2027-08-30', 300.00, 'fix', NULL, '2026-05-02 19:56:31', '2026-05-02 19:56:31');

-- --------------------------------------------------------

--
-- Structure de la table `transport_route`
--

CREATE TABLE `transport_route` (
  `id` int(11) NOT NULL,
  `route_title` varchar(100) DEFAULT NULL,
  `no_of_vehicle` int(11) DEFAULT NULL,
  `note` text DEFAULT NULL,
  `is_active` varchar(255) DEFAULT 'no',
  `created_at` timestamp NOT NULL DEFAULT current_timestamp(),
  `updated_at` timestamp NOT NULL DEFAULT current_timestamp() ON UPDATE current_timestamp()
) ENGINE=InnoDB DEFAULT CHARSET=utf8mb3 COLLATE=utf8mb3_uca1400_ai_ci;

--
-- Déchargement des données de la table `transport_route`
--

INSERT INTO `transport_route` (`id`, `route_title`, `no_of_vehicle`, `note`, `is_active`, `created_at`, `updated_at`) VALUES
(1, 'Zone 1', NULL, NULL, 'no', '2026-05-02 19:48:13', '2026-05-02 19:48:13'),
(2, 'Zone 2', NULL, NULL, 'no', '2026-05-02 19:48:19', '2026-05-02 19:48:19'),
(3, 'Zone 3', NULL, NULL, 'no', '2026-05-02 19:48:24', '2026-05-02 19:48:24');

-- --------------------------------------------------------

--
-- Structure de la table `upload_contents`
--

CREATE TABLE `upload_contents` (
  `id` int(11) NOT NULL,
  `content_type_id` int(11) NOT NULL,
  `image` text CHARACTER SET utf8mb3 COLLATE utf8mb3_general_ci DEFAULT NULL,
  `thumb_path` text CHARACTER SET utf8mb3 COLLATE utf8mb3_general_ci DEFAULT NULL,
  `dir_path` text CHARACTER SET utf8mb3 COLLATE utf8mb3_general_ci DEFAULT NULL,
  `real_name` text NOT NULL,
  `img_name` text CHARACTER SET utf8mb3 COLLATE utf8mb3_general_ci DEFAULT NULL,
  `thumb_name` text CHARACTER SET utf8mb3 COLLATE utf8mb3_general_ci DEFAULT NULL,
  `file_type` varchar(100) NOT NULL,
  `mime_type` text NOT NULL,
  `file_size` varchar(100) NOT NULL,
  `vid_url` text NOT NULL,
  `vid_title` varchar(250) NOT NULL,
  `upload_by` int(11) NOT NULL,
  `created_at` timestamp NOT NULL DEFAULT current_timestamp(),
  `updated_at` timestamp NOT NULL DEFAULT current_timestamp() ON UPDATE current_timestamp()
) ENGINE=InnoDB DEFAULT CHARSET=utf8mb3 COLLATE=utf8mb3_uca1400_ai_ci;

-- --------------------------------------------------------

--
-- Structure de la table `userlog`
--

CREATE TABLE `userlog` (
  `id` int(11) NOT NULL,
  `user` varchar(100) DEFAULT NULL,
  `role` varchar(100) DEFAULT NULL,
  `class_section_id` int(11) DEFAULT NULL,
  `ipaddress` varchar(100) DEFAULT NULL,
  `user_agent` varchar(500) DEFAULT NULL,
  `login_datetime` timestamp NOT NULL DEFAULT current_timestamp() ON UPDATE current_timestamp()
) ENGINE=InnoDB DEFAULT CHARSET=utf8mb3 COLLATE=utf8mb3_uca1400_ai_ci;

--
-- Déchargement des données de la table `userlog`
--

INSERT INTO `userlog` (`id`, `user`, `role`, `class_section_id`, `ipaddress`, `user_agent`, `login_datetime`) VALUES
(1, '02lavictoire@gmail.com', 'Super Admin', NULL, '105.155.51.174', 'Chrome 147.0.0.0, Windows 10', '2026-04-29 12:31:50'),
(2, '02lavictoire@gmail.com', 'Super Admin', NULL, '41.248.22.218', 'Firefox 149.0, Linux', '2026-04-29 13:36:41'),
(3, '02lavictoire@gmail.com', 'Super Admin', NULL, '105.191.42.135', 'Chrome 147.0.0.0, Windows 10', '2026-04-29 23:09:19'),
(4, '02lavictoire@gmail.com', 'Super Admin', NULL, '105.191.42.135', 'Chrome 147.0.0.0, Windows 10', '2026-04-30 06:15:34'),
(5, '02lavictoire@gmail.com', 'Super Admin', NULL, '105.191.42.135', 'Chrome 147.0.0.0, Windows 10', '2026-04-30 07:28:57'),
(6, '02lavictoire@gmail.com', 'Super Admin', NULL, '105.191.42.135', 'Chrome 147.0.0.0, Windows 10', '2026-04-30 07:47:08'),
(7, '02lavictoire@gmail.com', 'Super Admin', NULL, '41.249.71.226', 'Chrome 147.0.0.0, Linux', '2026-04-30 09:00:50'),
(8, '02lavictoire@gmail.com', 'Super Admin', NULL, '105.155.55.229', 'Chrome 147.0.0.0, Windows 10', '2026-04-30 10:15:20'),
(9, '02lavictoire@gmail.com', 'Super Admin', NULL, '105.155.55.229', 'Chrome 147.0.0.0, Windows 10', '2026-04-30 10:22:51'),
(10, 'parent1', 'parent', NULL, '105.155.55.229', 'Chrome 147.0.0.0, Windows 10', '2026-04-30 10:24:36'),
(11, 'parent1', 'parent', NULL, '105.155.55.229', 'Chrome 147.0.0.0, Windows 10', '2026-04-30 10:27:01'),
(12, '02lavictoire@gmail.com', 'Super Admin', NULL, '105.155.55.229', 'Chrome 147.0.0.0, Windows 10', '2026-04-30 10:35:06'),
(13, 'parent1', 'parent', NULL, '105.155.55.229', 'Chrome 147.0.0.0, Windows 10', '2026-04-30 10:37:57'),
(14, 'parent1', 'parent', NULL, '105.155.55.229', 'Chrome 147.0.0.0, Windows 10', '2026-04-30 10:47:26'),
(15, '02lavictoire@gmail.com', 'Super Admin', NULL, '105.155.55.229', 'Chrome 147.0.0.0, Windows 10', '2026-04-30 10:48:31'),
(16, '02lavictoire@gmail.com', 'Super Admin', NULL, '105.155.55.229', 'Chrome 147.0.0.0, Windows 10', '2026-04-30 10:53:40'),
(17, '02lavictoire@gmail.com', 'Super Admin', NULL, '105.155.55.229', 'Chrome 147.0.0.0, Windows 10', '2026-04-30 10:57:06'),
(18, 'parent1', 'parent', NULL, '105.155.55.229', 'Chrome 147.0.0.0, Windows 10', '2026-04-30 10:57:48'),
(19, 'parent1', 'parent', NULL, '105.155.55.229', 'Chrome 147.0.0.0, Windows 10', '2026-04-30 11:07:02'),
(20, '02lavictoire@gmail.com', 'Super Admin', NULL, '105.155.55.229', 'Chrome 147.0.0.0, Windows 10', '2026-04-30 11:12:38'),
(21, 'parent1', 'parent', NULL, '105.155.55.229', 'Chrome 147.0.0.0, Windows 10', '2026-04-30 11:16:17'),
(22, '02lavictoire@gmail.com', 'Super Admin', NULL, '105.155.55.229', 'Chrome 147.0.0.0, Windows 10', '2026-04-30 11:33:53'),
(23, 'parent1', 'parent', NULL, '105.155.55.229', 'Chrome 147.0.0.0, Windows 10', '2026-04-30 11:39:37'),
(24, '02lavictoire@gmail.com', 'Super Admin', NULL, '105.155.55.229', 'Chrome 147.0.0.0, Windows 10', '2026-04-30 11:40:29'),
(25, '02lavictoire@gmail.com', 'Super Admin', NULL, '105.155.55.229', 'Chrome 147.0.0.0, Windows 10', '2026-04-30 11:46:55'),
(26, '02lavictoire@gmail.com', 'Super Admin', NULL, '105.155.55.229', 'Chrome 147.0.0.0, Android', '2026-04-30 12:01:48'),
(27, '02lavictoire@gmail.com', 'Super Admin', NULL, '105.155.55.229', 'Chrome 147.0.0.0, Android', '2026-04-30 12:01:49'),
(28, '02lavictoire@gmail.com', 'Super Admin', NULL, '105.155.55.229', 'Chrome 147.0.0.0, Windows 10', '2026-04-30 12:26:32'),
(29, '02lavictoire@gmail.com', 'Super Admin', NULL, '160.178.248.38', 'Firefox 149.0, Linux', '2026-04-30 18:36:46'),
(30, '02lavictoire@gmail.com', 'Super Admin', NULL, '160.178.248.38', 'Firefox 149.0, Linux', '2026-04-30 19:32:02'),
(31, '02lavictoire@gmail.com', 'Super Admin', NULL, '105.158.203.113', 'Firefox 150.0, Linux', '2026-05-01 11:14:16'),
(32, 'std185', 'student', 16, '105.158.203.113', 'Firefox 150.0, Linux', '2026-05-01 11:56:37'),
(33, 'std185', 'student', 16, '105.158.203.113', 'Chrome 147.0.0.0, Linux', '2026-05-01 12:23:47'),
(34, 'std185', 'student', 16, '105.158.203.113', 'Chrome 147.0.0.0, Linux', '2026-05-01 12:28:23'),
(35, 'std185', 'student', 16, '105.158.203.113', 'Chrome 147.0.0.0, Linux', '2026-05-01 12:33:22'),
(36, 'std185', 'student', 16, '105.191.42.135', 'Firefox 150.0, Linux', '2026-05-01 13:02:38'),
(37, 'std185', 'student', 16, '105.191.42.135', 'Chrome 147.0.0.0, Linux', '2026-05-01 13:06:13'),
(38, 'std185', 'student', 16, '105.191.42.135', 'Firefox 150.0, Linux', '2026-05-01 13:59:10'),
(39, 'std185', 'student', 16, '105.191.42.135', 'Chrome 147.0.0.0, Linux', '2026-05-01 14:33:27'),
(40, 'std185', 'student', 16, '105.191.42.135', 'Firefox 150.0, Linux', '2026-05-01 14:40:49'),
(41, '02lavictoire@gmail.com', 'Super Admin', NULL, '105.191.42.135', 'Chrome 147.0.0.0, Android', '2026-05-01 14:46:17'),
(42, '02lavictoire@gmail.com', 'Super Admin', NULL, '105.191.42.135', 'Chrome 147.0.0.0, Linux', '2026-05-01 14:54:37'),
(43, '02lavictoire@gmail.com', 'Super Admin', NULL, '160.178.248.38', 'Chrome 147.0.0.0, Android', '2026-05-01 17:57:11'),
(44, 'std185', 'student', 16, '160.178.248.38', 'Chrome 147.0.0.0, Linux', '2026-05-01 18:01:49'),
(45, '02lavictoire@gmail.com', 'Super Admin', NULL, '160.178.248.38', 'Firefox 150.0, Linux', '2026-05-01 18:47:21'),
(46, 'std185', 'student', 16, '160.178.248.38', 'Firefox 150.0, Linux', '2026-05-01 19:46:30'),
(47, '02lavictoire@gmail.com', 'Super Admin', NULL, '105.191.42.135', 'Chrome 147.0.0.0, Windows 10', '2026-05-01 23:25:43'),
(48, '02lavictoire@gmail.com', 'Super Admin', NULL, '105.190.117.225', 'Chrome 147.0.0.0, Android', '2026-05-01 23:27:15'),
(49, '0626190596', 'parent', NULL, '105.191.42.135', 'Chrome 147.0.0.0, Windows 10', '2026-05-02 00:15:07'),
(52, '0626190596', 'parent', NULL, '105.191.42.135', 'Chrome 147.0.0.0, Windows 10', '2026-05-02 00:51:24'),
(53, '004004', 'parent', NULL, '105.191.42.135', 'Chrome 147.0.0.0, Windows 10', '2026-05-02 01:25:41'),
(54, '02lavictoire@gmail.com', 'Super Admin', NULL, '105.191.42.135', 'Chrome 147.0.0.0, Windows 10', '2026-05-02 11:42:36'),
(55, 'parent585', 'parent', NULL, '105.191.42.135', 'Chrome 147.0.0.0, Windows 10', '2026-05-02 11:54:15'),
(56, '02lavictoire@gmail.com', 'Super Admin', NULL, '105.191.42.135', 'Chrome 147.0.0.0, Windows 10', '2026-05-02 20:47:02'),
(57, '02lavictoire@gmail.com', 'Super Admin', NULL, '105.191.42.135', 'Chrome 147.0.0.0, Windows 10', '2026-05-03 15:29:52'),
(58, 'fatimabouhou@groupelavictoire.com', 'Receptioniste', NULL, '105.191.42.135', 'Chrome 147.0.0.0, Windows 10', '2026-05-03 15:55:33'),
(59, '02lavictoire@gmail.com', 'Super Admin', NULL, '105.191.42.135', 'Chrome 147.0.0.0, Windows 10', '2026-05-03 15:56:47'),
(60, '02lavictoire@gmail.com', 'Super Admin', NULL, '105.191.42.135', 'Chrome 147.0.0.0, Android', '2026-05-03 16:03:13'),
(61, '02lavictoire@gmail.com', 'Super Admin', NULL, '105.191.42.135', 'Chrome 147.0.0.0, Windows 10', '2026-05-03 16:29:30'),
(62, '02lavictoire@gmail.com', 'Super Admin', NULL, '105.191.42.135', 'Chrome 147.0.0.0, Windows 10', '2026-05-03 16:50:02'),
(63, 'parent162', 'parent', NULL, '105.191.42.135', 'Chrome 147.0.0.0, Windows 10', '2026-05-03 17:09:23'),
(64, '02lavictoire@gmail.com', 'Super Admin', NULL, '105.191.42.135', 'Chrome 147.0.0.0, Windows 10', '2026-05-03 21:05:07'),
(65, 'parent162', 'parent', NULL, '105.191.42.135', 'Chrome 147.0.0.0, Windows 10', '2026-05-03 21:08:39'),
(66, 'fatimabouhou@groupelavictoire.com', 'Receptioniste', NULL, '105.191.42.135', 'Chrome 147.0.0.0, Windows 10', '2026-05-03 21:39:38'),
(67, '02lavictoire@gmail.com', 'Super Admin', NULL, '105.191.42.135', 'Chrome 147.0.0.0, Windows 10', '2026-05-03 21:40:07'),
(68, '02lavictoire@gmail.com', 'Super Admin', NULL, '105.191.42.135', 'Chrome 147.0.0.0, Windows 10', '2026-05-04 10:23:18'),
(69, 'parent162', 'parent', NULL, '105.191.42.135', 'Chrome 147.0.0.0, Windows 10', '2026-05-04 10:27:39'),
(70, 'parent162', 'parent', NULL, '105.191.42.135', 'Chrome 147.0.0.0, Windows 10', '2026-05-04 10:32:59'),
(71, '02lavictoire@gmail.com', 'Super Admin', NULL, '105.191.42.135', 'Chrome 147.0.0.0, Android', '2026-05-04 11:03:32'),
(72, 'parent162', 'parent', NULL, '105.191.42.135', 'Chrome 147.0.0.0, Windows 10', '2026-05-04 11:27:58'),
(73, '02lavictoire@gmail.com', 'Super Admin', NULL, '105.191.42.135', 'Chrome 147.0.0.0, Windows 10', '2026-05-04 12:49:37'),
(74, 'std19194', 'student', 37, '105.191.42.135', 'Chrome 147.0.0.0, Windows 10', '2026-05-04 13:13:43'),
(75, 'parent2', 'parent', NULL, '105.191.42.135', 'Chrome 147.0.0.0, Windows 10', '2026-05-04 13:15:24'),
(76, 'std2', 'student', 35, '105.191.42.135', 'Chrome 147.0.0.0, Windows 10', '2026-05-04 13:16:09'),
(77, '02lavictoire@gmail.com', 'Super Admin', NULL, '105.191.42.135', 'Chrome 147.0.0.0, Windows 10', '2026-05-04 13:16:36'),
(78, '02lavictoire@gmail.com', 'Super Admin', NULL, '105.191.42.135', 'Chrome 147.0.0.0, Windows 10', '2026-05-04 13:25:25'),
(79, 'parent162', 'parent', NULL, '105.191.42.135', 'Chrome 147.0.0.0, Windows 10', '2026-05-04 14:44:45'),
(80, 'std108', 'student', 34, '105.190.102.118', 'Chrome 147.0.0.0, Android', '2026-05-05 00:07:15'),
(81, '02lavictoire@gmail.com', 'Super Admin', NULL, '105.190.102.118', 'Chrome 147.0.0.0, Android', '2026-05-05 00:08:27'),
(82, '02lavictoire@gmail.com', 'Super Admin', NULL, '41.249.68.247', 'Chrome 147.0.0.0, Android', '2026-05-05 15:36:42'),
(83, 'compta@groupelavictoire.com', 'Comptable', NULL, '41.249.68.247', 'Chrome 145.0.0.0, Windows 10', '2026-05-05 15:46:59'),
(84, '02lavictoire@gmail.com', 'Super Admin', NULL, '105.191.42.135', 'Chrome 147.0.0.0, Windows 10', '2026-05-05 16:30:25'),
(85, '02lavictoire@gmail.com', 'Super Admin', NULL, '105.190.107.2', 'Chrome 147.0.0.0, Android', '2026-05-07 21:42:56'),
(86, '02lavictoire@gmail.com', 'Super Admin', NULL, '105.190.160.27', 'Chrome 147.0.0.0, Android', '2026-05-08 19:56:01'),
(87, '02lavictoire@gmail.com', 'Super Admin', NULL, '160.177.140.121', 'Chrome 147.0.0.0, Windows 10', '2026-05-11 12:04:34'),
(88, '02lavictoire@gmail.com', 'Super Admin', NULL, '105.190.171.68', 'Chrome 148.0.0.0, Android', '2026-05-11 20:49:34'),
(89, '02lavictoire@gmail.com', 'Super Admin', NULL, '41.142.117.221', 'Chrome 148.0.0.0, Windows 10', '2026-05-12 11:37:32'),
(90, '02lavictoire@gmail.com', 'Super Admin', NULL, '41.142.117.221', 'Chrome 148.0.0.0, Windows 10', '2026-05-12 14:50:36'),
(91, '02lavictoire@gmail.com', 'Super Admin', NULL, '41.142.117.221', 'Chrome 147.0.0.0, Windows 10', '2026-05-12 14:57:50'),
(92, '02lavictoire@gmail.com', 'Super Admin', NULL, '105.158.204.146', 'Chrome 148.0.0.0, Windows 10', '2026-05-13 11:54:20'),
(93, 'fatimabouhou@groupelavictoire.com', 'Receptioniste', NULL, '105.158.204.146', 'Chrome 148.0.0.0, Windows 10', '2026-05-13 12:22:56'),
(94, 'fatimabouhou@groupelavictoire.com', 'Receptioniste', NULL, '41.143.93.195', 'Chrome 148.0.0.0, Windows 10', '2026-05-14 08:29:02'),
(95, 'fatimabouhou@groupelavictoire.com', 'Receptioniste', NULL, '41.142.125.78', 'Chrome 148.0.0.0, Windows 10', '2026-05-15 09:30:11'),
(96, '02lavictoire@gmail.com', 'Super Admin', NULL, '41.142.125.78', 'Chrome 148.0.0.0, Windows 10', '2026-05-15 14:39:32'),
(97, '02lavictoire@gmail.com', 'Super Admin', NULL, '102.101.83.60', 'Chrome 148.0.0.0, Windows 10', '2026-05-18 00:28:23'),
(98, '02lavictoire@gmail.com', 'Super Admin', NULL, '41.248.19.162', 'Chrome 148.0.0.0, Windows 10', '2026-05-18 11:39:21'),
(99, 'fatimabouhou@groupelavictoire.com', 'Receptioniste', NULL, '41.142.115.65', 'Chrome 148.0.0.0, Windows 10', '2026-05-19 12:54:55'),
(100, 'fatimabouhou@groupelavictoire.com', 'Receptioniste', NULL, '41.142.115.65', 'Chrome 148.0.0.0, Windows 10', '2026-05-20 09:20:34'),
(101, 'fatimabouhou@groupelavictoire.com', 'Receptioniste', NULL, '160.177.136.60', 'Chrome 148.0.0.0, Windows 10', '2026-05-20 14:04:39'),
(102, '02lavictoire@gmail.com', 'Super Admin', NULL, '105.191.76.158', 'Chrome 148.0.0.0, Windows 10', '2026-05-29 07:09:19'),
(103, '02lavictoire@gmail.com', 'Super Admin', NULL, '105.191.76.158', 'Chrome 148.0.0.0, Windows 10', '2026-05-29 07:33:06'),
(104, 'fatimabouhou@groupelavictoire.com', 'Receptioniste', NULL, '196.89.242.148', 'Chrome 148.0.0.0, Windows 10', '2026-06-01 11:41:44'),
(105, 'fatimabouhou@groupelavictoire.com', 'Receptioniste', NULL, '196.74.142.194', 'Chrome 148.0.0.0, Windows 10', '2026-06-02 11:59:54'),
(106, 'fatimabouhou@groupelavictoire.com', 'Receptioniste', NULL, '196.74.142.194', 'Chrome 148.0.0.0, Windows 10', '2026-06-02 15:34:40'),
(107, '02lavictoire@gmail.com', 'Super Admin', NULL, '196.74.142.194', 'Chrome 148.0.0.0, Windows 10', '2026-06-02 15:37:18'),
(108, '02lavictoire@gmail.com', 'Super Admin', NULL, '160.178.254.7', 'Chrome 148.0.0.0, Windows 10', '2026-06-03 10:32:24'),
(109, 'fatimabouhou@groupelavictoire.com', 'Receptioniste', NULL, '160.178.254.7', 'Chrome 148.0.0.0, Windows 10', '2026-06-03 10:35:12'),
(110, '02lavictoire@gmail.com', 'Super Admin', NULL, '160.178.254.7', 'Chrome 148.0.0.0, Windows 10', '2026-06-03 10:36:32'),
(111, 'fatimabouhou@groupelavictoire.com', 'Receptioniste', NULL, '160.178.254.7', 'Chrome 148.0.0.0, Windows 10', '2026-06-03 12:58:43'),
(112, 'fatimabouhou@groupelavictoire.com', 'Receptioniste', NULL, '196.70.76.29', 'Chrome 148.0.0.0, Windows 10', '2026-06-04 12:15:54'),
(113, 'fatimabouhou@groupelavictoire.com', 'Receptioniste', NULL, '41.142.116.217', 'Chrome 148.0.0.0, Windows 10', '2026-06-05 15:32:18'),
(114, '02lavictoire@gmail.com', 'Super Admin', NULL, '41.142.116.217', 'Chrome 148.0.0.0, Windows 10', '2026-06-05 15:38:13'),
(115, 'direction@groupelavictoire.com', 'Directrice', NULL, '41.142.116.217', 'Chrome 148.0.0.0, Windows 10', '2026-06-05 15:39:29'),
(116, 'fatimabouhou@groupelavictoire.com', 'Receptioniste', NULL, '196.74.139.159', 'Chrome 148.0.0.0, Windows 10', '2026-06-08 08:53:14'),
(117, 'fatimabouhou@groupelavictoire.com', 'Receptioniste', NULL, '196.70.86.172', 'Chrome 148.0.0.0, Windows 10', '2026-06-08 13:19:44'),
(118, '02lavictoire@gmail.com', 'Super Admin', NULL, '196.70.86.172', 'Chrome 149.0.0.0, Windows 10', '2026-06-08 15:55:30'),
(119, 'direction@groupelavictoire.com', 'Directrice', NULL, '41.143.98.102', 'Chrome 149.0.0.0, Windows 10', '2026-06-11 15:38:07'),
(120, 'fatimabouhou@groupelavictoire.com', 'Receptioniste', NULL, '41.143.98.102', 'Chrome 149.0.0.0, Windows 10', '2026-06-12 09:23:41'),
(121, 'fatimabouhou@groupelavictoire.com', 'Receptioniste', NULL, '105.155.53.186', 'Chrome 149.0.0.0, Windows 10', '2026-06-12 14:17:11'),
(122, '02lavictoire@gmail.com', 'Super Admin', NULL, '41.249.74.56', 'Chrome 149.0.0.0, Windows 10', '2026-06-15 13:19:40'),
(123, 'fatimabouhou@groupelavictoire.com', 'Receptioniste', NULL, '41.249.77.125', 'Chrome 149.0.0.0, Windows 10', '2026-06-16 12:07:32'),
(124, 'fatimabouhou@groupelavictoire.com', 'Receptioniste', NULL, '41.143.102.221', 'Chrome 149.0.0.0, Windows 10', '2026-06-19 11:35:28'),
(125, 'fatimabouhou@groupelavictoire.com', 'Receptioniste', NULL, '196.65.251.129', 'Chrome 149.0.0.0, Windows 10', '2026-06-22 13:51:52'),
(126, 'fatimabouhou@groupelavictoire.com', 'Receptioniste', NULL, '105.155.33.137', 'Chrome 149.0.0.0, Windows 10', '2026-06-24 14:47:41'),
(127, '02lavictoire@gmail.com', 'Super Admin', NULL, '105.155.33.137', 'Chrome 149.0.0.0, Windows 10', '2026-06-25 12:00:22'),
(128, '02lavictoire@gmail.com', 'Super Admin', NULL, '196.89.245.125', 'Chrome 149.0.0.0, Windows 10', '2026-06-26 09:43:54'),
(129, 'fatimabouhou@groupelavictoire.com', 'Receptioniste', NULL, '196.89.245.125', 'Chrome 149.0.0.0, Windows 10', '2026-06-26 11:31:40'),
(130, '02lavictoire@gmail.com', 'Super Admin', NULL, '196.70.80.177', 'Chrome 149.0.0.0, Windows 10', '2026-06-29 13:46:53');

-- --------------------------------------------------------

--
-- Structure de la table `users`
--

CREATE TABLE `users` (
  `id` int(11) NOT NULL,
  `user_id` int(11) NOT NULL,
  `username` varchar(50) DEFAULT NULL,
  `password` varchar(50) DEFAULT NULL,
  `childs` text NOT NULL,
  `role` varchar(30) NOT NULL,
  `lang_id` int(11) NOT NULL,
  `currency_id` int(11) DEFAULT 0,
  `verification_code` varchar(200) NOT NULL,
  `login_token` varchar(255) NOT NULL,
  `is_active` varchar(255) DEFAULT 'yes',
  `created_at` timestamp NOT NULL DEFAULT current_timestamp(),
  `updated_at` timestamp NOT NULL DEFAULT current_timestamp() ON UPDATE current_timestamp()
) ENGINE=InnoDB DEFAULT CHARSET=utf8mb3 COLLATE=utf8mb3_uca1400_ai_ci;

--
-- Déchargement des données de la table `users`
--

INSERT INTO `users` (`id`, `user_id`, `username`, `password`, `childs`, `role`, `lang_id`, `currency_id`, `verification_code`, `login_token`, `is_active`, `created_at`, `updated_at`) VALUES
(1, 1, 'std159', 'ap8a1g', '', 'student', 0, 0, '', '', 'yes', '2026-05-01 11:03:34', '2026-05-01 11:03:34'),
(3, 2, 'std167', 'l4rplx', '', 'student', 0, 0, '', '', 'yes', '2026-05-01 11:03:34', '2026-05-01 11:03:34'),
(5, 3, 'std175', 't7ansd', '', 'student', 0, 0, '', '', 'yes', '2026-05-01 11:03:34', '2026-05-01 11:03:34'),
(7, 4, 'std179', '3ij9ie', '', 'student', 0, 0, '', '', 'yes', '2026-05-01 11:03:34', '2026-05-01 11:03:34'),
(9, 5, 'std185', 'evpodx', '', 'student', 0, 0, '', '003eca77211c60c6f176d4df0bbb4f2d64a3e3fbfcd497dffdf049d8fedae34c', 'yes', '2026-05-01 11:03:34', '2026-05-01 18:46:30'),
(11, 6, 'std186', '7owuu6', '', 'student', 0, 0, '', '', 'yes', '2026-05-01 11:03:34', '2026-05-01 11:03:34'),
(13, 7, 'std190', '05bqsr', '', 'student', 0, 0, '', '', 'yes', '2026-05-01 11:03:34', '2026-05-01 11:03:34'),
(15, 8, 'std191', 'xj4429', '', 'student', 0, 0, '', '', 'yes', '2026-05-01 11:03:34', '2026-05-01 11:03:34'),
(17, 9, 'std199', 'a1h3ym', '', 'student', 0, 0, '', '', 'yes', '2026-05-01 11:03:34', '2026-05-01 11:03:34'),
(19, 10, 'std209', '28bbqc', '', 'student', 0, 0, '', '', 'yes', '2026-05-01 11:03:34', '2026-05-01 11:03:34'),
(21, 11, 'std215', 'lr43lk', '', 'student', 0, 0, '', '', 'yes', '2026-05-01 11:03:34', '2026-05-01 11:03:34'),
(23, 12, 'std217', 'nhbwzb', '', 'student', 81, 0, '', '', 'yes', '2026-05-01 11:03:34', '2026-05-05 01:41:39'),
(25, 13, 'std225', 'w9dgo3', '', 'student', 0, 0, '', '', 'yes', '2026-05-01 11:03:34', '2026-05-01 11:03:34'),
(27, 14, 'std170', 'qf57aa', '', 'student', 0, 0, '', '', 'yes', '2026-05-01 11:03:34', '2026-05-01 11:03:34'),
(29, 15, 'std173', 'vibw7z', '', 'student', 0, 0, '', '', 'yes', '2026-05-01 11:03:34', '2026-05-01 11:03:34'),
(31, 16, 'std174', '3fvtyu', '', 'student', 0, 0, '', '', 'yes', '2026-05-01 11:03:34', '2026-05-01 11:03:34'),
(33, 17, 'std176', 'etmmj5', '', 'student', 0, 0, '', '', 'yes', '2026-05-01 11:03:34', '2026-05-01 11:03:34'),
(35, 18, 'std181', 'w6tgcu', '', 'student', 0, 0, '', '', 'yes', '2026-05-01 11:03:34', '2026-05-01 11:03:34'),
(36, 18, 'parent181', 'kcj4a5', '18', 'parent', 0, 0, '', '', 'yes', '2026-05-01 11:03:34', '2026-05-01 11:03:34'),
(37, 19, 'std182', 'v9b9h4', '', 'student', 0, 0, '', '', 'yes', '2026-05-01 11:03:34', '2026-05-01 11:03:34'),
(39, 20, 'std184', 'e3d0l9', '', 'student', 0, 0, '', '', 'yes', '2026-05-01 11:03:34', '2026-05-01 11:03:34'),
(40, 20, 'parent184', 'pxxzx0', '20', 'parent', 0, 0, '', '', 'yes', '2026-05-01 11:03:34', '2026-05-01 11:03:34'),
(41, 21, 'std189', 'k89nsi', '', 'student', 0, 0, '', '', 'yes', '2026-05-01 11:03:34', '2026-05-01 11:03:34'),
(43, 22, 'std205', 'wauthv', '', 'student', 0, 0, '', '', 'yes', '2026-05-01 11:03:34', '2026-05-01 11:03:34'),
(45, 23, 'std212', 'ehpgh0', '', 'student', 0, 0, '', '', 'yes', '2026-05-01 11:03:34', '2026-05-01 11:03:34'),
(47, 24, 'std232', 'rdb8mx', '', 'student', 81, 0, '', '', 'yes', '2026-05-01 11:03:34', '2026-05-01 11:03:34'),
(49, 25, 'std243', 'xk973h', '', 'student', 81, 0, '', '', 'yes', '2026-05-01 11:03:34', '2026-05-01 11:03:34'),
(51, 26, 'std271', '4s1scj', '', 'student', 81, 0, '', '', 'yes', '2026-05-01 11:03:34', '2026-05-01 11:03:34'),
(53, 27, 'std106', 'ux99a5', '', 'student', 0, 0, '', '', 'yes', '2026-05-01 11:03:34', '2026-05-01 11:03:34'),
(55, 28, 'std110', 'iadxtg', '', 'student', 0, 0, '', '', 'yes', '2026-05-01 11:03:34', '2026-05-01 11:03:34'),
(57, 29, 'std112', 'hoala7', '', 'student', 0, 0, '', '', 'yes', '2026-05-01 11:03:34', '2026-05-01 11:03:34'),
(59, 30, 'std114', '38cgqr', '', 'student', 0, 0, '', '', 'yes', '2026-05-01 11:03:34', '2026-05-01 11:03:34'),
(61, 31, 'std117', '3ov1yb', '', 'student', 0, 0, '', '', 'yes', '2026-05-01 11:03:34', '2026-05-01 11:03:34'),
(63, 32, 'std118', 'bddd8s', '', 'student', 0, 0, '', '', 'yes', '2026-05-01 11:03:34', '2026-05-01 11:03:34'),
(65, 33, 'std123', 'erbuiq', '', 'student', 0, 0, '', '', 'yes', '2026-05-01 11:03:34', '2026-05-01 11:03:34'),
(67, 34, 'std132', 'v66ezj', '', 'student', 0, 0, '', '', 'yes', '2026-05-01 11:03:34', '2026-05-01 11:03:34'),
(69, 35, 'std233', 'yhdu6v', '', 'student', 81, 0, '', '', 'yes', '2026-05-01 11:03:34', '2026-05-01 11:03:34'),
(71, 36, 'std108', 'de6cr7', '', 'student', 4, 0, '', 'ba8c2ff082377507d324f6971894c0719ffd86d276d937268cb8f01aea37020f', 'yes', '2026-05-01 11:03:34', '2026-05-04 23:14:49'),
(72, 36, 'parent108', 'x3lxsb', '36', 'parent', 4, 0, '', '', 'yes', '2026-05-01 11:03:34', '2026-05-04 23:14:49'),
(73, 37, 'std109', 'z800m1', '', 'student', 0, 0, '', '', 'yes', '2026-05-01 11:03:34', '2026-05-01 11:03:34'),
(75, 38, 'std111', 'ha2k31', '', 'student', 0, 0, '', '', 'yes', '2026-05-01 11:03:34', '2026-05-01 11:03:34'),
(76, 38, 'parent111', 'o8duo8', '38', 'parent', 0, 0, '', '', 'yes', '2026-05-01 11:03:34', '2026-05-01 11:03:34'),
(77, 39, 'std113', 'iupvat', '', 'student', 0, 0, '', '', 'yes', '2026-05-01 11:03:34', '2026-05-01 11:03:34'),
(78, 39, 'parent113', 'y5adys', '39', 'parent', 0, 0, '', '', 'yes', '2026-05-01 11:03:34', '2026-05-01 11:03:34'),
(79, 40, 'std115', 'pff3aq', '', 'student', 0, 0, '', '', 'yes', '2026-05-01 11:03:34', '2026-05-01 11:03:34'),
(80, 40, 'parent115', '83cy2y', '40', 'parent', 0, 0, '', '', 'yes', '2026-05-01 11:03:34', '2026-05-01 11:03:34'),
(81, 41, 'std119', 'p9adid', '', 'student', 0, 0, '', '', 'yes', '2026-05-01 11:03:34', '2026-05-01 11:03:34'),
(82, 41, 'parent119', 'zh72kd', '41', 'parent', 0, 0, '', '', 'yes', '2026-05-01 11:03:34', '2026-05-01 11:03:34'),
(83, 42, 'std124', 'goksi8', '', 'student', 0, 0, '', '', 'yes', '2026-05-01 11:03:34', '2026-05-01 11:03:34'),
(84, 42, 'parent124', '8y0izv', '42', 'parent', 0, 0, '', '', 'yes', '2026-05-01 11:03:34', '2026-05-01 11:03:34'),
(85, 43, 'std131', 's9dnw7', '', 'student', 0, 0, '', '', 'yes', '2026-05-01 11:03:34', '2026-05-01 11:03:34'),
(86, 43, 'parent131', 'ybgc32', '43', 'parent', 0, 0, '', '', 'yes', '2026-05-01 11:03:34', '2026-05-01 11:03:34'),
(87, 44, 'std133', 'jsm1ye', '', 'student', 0, 0, '', '', 'yes', '2026-05-01 11:03:34', '2026-05-01 11:03:34'),
(88, 44, 'parent133', 'wktcyu', '44', 'parent', 0, 0, '', '', 'yes', '2026-05-01 11:03:34', '2026-05-01 11:03:34'),
(89, 45, 'std141', 'k56ews', '', 'student', 0, 0, '', '', 'yes', '2026-05-01 11:03:34', '2026-05-01 11:03:34'),
(90, 45, 'parent141', 'dofwer', '45', 'parent', 0, 0, '', '', 'yes', '2026-05-01 11:03:34', '2026-05-01 11:03:34'),
(91, 46, 'std142', 'g8t9q4', '', 'student', 0, 0, '', '', 'yes', '2026-05-01 11:03:34', '2026-05-01 11:03:34'),
(92, 46, 'parent142', 'm2pmit', '46', 'parent', 0, 0, '', '', 'yes', '2026-05-01 11:03:34', '2026-05-01 11:03:34'),
(93, 47, 'std162', 'gycb5u', '', 'student', 81, 0, '', '', 'yes', '2026-05-01 17:52:22', '2026-05-04 18:27:09'),
(94, 162, 'parent162', 'uy9qo2', '47', 'parent', 0, 0, '', 'f633d34730a569c8cc14acdd74d0fd00d5111a931e78550b68440295fdf85156', 'yes', '2026-05-01 17:52:22', '2026-05-04 13:44:45'),
(95, 48, 'std192', 'f0ze4j', '', 'student', 0, 0, '', '', 'yes', '2026-05-01 17:52:22', '2026-05-01 17:52:22'),
(97, 49, 'std218', 'up3z3r', '', 'student', 0, 0, '', '', 'yes', '2026-05-01 17:52:22', '2026-05-01 17:52:22'),
(98, 218, 'parent218', 'jauhld', '49', 'parent', 0, 0, '', '', 'yes', '2026-05-01 17:52:22', '2026-05-01 17:52:22'),
(99, 50, 'std226', 'mb6ocd', '', 'student', 0, 0, '', '', 'yes', '2026-05-01 17:52:22', '2026-05-01 17:52:22'),
(100, 226, 'parent226', 'dqxpum', '50', 'parent', 0, 0, '', '', 'yes', '2026-05-01 17:52:22', '2026-05-01 17:52:22'),
(101, 51, 'std234', 's422wy', '', 'student', 81, 0, '', '', 'yes', '2026-05-01 17:52:22', '2026-05-01 17:52:22'),
(103, 52, 'std248', 'yv1vjx', '', 'student', 81, 0, '', '', 'yes', '2026-05-01 17:52:22', '2026-05-01 17:52:22'),
(104, 53, 'std160', '5ipe2h', '', 'student', 0, 0, '', '', 'yes', '2026-05-01 17:52:22', '2026-05-01 17:52:22'),
(105, 160, 'parent160', '3958wg', '53', 'parent', 0, 0, '', '', 'yes', '2026-05-01 17:52:22', '2026-05-01 17:52:22'),
(106, 54, 'std163', 'o6aw6a', '', 'student', 0, 0, '', '', 'yes', '2026-05-01 17:52:22', '2026-05-01 17:52:22'),
(107, 163, 'parent163', 'kp2fyz', '54', 'parent', 0, 0, '', '', 'yes', '2026-05-01 17:52:22', '2026-05-01 17:52:22'),
(110, 56, 'std3', 'k22pvo', '', 'student', 0, 0, '', '', 'yes', '2026-05-01 17:52:22', '2026-05-01 17:52:22'),
(111, 13, 'parent13', 'twknoe', '56,63', 'parent', 0, 0, '', '', 'yes', '2026-05-01 17:52:22', '2026-05-01 17:52:22'),
(112, 57, 'std4', 't4ostr', '', 'student', 0, 0, '', '', 'yes', '2026-05-01 17:52:22', '2026-05-01 17:52:22'),
(113, 4, 'parent4', '197yk9', '57', 'parent', 0, 0, '', '', 'yes', '2026-05-01 17:52:22', '2026-05-01 17:52:22'),
(114, 58, 'std5', 'vg7z1u', '', 'student', 0, 0, '', '', 'yes', '2026-05-01 17:52:22', '2026-05-01 17:52:22'),
(115, 5, 'parent5', 'ijz0sc', '58', 'parent', 0, 0, '', '', 'yes', '2026-05-01 17:52:22', '2026-05-01 17:52:22'),
(116, 59, 'std6', 'tl4paz', '', 'student', 0, 0, '', '', 'yes', '2026-05-01 17:52:22', '2026-05-01 17:52:22'),
(117, 6, 'parent6', 'xawdnk', '59', 'parent', 0, 0, '', '', 'yes', '2026-05-01 17:52:22', '2026-05-01 17:52:22'),
(118, 60, 'std9', '5d42kf', '', 'student', 0, 0, '', '', 'yes', '2026-05-01 17:52:22', '2026-05-01 17:52:22'),
(119, 9, 'parent9', '179dzv', '60', 'parent', 0, 0, '', '', 'yes', '2026-05-01 17:52:22', '2026-05-01 17:52:22'),
(120, 61, 'std10', 'bm3kvb', '', 'student', 0, 0, '', '', 'yes', '2026-05-01 17:52:22', '2026-05-01 17:52:22'),
(121, 10, 'parent10', 'l7ne6s', '61', 'parent', 0, 0, '', '', 'yes', '2026-05-01 17:52:22', '2026-05-01 17:52:22'),
(122, 62, 'std12', '9n1om2', '', 'student', 0, 0, '', '', 'yes', '2026-05-01 17:52:22', '2026-05-01 17:52:22'),
(123, 12, 'parent12', 'wpv01j', '62', 'parent', 81, 0, '', '', 'yes', '2026-05-01 17:52:22', '2026-05-05 01:41:39'),
(124, 63, 'std13', 'e5kb9m', '', 'student', 0, 0, '', '', 'yes', '2026-05-01 17:52:22', '2026-05-01 17:52:22'),
(125, 64, 'std14', '17tydt', '', 'student', 0, 0, '', '', 'yes', '2026-05-01 17:52:22', '2026-05-01 17:52:22'),
(126, 14, 'parent14', 'evxxoy', '64', 'parent', 0, 0, '', '', 'yes', '2026-05-01 17:52:22', '2026-05-01 17:52:22'),
(127, 65, 'std17', '8dahot', '', 'student', 0, 0, '', '', 'yes', '2026-05-01 17:52:22', '2026-05-01 17:52:22'),
(128, 66, 'std21', 'hma73x', '', 'student', 0, 0, '', '', 'yes', '2026-05-01 17:52:22', '2026-05-01 17:52:22'),
(129, 21, 'parent21', 'dhy8wy', '66', 'parent', 0, 0, '', '', 'yes', '2026-05-01 17:52:22', '2026-05-01 17:52:22'),
(130, 67, 'std23', 'cx9qfw', '', 'student', 0, 0, '', '', 'yes', '2026-05-01 17:52:22', '2026-05-01 17:52:22'),
(132, 68, 'std24', '6weiff', '', 'student', 81, 0, '', '', 'yes', '2026-05-01 17:52:22', '2026-05-05 13:47:28'),
(133, 24, 'parent24', 'yi1z4e', '68', 'parent', 0, 0, '', '', 'yes', '2026-05-01 17:52:22', '2026-05-01 17:52:22'),
(134, 69, 'std27', 't4ts5v', '', 'student', 0, 0, '', '', 'yes', '2026-05-01 17:52:22', '2026-05-01 17:52:22'),
(136, 70, 'std30', 'r7lj3j', '', 'student', 0, 0, '', '', 'yes', '2026-05-01 17:52:22', '2026-05-01 17:52:22'),
(137, 30, 'parent30', '9mdwuu', '70', 'parent', 0, 0, '', '', 'yes', '2026-05-01 17:52:22', '2026-05-01 17:52:22'),
(138, 71, 'std2', 'csiwgi', '', 'student', 0, 0, '', '1702e3e4465a517235e7e1f982d7f10fa286e9d1a7b0b1760581e6b5c5d3c57f', 'yes', '2026-05-01 17:52:22', '2026-05-04 12:16:09'),
(139, 2, 'parent2', 'ggy0r3', '71', 'parent', 0, 0, '', 'a51012ab416c5f8a2b3b8114d50a4cb86233591583de4c591c9930ede2469eb0', 'yes', '2026-05-01 17:52:22', '2026-05-04 12:15:24'),
(140, 72, 'std7', 'm3dgqt', '', 'student', 0, 0, '', '', 'yes', '2026-05-01 17:52:22', '2026-05-01 17:52:22'),
(141, 7, 'parent7', 'kisrvg', '72', 'parent', 0, 0, '', '', 'yes', '2026-05-01 17:52:22', '2026-05-01 17:52:22'),
(142, 73, 'std8', '7uohjm', '', 'student', 0, 0, '', '', 'yes', '2026-05-01 17:52:22', '2026-05-01 17:52:22'),
(143, 8, 'parent8', 'dscgk4', '73', 'parent', 0, 0, '', '', 'yes', '2026-05-01 17:52:22', '2026-05-01 17:52:22'),
(144, 74, 'std11', 'd5gzp9', '', 'student', 0, 0, '', '', 'yes', '2026-05-01 17:52:22', '2026-05-01 17:52:22'),
(145, 11, 'parent11', 'wdybzh', '74', 'parent', 0, 0, '', '', 'yes', '2026-05-01 17:52:22', '2026-05-01 17:52:22'),
(146, 75, 'std16', '55t1en', '', 'student', 0, 0, '', '', 'yes', '2026-05-01 17:52:22', '2026-05-01 17:52:22'),
(148, 76, 'std19', 'tq2ldb', '', 'student', 0, 0, '', '', 'yes', '2026-05-01 17:52:22', '2026-05-01 17:52:22'),
(149, 19, 'parent19', '4t5pul', '76', 'parent', 0, 0, '', '', 'yes', '2026-05-01 17:52:22', '2026-05-01 17:52:22'),
(150, 77, 'std20', 'o9w176', '', 'student', 0, 0, '', '', 'yes', '2026-05-01 17:52:22', '2026-05-01 17:52:22'),
(151, 200, 'parent200', '34fmmw', '77', 'parent', 0, 0, '', '', 'yes', '2026-05-01 17:52:22', '2026-05-01 17:52:22'),
(152, 78, 'std22', '00g5j1', '', 'student', 0, 0, '', '', 'yes', '2026-05-01 17:52:22', '2026-05-01 17:52:22'),
(153, 22, 'parent22', '0vejxo', '78', 'parent', 0, 0, '', '', 'yes', '2026-05-01 17:52:22', '2026-05-01 17:52:22'),
(154, 79, 'std26', 'jm8t1o', '', 'student', 0, 0, '', '', 'yes', '2026-05-01 17:52:22', '2026-05-01 17:52:22'),
(155, 26, 'parent26', 'hnzk4v', '79', 'parent', 0, 0, '', '', 'yes', '2026-05-01 17:52:22', '2026-05-01 17:52:22'),
(156, 80, 'std28', '4hr8ev', '', 'student', 0, 0, '', '', 'yes', '2026-05-01 17:52:22', '2026-05-01 17:52:22'),
(157, 28, 'parent28', '1tlzhj', '80', 'parent', 0, 0, '', '', 'yes', '2026-05-01 17:52:22', '2026-05-01 17:52:22'),
(158, 81, 'std29', '4jtusc', '', 'student', 0, 0, '', '', 'yes', '2026-05-01 17:52:22', '2026-05-01 17:52:22'),
(159, 29, 'parent29', 'fkvflh', '81', 'parent', 0, 0, '', '', 'yes', '2026-05-01 17:52:22', '2026-05-01 17:52:22'),
(160, 82, 'std31', 'bc4rzb', '', 'student', 0, 0, '', '', 'yes', '2026-05-01 17:52:22', '2026-05-01 17:52:22'),
(161, 31, 'parent31', 'uw44vz', '82', 'parent', 0, 0, '', '', 'yes', '2026-05-01 17:52:22', '2026-05-01 17:52:22'),
(162, 83, 'std32', 'cjoaf0', '', 'student', 0, 0, '', '', 'yes', '2026-05-01 17:52:22', '2026-05-01 17:52:22'),
(163, 32, 'parent32', 'zkelz2', '83', 'parent', 0, 0, '', '', 'yes', '2026-05-01 17:52:22', '2026-05-01 17:52:22'),
(164, 84, 'std33', 'hrwyha', '', 'student', 0, 0, '', '', 'yes', '2026-05-01 17:52:22', '2026-05-01 17:52:22'),
(165, 33, 'parent33', 'whnbd4', '84', 'parent', 0, 0, '', '', 'yes', '2026-05-01 17:52:22', '2026-05-01 17:52:22'),
(166, 85, 'std34', 'i20fey', '', 'student', 0, 0, '', '', 'yes', '2026-05-01 17:52:22', '2026-05-01 17:52:22'),
(167, 34, 'parent34', 'oyis6u', '85', 'parent', 0, 0, '', '', 'yes', '2026-05-01 17:52:22', '2026-05-01 17:52:22'),
(168, 86, 'std35', '96aohu', '', 'student', 0, 0, '', '', 'yes', '2026-05-01 17:52:22', '2026-05-01 17:52:22'),
(169, 35, 'parent35', 'i539xj', '86', 'parent', 0, 0, '', '', 'yes', '2026-05-01 17:52:22', '2026-05-01 17:52:22'),
(170, 87, 'std193', 'wqlj74', '', 'student', 0, 0, '', '', 'yes', '2026-05-01 17:52:22', '2026-05-01 17:52:22'),
(171, 193, 'parent193', 'tbrhpl', '87', 'parent', 0, 0, '', '', 'yes', '2026-05-01 17:52:22', '2026-05-01 17:52:22'),
(173, 88, 'std19197', 'victoire2026', '', 'student', 0, 0, '', '', 'yes', '2026-05-01 23:11:48', '2026-05-01 23:27:14'),
(175, 89, 'std19194', 'victoire2026', '', 'student', 0, 0, '', '9fcbbad5ccc78b8a07b797f6157af77b7cde62da1026cd8848c97cd6ce957cf1', 'yes', '2026-05-01 23:11:48', '2026-05-04 12:13:43'),
(177, 90, 'std19042', 'victoire2026', '', 'student', 0, 0, '', '', 'yes', '2026-05-01 23:11:48', '2026-05-01 23:27:14'),
(179, 91, 'std19046', 'victoire2026', '', 'student', 0, 0, '', '', 'yes', '2026-05-01 23:11:49', '2026-05-01 23:27:14'),
(181, 92, 'std19176', 'victoire2026', '', 'student', 0, 0, '', '', 'yes', '2026-05-01 23:11:49', '2026-05-01 23:27:14'),
(183, 93, 'std19043', 'victoire2026', '', 'student', 0, 0, '', '', 'yes', '2026-05-01 23:11:49', '2026-05-01 23:27:14'),
(185, 94, 'std19276', 'victoire2026', '', 'student', 0, 0, '', '', 'yes', '2026-05-01 23:11:49', '2026-05-01 23:27:14'),
(187, 95, 'std19036', 'victoire2026', '', 'student', 0, 0, '', '8dac4854393eecfa2f352b9f88f173a4e2dd352589862e9a5c528a194c087e1b', 'yes', '2026-05-01 23:11:49', '2026-05-01 23:42:28'),
(189, 96, 'std19195', 'victoire2026', '', 'student', 0, 0, '', '', 'yes', '2026-05-01 23:11:49', '2026-05-01 23:27:14'),
(191, 97, 'std19221', 'victoire2026', '', 'student', 0, 0, '', '', 'yes', '2026-05-01 23:11:49', '2026-05-01 23:27:14'),
(193, 98, 'std19041', 'victoire2026', '', 'student', 0, 0, '', '', 'yes', '2026-05-01 23:11:49', '2026-05-01 23:27:14'),
(195, 99, 'std19210', 'victoire2026', '', 'student', 0, 0, '', '', 'yes', '2026-05-01 23:11:49', '2026-05-01 23:27:14'),
(197, 100, 'std19039', 'victoire2026', '', 'student', 0, 0, '', '', 'yes', '2026-05-01 23:11:49', '2026-05-01 23:27:14'),
(199, 101, 'std19196', 'victoire2026', '', 'student', 0, 0, '', '', 'yes', '2026-05-01 23:11:50', '2026-05-01 23:27:14'),
(201, 102, 'std19209', 'victoire2026', '', 'student', 0, 0, '', '', 'yes', '2026-05-01 23:11:50', '2026-05-01 23:27:14'),
(203, 103, 'std19193', 'victoire2026', '', 'student', 0, 0, '', '', 'yes', '2026-05-01 23:11:50', '2026-05-01 23:27:14'),
(205, 104, 'std19037', 'victoire2026', '', 'student', 0, 0, '', '', 'yes', '2026-05-01 23:11:50', '2026-05-01 23:27:14'),
(207, 105, 'std19048', 'victoire2026', '', 'student', 0, 0, '', '', 'yes', '2026-05-01 23:11:50', '2026-05-01 23:27:14'),
(209, 106, 'std12345', 'victoire2026', '', 'student', 0, 0, '', '', 'yes', '2026-05-01 23:11:50', '2026-05-01 23:27:14'),
(211, 107, 'std19038', 'victoire2026', '', 'student', 0, 0, '', '', 'yes', '2026-05-01 23:11:50', '2026-05-01 23:27:14'),
(213, 108, 'std19044', 'victoire2026', '', 'student', 0, 0, '', '', 'yes', '2026-05-01 23:11:50', '2026-05-01 23:27:14'),
(215, 109, 'std19230', 'victoire2026', '', 'student', 0, 0, '', '', 'yes', '2026-05-01 23:11:50', '2026-05-01 23:27:14'),
(216, 0, '639098279', 'victoire2026', '', 'parent', 0, 0, '', '', 'yes', '2026-05-01 23:11:50', '2026-05-01 23:27:14'),
(217, 110, 'std19040', 'victoire2026', '', 'student', 0, 0, '', '', 'yes', '2026-05-01 23:11:50', '2026-05-01 23:27:14'),
(218, 111, 'std111', '54e8j7', '', 'student', 0, 0, '', '', 'yes', '2026-05-02 00:13:00', '2026-05-02 00:13:00'),
(220, 112, 'std112', 'gl3qom', '', 'student', 0, 0, '', '', 'yes', '2026-05-02 00:13:00', '2026-05-02 00:13:00'),
(222, 113, 'std113', 'r3mqij', '', 'student', 0, 0, '', '', 'yes', '2026-05-02 00:13:00', '2026-05-02 00:13:00'),
(223, 113, 'parent113', 'r3mqij', '', 'parent', 0, 0, '', '', 'yes', '2026-05-02 00:13:00', '2026-05-02 00:13:00'),
(224, 114, 'std114', '2oesx4', '', 'student', 0, 0, '', '', 'yes', '2026-05-02 00:13:00', '2026-05-02 00:13:00'),
(225, 135, 'parent114', '2oesx4', '', 'parent', 0, 0, '', '', 'yes', '2026-05-02 00:13:00', '2026-05-02 00:13:00'),
(226, 115, 'std115', 'pdvc36', '', 'student', 0, 0, '', '', 'yes', '2026-05-02 00:13:00', '2026-05-02 00:13:00'),
(228, 116, 'std116', 't43dnq', '', 'student', 0, 0, '', '', 'yes', '2026-05-02 00:13:00', '2026-05-02 00:13:00'),
(230, 117, 'std117', 'gdj5mr', '', 'student', 0, 0, '', '', 'yes', '2026-05-02 00:13:00', '2026-05-02 00:13:00'),
(232, 118, 'std118', '7f4e1c', '', 'student', 0, 0, '', '', 'yes', '2026-05-02 00:13:00', '2026-05-02 00:13:00'),
(234, 119, 'std119', '26ghf4', '', 'student', 0, 0, '', '', 'yes', '2026-05-02 00:13:00', '2026-05-02 00:13:00'),
(236, 120, 'std120', '7ic0by', '', 'student', 0, 0, '', '', 'yes', '2026-05-02 00:13:00', '2026-05-02 00:13:00'),
(238, 121, 'std121', '5u3vnl', '', 'student', 0, 0, '', '', 'yes', '2026-05-02 00:13:00', '2026-05-02 00:13:00'),
(240, 122, 'std122', 'h17yj3', '', 'student', 0, 0, '', '', 'yes', '2026-05-02 00:13:00', '2026-05-02 00:13:00'),
(242, 123, 'std123', 'kdxbf4', '', 'student', 0, 0, '', '', 'yes', '2026-05-02 00:13:00', '2026-05-02 00:13:00'),
(244, 124, 'std124', 'mn6p25', '', 'student', 0, 0, '', '', 'yes', '2026-05-02 00:13:00', '2026-05-02 00:13:00'),
(246, 125, 'std125', 'k5bj6d', '', 'student', 0, 0, '', '', 'yes', '2026-05-02 00:13:00', '2026-05-02 00:13:00'),
(247, 131, 'parent125', 'k5bj6d', '', 'parent', 0, 0, '', '', 'yes', '2026-05-02 00:13:00', '2026-05-02 00:13:00'),
(248, 126, 'std126', 'e27g40', '', 'student', 0, 0, '', '', 'yes', '2026-05-02 00:13:00', '2026-05-02 00:13:00'),
(250, 127, 'std127', 'rn8goy', '', 'student', 0, 0, '', '', 'yes', '2026-05-02 00:13:00', '2026-05-02 00:13:00'),
(252, 128, 'std128', 'k98pwx', '', 'student', 0, 0, '', '', 'yes', '2026-05-02 00:13:00', '2026-05-02 00:13:00'),
(254, 129, 'std129', '4b5otq', '', 'student', 0, 0, '', '', 'yes', '2026-05-02 00:13:00', '2026-05-02 00:13:00'),
(256, 130, 'std130', 'z6psyo', '', 'student', 0, 0, '', '', 'yes', '2026-05-02 00:13:00', '2026-05-02 00:13:00'),
(258, 131, 'std131', 'eritfn', '', 'student', 0, 0, '', '', 'yes', '2026-05-02 00:13:00', '2026-05-02 00:13:00'),
(260, 132, 'std132', 'j3q76b', '', 'student', 0, 0, '', '', 'yes', '2026-05-02 00:13:00', '2026-05-02 00:13:00'),
(261, 50, 'parent132', 'j3q76b', '', 'parent', 0, 0, '', '', 'yes', '2026-05-02 00:13:00', '2026-05-02 00:13:00'),
(262, 133, 'std133', 'loj9c0', '', 'student', 0, 0, '', '', 'yes', '2026-05-02 00:13:00', '2026-05-02 00:13:00'),
(266, 135, 'std135', 'r536l9', '', 'student', 0, 0, '', '', 'yes', '2026-05-02 00:20:45', '2026-05-02 00:20:45'),
(268, 136, 'std136', 'wn1lvj', '', 'student', 0, 0, '', '', 'yes', '2026-05-02 00:32:14', '2026-05-02 00:32:14'),
(270, 137, 'std137', 'z8a4cw', '', 'student', 0, 0, '', '', 'yes', '2026-05-02 00:32:14', '2026-05-02 00:32:14'),
(272, 138, 'std138', 'd3up1l', '', 'student', 0, 0, '', '', 'yes', '2026-05-02 00:32:14', '2026-05-02 00:32:14'),
(274, 139, 'std139', 'yr48q5', '', 'student', 0, 0, '', '', 'yes', '2026-05-02 00:32:14', '2026-05-02 00:32:14'),
(276, 140, 'std140', 'xw1ro5', '', 'student', 0, 0, '', '', 'yes', '2026-05-02 00:32:14', '2026-05-02 00:32:14'),
(278, 141, 'std141', 'fcml0o', '', 'student', 0, 0, '', '', 'yes', '2026-05-02 00:32:14', '2026-05-02 00:32:14'),
(280, 142, 'std142', 'fjqrk4', '', 'student', 0, 0, '', '', 'yes', '2026-05-02 00:32:14', '2026-05-02 00:32:14'),
(282, 143, 'std143', '9wbfez', '', 'student', 0, 0, '', '', 'yes', '2026-05-02 00:32:14', '2026-05-02 00:32:14'),
(284, 144, 'std144', '3s2gbe', '', 'student', 0, 0, '', '', 'yes', '2026-05-02 00:32:14', '2026-05-02 00:32:14'),
(285, 491, 'parent144', '3s2gbe', '', 'parent', 0, 0, '', '', 'yes', '2026-05-02 00:32:14', '2026-05-02 00:32:14'),
(286, 145, 'std145', 'vnj139', '', 'student', 0, 0, '', '', 'yes', '2026-05-02 00:32:14', '2026-05-02 00:32:14'),
(288, 146, 'std146', 'jzis0c', '', 'student', 0, 0, '', '', 'yes', '2026-05-02 00:32:14', '2026-05-02 00:32:14'),
(290, 147, 'std147', 's8kf0j', '', 'student', 0, 0, '', '', 'yes', '2026-05-02 00:32:14', '2026-05-02 00:32:14'),
(292, 148, 'std148', 'ynq52i', '', 'student', 0, 0, '', '', 'yes', '2026-05-02 00:32:14', '2026-05-02 00:32:14'),
(294, 149, 'std149', 'v4c17k', '', 'student', 0, 0, '', '', 'yes', '2026-05-02 00:39:50', '2026-05-02 00:39:50'),
(296, 150, 'std150', '5sptev', '', 'student', 0, 0, '', '', 'yes', '2026-05-02 00:39:50', '2026-05-02 00:39:50'),
(298, 151, 'std151', 'qsgyc4', '', 'student', 0, 0, '', '', 'yes', '2026-05-02 00:39:50', '2026-05-02 00:39:50'),
(300, 152, 'std152', '0gpuf5', '', 'student', 0, 0, '', '', 'yes', '2026-05-02 00:39:50', '2026-05-02 00:39:50'),
(302, 153, 'std153', 'l2pymz', '', 'student', 0, 0, '', '', 'yes', '2026-05-02 00:39:50', '2026-05-02 00:39:50'),
(304, 154, 'std154', 'kg0lnu', '', 'student', 0, 0, '', '', 'yes', '2026-05-02 00:39:50', '2026-05-02 00:39:50'),
(306, 155, 'std155', 'w3qkxu', '', 'student', 0, 0, '', '', 'yes', '2026-05-02 00:39:50', '2026-05-02 00:39:50'),
(308, 156, 'std156', 'kgzjrv', '', 'student', 0, 0, '', '', 'yes', '2026-05-02 00:39:50', '2026-05-02 00:39:50'),
(309, 196, 'parent156', 'kgzjrv', '', 'parent', 0, 0, '', '', 'yes', '2026-05-02 00:39:50', '2026-05-02 00:39:50'),
(310, 157, 'std157', 'x1onzc', '', 'student', 0, 0, '', '', 'yes', '2026-05-02 00:39:50', '2026-05-02 00:39:50'),
(312, 158, 'std158', 'e59fmg', '', 'student', 0, 0, '', '', 'yes', '2026-05-02 00:39:50', '2026-05-02 00:39:50'),
(314, 159, 'std159', 'y2n1qt', '', 'student', 0, 0, '', '', 'yes', '2026-05-02 00:39:50', '2026-05-02 00:39:50'),
(316, 160, 'std160', 'wvdu7b', '', 'student', 0, 0, '', '', 'yes', '2026-05-02 00:39:50', '2026-05-02 00:39:50'),
(318, 161, 'std161', 'pbiazd', '', 'student', 0, 0, '', '', 'yes', '2026-05-02 00:39:50', '2026-05-02 00:39:50'),
(320, 162, 'std162', 'g8n67r', '', 'student', 0, 0, '', '', 'yes', '2026-05-02 00:39:50', '2026-05-02 00:39:50'),
(322, 163, 'std163', 'h8wsje', '', 'student', 0, 0, '', '', 'yes', '2026-05-02 00:39:50', '2026-05-02 00:39:50'),
(324, 164, 'std164', 'fg0ykc', '', 'student', 0, 0, '', '', 'yes', '2026-05-02 00:39:50', '2026-05-02 00:39:50'),
(326, 165, 'std165', 'nx1wkz', '', 'student', 0, 0, '', '', 'yes', '2026-05-02 00:39:50', '2026-05-02 00:39:50'),
(328, 166, 'std166', 'bmj5w9', '', 'student', 0, 0, '', '', 'yes', '2026-05-02 00:39:50', '2026-05-02 00:39:50'),
(330, 167, 'std167', 'u30zxy', '', 'student', 0, 0, '', '', 'yes', '2026-05-02 00:39:50', '2026-05-02 00:39:50'),
(332, 168, 'std168', 'ydsn29', '', 'student', 0, 0, '', '', 'yes', '2026-05-02 00:39:50', '2026-05-02 00:39:50'),
(334, 169, 'std169', '8s9jo3', '', 'student', 0, 0, '', '', 'yes', '2026-05-02 00:39:50', '2026-05-02 00:39:50'),
(336, 170, 'std170', 'de6f3x', '', 'student', 0, 0, '', '', 'yes', '2026-05-02 00:39:50', '2026-05-02 00:39:50'),
(337, 16, 'parent170', 'de6f3x', '', 'parent', 0, 0, '', '', 'yes', '2026-05-02 00:39:50', '2026-05-02 00:39:50'),
(338, 171, 'std171', 'mfpsyj', '', 'student', 0, 0, '', '', 'yes', '2026-05-02 00:39:50', '2026-05-02 00:39:50'),
(340, 172, 'std172', '7gamte', '', 'student', 0, 0, '', '', 'yes', '2026-05-02 00:39:50', '2026-05-02 00:39:50'),
(342, 173, 'std173', 'vb215k', '', 'student', 0, 0, '', '', 'yes', '2026-05-02 00:39:50', '2026-05-02 00:39:50'),
(344, 174, 'std174', 'mo8dz7', '', 'student', 0, 0, '', '', 'yes', '2026-05-02 00:39:50', '2026-05-02 00:39:50'),
(346, 175, 'std175', 'gp4xzb', '', 'student', 0, 0, '', '', 'yes', '2026-05-02 00:39:50', '2026-05-02 00:39:50'),
(348, 176, 'std176', 'ichv9x', '', 'student', 0, 0, '', '', 'yes', '2026-05-02 00:39:50', '2026-05-02 00:39:50'),
(350, 177, 'std177', 'skcn2g', '', 'student', 0, 0, '', '', 'yes', '2026-05-02 00:39:50', '2026-05-02 00:39:50'),
(352, 178, 'std178', '8yzr4f', '', 'student', 0, 0, '', '', 'yes', '2026-05-02 00:39:50', '2026-05-02 00:39:50'),
(354, 179, 'std179', '5owpl1', '', 'student', 0, 0, '', '', 'yes', '2026-05-02 00:39:50', '2026-05-02 00:39:50'),
(356, 180, 'std180', 'g0a5zb', '', 'student', 0, 0, '', '', 'yes', '2026-05-02 00:39:50', '2026-05-02 00:39:50'),
(358, 181, 'std181', 'd93mk4', '', 'student', 0, 0, '', '', 'yes', '2026-05-02 00:39:50', '2026-05-02 00:39:50'),
(360, 182, 'std182', 'n15ah9', '', 'student', 0, 0, '', '', 'yes', '2026-05-02 00:39:50', '2026-05-02 00:39:50'),
(362, 183, 'std183', 'sryt1f', '', 'student', 0, 0, '', '', 'yes', '2026-05-02 00:39:50', '2026-05-02 00:39:50'),
(363, 54, 'parent183', 'sryt1f', '', 'parent', 0, 0, '', '', 'yes', '2026-05-02 00:39:50', '2026-05-02 00:39:50'),
(364, 184, 'std184', 'u6cv8n', '', 'student', 0, 0, '', '', 'yes', '2026-05-02 00:39:50', '2026-05-02 00:39:50'),
(366, 185, 'std185', 'cetk16', '', 'student', 0, 0, '', '', 'yes', '2026-05-02 00:39:50', '2026-05-02 00:39:50'),
(367, 180, 'parent185', 'cetk16', '', 'parent', 0, 0, '', '', 'yes', '2026-05-02 00:39:50', '2026-05-02 00:39:50'),
(368, 186, 'std186', 'rde3wj', '', 'student', 0, 0, '', '', 'yes', '2026-05-02 00:39:50', '2026-05-02 00:39:50'),
(369, 74, 'parent186', 'rde3wj', '', 'parent', 0, 0, '', '', 'yes', '2026-05-02 00:39:50', '2026-05-02 00:39:50'),
(370, 187, 'std187', 'uhf53w', '', 'student', 0, 0, '', '', 'yes', '2026-05-02 00:39:50', '2026-05-02 00:39:50'),
(371, 192, 'parent187', 'uhf53w', '', 'parent', 0, 0, '', '', 'yes', '2026-05-02 00:39:50', '2026-05-02 00:39:50'),
(372, 544, 'parent544', '8mvalz', '', 'parent', 0, 0, '', '', 'yes', '2026-05-02 00:45:35', '2026-05-02 00:45:35'),
(373, 545, 'parent545', 'chgqw7', '', 'parent', 0, 0, '', '', 'yes', '2026-05-02 00:45:35', '2026-05-02 00:45:35'),
(374, 546, 'parent546', 'z82d14', '', 'parent', 0, 0, '', '', 'yes', '2026-05-02 00:45:35', '2026-05-02 00:45:35'),
(375, 547, 'parent547', '792bis', '', 'parent', 0, 0, '', '', 'yes', '2026-05-02 00:45:35', '2026-05-02 00:45:35'),
(376, 548, 'parent548', 'qp6uxy', '', 'parent', 0, 0, '', '', 'yes', '2026-05-02 00:45:35', '2026-05-02 00:45:35'),
(377, 549, 'parent549', 'nj4eq6', '', 'parent', 0, 0, '', '', 'yes', '2026-05-02 00:45:35', '2026-05-02 00:45:35'),
(378, 550, 'parent550', 'owyftg', '', 'parent', 0, 0, '', '', 'yes', '2026-05-02 00:45:35', '2026-05-02 00:45:35'),
(379, 551, 'parent551', '2y4ai7', '', 'parent', 0, 0, '', '', 'yes', '2026-05-02 00:45:35', '2026-05-02 00:45:35'),
(380, 552, 'parent552', 'f182mi', '', 'parent', 0, 0, '', '', 'yes', '2026-05-02 00:45:35', '2026-05-02 00:45:35'),
(381, 553, 'parent553', 'cytjes', '', 'parent', 0, 0, '', '', 'yes', '2026-05-02 00:45:35', '2026-05-02 00:45:35'),
(382, 554, 'parent554', 'yufkvj', '', 'parent', 0, 0, '', '', 'yes', '2026-05-02 00:45:35', '2026-05-02 00:45:35'),
(383, 555, 'parent555', 'wcax6d', '', 'parent', 0, 0, '', '', 'yes', '2026-05-02 00:45:35', '2026-05-02 00:45:35'),
(384, 556, 'parent556', '8bkt7a', '', 'parent', 0, 0, '', '', 'yes', '2026-05-02 00:45:35', '2026-05-02 00:45:35'),
(385, 557, 'parent557', 'q6dz5b', '', 'parent', 0, 0, '', '', 'yes', '2026-05-02 00:45:35', '2026-05-02 00:45:35'),
(386, 558, 'parent558', '9sogcq', '', 'parent', 0, 0, '', '', 'yes', '2026-05-02 00:45:35', '2026-05-02 00:45:35'),
(387, 559, 'parent559', 'zjl3p5', '', 'parent', 0, 0, '', '', 'yes', '2026-05-02 00:45:35', '2026-05-02 00:45:35'),
(388, 560, 'parent560', 'sy3p4t', '', 'parent', 0, 0, '', '', 'yes', '2026-05-02 00:45:35', '2026-05-02 00:45:35'),
(389, 561, 'parent561', '7xj80e', '', 'parent', 0, 0, '', '', 'yes', '2026-05-02 00:45:35', '2026-05-02 00:45:35'),
(390, 562, 'parent562', 'olxcyf', '', 'parent', 0, 0, '', '', 'yes', '2026-05-02 00:45:35', '2026-05-02 00:45:35'),
(391, 563, 'parent563', '509ire', '', 'parent', 0, 0, '', '', 'yes', '2026-05-02 00:45:35', '2026-05-02 00:45:35'),
(392, 564, 'parent564', 'v2kobu', '', 'parent', 0, 0, '', '', 'yes', '2026-05-02 00:45:35', '2026-05-02 00:45:35'),
(393, 565, 'parent565', '4vi3gr', '', 'parent', 0, 0, '', '', 'yes', '2026-05-02 00:45:35', '2026-05-02 00:45:35'),
(395, 567, 'parent567', 'yn5cej', '', 'parent', 0, 0, '', '', 'yes', '2026-05-02 00:45:35', '2026-05-02 00:45:35'),
(396, 568, 'parent568', 'aq561h', '', 'parent', 0, 0, '', '', 'yes', '2026-05-02 00:45:35', '2026-05-02 00:45:35'),
(397, 569, 'parent569', '9hufaj', '', 'parent', 0, 0, '', '', 'yes', '2026-05-02 00:45:35', '2026-05-02 00:45:35'),
(398, 570, 'parent570', 'z9cnit', '', 'parent', 0, 0, '', '', 'yes', '2026-05-02 00:45:35', '2026-05-02 00:45:35'),
(399, 571, 'parent571', '2vkptg', '', 'parent', 0, 0, '', '', 'yes', '2026-05-02 00:45:35', '2026-05-02 00:45:35'),
(400, 572, 'parent572', '5xzgcy', '', 'parent', 0, 0, '', '', 'yes', '2026-05-02 00:45:35', '2026-05-02 00:45:35'),
(401, 573, 'parent573', 'zmvio6', '', 'parent', 0, 0, '', '', 'yes', '2026-05-02 00:45:35', '2026-05-02 00:45:35'),
(402, 574, 'parent574', 'f2d5si', '', 'parent', 0, 0, '', '', 'yes', '2026-05-02 00:45:35', '2026-05-02 00:45:35'),
(403, 575, 'parent575', '8pbsri', '', 'parent', 0, 0, '', '', 'yes', '2026-05-02 00:45:35', '2026-05-02 00:45:35'),
(404, 576, 'parent576', 'c2f6nj', '', 'parent', 0, 0, '', '', 'yes', '2026-05-02 00:45:35', '2026-05-02 00:45:35'),
(405, 577, 'parent577', '6plt4w', '', 'parent', 0, 0, '', '', 'yes', '2026-05-02 00:45:35', '2026-05-02 00:45:35'),
(406, 578, 'parent578', 'hj9xtr', '', 'parent', 0, 0, '', '', 'yes', '2026-05-02 00:45:35', '2026-05-02 00:45:35'),
(407, 579, 'parent579', '9h73r8', '', 'parent', 0, 0, '', '', 'yes', '2026-05-02 00:45:35', '2026-05-02 00:45:35'),
(408, 580, 'parent580', '3tjrwx', '', 'parent', 0, 0, '', '', 'yes', '2026-05-02 00:45:35', '2026-05-02 00:45:35'),
(409, 581, 'parent581', '8xzqlv', '', 'parent', 0, 0, '', '', 'yes', '2026-05-02 00:45:35', '2026-05-02 00:45:35'),
(410, 582, 'parent582', 'sgnf6u', '', 'parent', 0, 0, '', '', 'yes', '2026-05-02 00:45:35', '2026-05-02 00:45:35'),
(411, 583, 'parent583', 'e9jlt8', '', 'parent', 0, 0, '', '', 'yes', '2026-05-02 00:45:35', '2026-05-02 00:45:35'),
(412, 584, 'parent584', 'qikpao', '', 'parent', 0, 0, '', '', 'yes', '2026-05-02 00:45:35', '2026-05-02 00:45:35'),
(413, 585, 'parent585', 'w3s78g', '', 'parent', 0, 0, '', 'c60522d7911b4a9f39f58be0052e34599a9f35a8ac937af07679a3965edeb346', 'yes', '2026-05-02 00:45:35', '2026-05-02 10:54:15'),
(414, 586, 'parent586', 'qh49w3', '', 'parent', 0, 0, '', '', 'yes', '2026-05-02 00:45:35', '2026-05-02 00:45:35'),
(415, 587, 'parent587', '0e8dv7', '', 'parent', 0, 0, '', '', 'yes', '2026-05-02 00:45:35', '2026-05-02 00:45:35'),
(416, 588, 'parent588', '4ivkyq', '', 'parent', 0, 0, '', '', 'yes', '2026-05-02 00:45:35', '2026-05-02 00:45:35'),
(417, 589, 'parent589', 'txcugq', '', 'parent', 0, 0, '', '', 'yes', '2026-05-02 00:45:35', '2026-05-02 00:45:35'),
(418, 590, 'parent590', 'ho50px', '', 'parent', 0, 0, '', '', 'yes', '2026-05-02 00:45:35', '2026-05-02 00:45:35'),
(419, 591, 'parent591', 'bvsli1', '', 'parent', 0, 0, '', '', 'yes', '2026-05-02 00:45:35', '2026-05-02 00:45:35'),
(420, 592, 'parent592', 'vxg1cd', '', 'parent', 0, 0, '', '', 'yes', '2026-05-02 00:45:35', '2026-05-02 00:45:35'),
(421, 593, 'parent593', '3knpem', '', 'parent', 0, 0, '', '', 'yes', '2026-05-02 00:45:35', '2026-05-02 00:45:35'),
(422, 594, 'parent594', 'h032c4', '', 'parent', 0, 0, '', '', 'yes', '2026-05-02 00:45:35', '2026-05-02 00:45:35'),
(423, 595, 'parent595', '637vuy', '', 'parent', 0, 0, '', '', 'yes', '2026-05-02 00:45:35', '2026-05-02 00:45:35'),
(424, 596, 'parent596', 'yp1o7z', '', 'parent', 0, 0, '', '', 'yes', '2026-05-02 00:45:35', '2026-05-02 00:45:35'),
(425, 597, 'parent597', 'ob4q3p', '', 'parent', 0, 0, '', '', 'yes', '2026-05-02 00:45:35', '2026-05-02 00:45:35'),
(426, 598, 'parent598', 'ahd5g7', '', 'parent', 0, 0, '', '', 'yes', '2026-05-02 00:45:35', '2026-05-02 00:45:35'),
(427, 599, 'parent599', 'tbscnz', '', 'parent', 0, 0, '', '', 'yes', '2026-05-02 00:45:35', '2026-05-02 00:45:35'),
(428, 600, 'parent600', '54hdln', '', 'parent', 0, 0, '', '', 'yes', '2026-05-02 00:45:35', '2026-05-02 00:45:35'),
(429, 601, 'parent601', 'v7y2fg', '', 'parent', 0, 0, '', '', 'yes', '2026-05-02 00:45:35', '2026-05-02 00:45:35'),
(430, 602, 'parent602', 'canq0e', '', 'parent', 0, 0, '', '', 'yes', '2026-05-02 00:45:35', '2026-05-02 00:45:35'),
(431, 603, 'parent603', 'gidpbl', '', 'parent', 0, 0, '', '', 'yes', '2026-05-02 00:45:35', '2026-05-02 00:45:35'),
(432, 604, 'parent604', 'uv17jo', '', 'parent', 0, 0, '', '', 'yes', '2026-05-02 00:45:35', '2026-05-02 00:45:35'),
(433, 605, 'parent605', '0sp9jl', '', 'parent', 0, 0, '', '', 'yes', '2026-05-02 00:45:35', '2026-05-02 00:45:35'),
(434, 606, 'parent606', 't14i0f', '', 'parent', 0, 0, '', '', 'yes', '2026-05-02 00:45:35', '2026-05-02 00:45:35'),
(435, 607, 'parent607', 'fr1327', '', 'parent', 0, 0, '', '', 'yes', '2026-05-02 00:45:35', '2026-05-02 00:45:35'),
(436, 608, 'parent608', 'yilf95', '', 'parent', 0, 0, '', '', 'yes', '2026-05-02 00:45:35', '2026-05-02 00:45:35'),
(437, 609, 'parent609', '251l6y', '', 'parent', 0, 0, '', '', 'yes', '2026-05-02 00:45:35', '2026-05-02 00:45:35'),
(438, 610, 'parent610', 'ki523u', '', 'parent', 0, 0, '', '', 'yes', '2026-05-02 00:45:35', '2026-05-02 00:45:35'),
(439, 611, 'parent611', '4tafk0', '', 'parent', 0, 0, '', '', 'yes', '2026-05-02 00:45:35', '2026-05-02 00:45:35'),
(440, 612, 'parent612', 'j26lya', '', 'parent', 0, 0, '', '', 'yes', '2026-05-02 00:45:35', '2026-05-02 00:45:35'),
(441, 613, 'parent613', 'jwoiyh', '', 'parent', 0, 0, '', '', 'yes', '2026-05-02 00:45:35', '2026-05-02 00:45:35'),
(442, 614, 'parent614', '8aidoq', '', 'parent', 0, 0, '', '', 'yes', '2026-05-02 00:45:35', '2026-05-02 00:45:35'),
(443, 615, 'parent615', 'o57pzv', '', 'parent', 0, 0, '', '', 'yes', '2026-05-02 00:45:35', '2026-05-02 00:45:35'),
(444, 616, 'parent616', 'i8p6mv', '', 'parent', 0, 0, '', '', 'yes', '2026-05-02 00:45:35', '2026-05-02 00:45:35'),
(445, 617, 'parent617', 'r02hp1', '', 'parent', 0, 0, '', '', 'yes', '2026-05-02 00:45:35', '2026-05-02 00:45:35'),
(446, 188, 'std26STD19230', 'ddvunz', '', 'student', 81, 0, '', '', 'yes', '2026-05-13 11:33:36', '2026-05-13 11:33:36'),
(447, 0, 'parent26STD19230', '4swi0s', '188', 'parent', 0, 0, '', '', 'yes', '2026-05-13 11:33:36', '2026-05-13 11:33:36'),
(448, 189, 'std26STD19231', 'qy94in', '', 'student', 81, 0, '', '', 'yes', '2026-05-13 11:39:18', '2026-05-13 11:39:18'),
(449, 0, 'parent26STD19231', '5ylu7e', '189', 'parent', 0, 0, '', '', 'yes', '2026-05-13 11:39:18', '2026-05-13 11:39:18'),
(450, 190, 'std26STD19232', 'c0lc39', '', 'student', 81, 0, '', '', 'yes', '2026-05-13 11:46:35', '2026-05-13 11:46:35'),
(451, 0, 'parent26STD19232', 'fleqbl', '190', 'parent', 0, 0, '', '', 'yes', '2026-05-13 11:46:35', '2026-05-13 11:46:35'),
(452, 191, 'std26STD19233', 'p4t8wr', '', 'student', 81, 0, '', '', 'yes', '2026-05-13 12:00:17', '2026-05-13 12:00:17'),
(453, 0, 'parent26STD19233', 'x7ro1n', '191', 'parent', 0, 0, '', '', 'yes', '2026-05-13 12:00:17', '2026-05-13 12:00:17'),
(454, 192, 'std26STD19234', '8y8pe0', '', 'student', 81, 0, '', '', 'yes', '2026-05-13 12:02:30', '2026-05-13 12:02:30'),
(455, 0, 'parent26STD19234', 'txz6xh', '192', 'parent', 0, 0, '', '', 'yes', '2026-05-13 12:02:30', '2026-05-13 12:02:30'),
(456, 193, 'std26STD19235', '3825do', '', 'student', 81, 0, '', '', 'yes', '2026-05-13 12:04:42', '2026-05-13 12:04:42'),
(457, 0, 'parent26STD19235', 'sp8490', '193', 'parent', 0, 0, '', '', 'yes', '2026-05-13 12:04:42', '2026-05-13 12:04:42'),
(458, 194, 'std26STD19236', 'hy4qr7', '', 'student', 81, 0, '', '', 'yes', '2026-05-13 12:20:57', '2026-05-13 12:20:57'),
(459, 0, 'parent26STD19236', 'kt9ceq', '194', 'parent', 0, 0, '', '', 'yes', '2026-05-13 12:20:57', '2026-05-13 12:20:57'),
(460, 195, 'std26STD19237', 'vah0x5', '', 'student', 81, 0, '', '', 'yes', '2026-05-13 12:23:15', '2026-05-13 12:23:15'),
(461, 0, 'parent26STD19237', 'ko93kr', '195', 'parent', 0, 0, '', '', 'yes', '2026-05-13 12:23:15', '2026-05-13 12:23:15'),
(462, 196, 'std26STD19238', 'ya9a2k', '', 'student', 81, 0, '', '', 'yes', '2026-05-13 12:57:00', '2026-05-13 12:57:00'),
(463, 0, 'parent26STD19238', 'p45jil', '196', 'parent', 0, 0, '', '', 'yes', '2026-05-13 12:57:00', '2026-05-13 12:57:00'),
(464, 197, 'std26STD19239', '9f99ed', '', 'student', 81, 0, '', '', 'yes', '2026-05-20 13:07:58', '2026-05-20 13:07:58'),
(465, 0, 'parent26STD19239', 'e1rbaw', '197', 'parent', 0, 0, '', '', 'yes', '2026-05-20 13:07:58', '2026-05-20 13:07:58'),
(466, 198, 'std26STD19240', '702817', '', 'student', 81, 0, '', '', 'yes', '2026-06-02 11:04:36', '2026-06-02 11:04:36'),
(467, 0, 'parent26STD19240', '5fbbmi', '198', 'parent', 0, 0, '', '', 'yes', '2026-06-02 11:04:36', '2026-06-02 11:04:36'),
(468, 199, 'std26STD19241', 'oqj0xl', '', 'student', 81, 0, '', '', 'yes', '2026-06-02 11:12:02', '2026-06-02 11:12:02'),
(469, 0, 'parent26STD19241', 'u2grdk', '199', 'parent', 0, 0, '', '', 'yes', '2026-06-02 11:12:02', '2026-06-02 11:12:02'),
(470, 200, 'std26STD19242', 'qx59og', '', 'student', 81, 0, '', '', 'yes', '2026-06-02 11:16:59', '2026-06-02 11:16:59'),
(471, 0, 'parent26STD19242', 'vcrm8a', '200', 'parent', 0, 0, '', '', 'yes', '2026-06-02 11:16:59', '2026-06-02 11:16:59'),
(472, 201, 'std26STD19243', 'gi4qe6', '', 'student', 81, 0, '', '', 'yes', '2026-06-02 11:42:55', '2026-06-02 11:42:55'),
(473, 0, 'parent26STD19243', 'kwvbd1', '201', 'parent', 0, 0, '', '', 'yes', '2026-06-02 11:42:55', '2026-06-02 11:42:55'),
(474, 202, 'std26STD19244', 'l5flc3', '', 'student', 81, 0, '', '', 'yes', '2026-06-08 08:06:08', '2026-06-08 08:06:08'),
(475, 0, 'parent26STD19244', 'jav3qz', '202', 'parent', 0, 0, '', '', 'yes', '2026-06-08 08:06:08', '2026-06-08 08:06:08'),
(476, 203, 'std26STD19245', 'wiba7h', '', 'student', 81, 0, '', '', 'yes', '2026-06-08 12:40:00', '2026-06-08 12:40:00'),
(477, 0, 'parent26STD19245', 'dnfog6', '203', 'parent', 0, 0, '', '', 'yes', '2026-06-08 12:40:00', '2026-06-08 12:40:00'),
(478, 204, 'std26STD19246', '85o1ak', '', 'student', 81, 0, '', '', 'yes', '2026-06-12 13:19:59', '2026-06-12 13:19:59'),
(479, 0, 'parent26STD19246', '6gefe1', '204', 'parent', 0, 0, '', '', 'yes', '2026-06-12 13:19:59', '2026-06-12 13:19:59'),
(480, 205, 'std26STD19247', 'd93ftr', '', 'student', 81, 0, '', '', 'yes', '2026-06-12 13:28:35', '2026-06-12 13:28:35'),
(481, 0, 'parent26STD19247', 'ahiwmx', '205', 'parent', 0, 0, '', '', 'yes', '2026-06-12 13:28:35', '2026-06-12 13:28:35'),
(482, 206, 'std26STD19248', '1c0wqk', '', 'student', 81, 0, '', '', 'yes', '2026-06-16 11:15:02', '2026-06-16 11:15:02'),
(483, 0, 'parent26STD19248', 'okm36x', '206', 'parent', 0, 0, '', '', 'yes', '2026-06-16 11:15:02', '2026-06-16 11:15:02'),
(484, 207, 'std26STD19249', '969e7e', '', 'student', 81, 0, '', '', 'yes', '2026-06-19 10:38:37', '2026-06-19 10:38:37'),
(485, 0, 'parent26STD19249', 'eq23b2', '207', 'parent', 0, 0, '', '', 'yes', '2026-06-19 10:38:37', '2026-06-19 10:38:37'),
(486, 208, 'std26STD19250', '06hy4n', '', 'student', 81, 0, '', '', 'yes', '2026-06-22 12:56:24', '2026-06-22 12:56:24'),
(487, 0, 'parent26STD19250', '68zd56', '208', 'parent', 0, 0, '', '', 'yes', '2026-06-22 12:56:24', '2026-06-22 12:56:24'),
(488, 209, 'std26STD19251', 'g5f6z1', '', 'student', 81, 0, '', '', 'yes', '2026-06-24 13:51:49', '2026-06-24 13:51:49'),
(489, 0, 'parent26STD19251', 'akqbtj', '209', 'parent', 0, 0, '', '', 'yes', '2026-06-24 13:51:49', '2026-06-24 13:51:49'),
(490, 210, 'std26STD19252', 'oinxt4', '', 'student', 81, 0, '', '', 'yes', '2026-06-26 10:36:55', '2026-06-26 10:36:55'),
(491, 0, 'parent26STD19252', 'e5w5qq', '210', 'parent', 0, 0, '', '', 'yes', '2026-06-26 10:36:55', '2026-06-26 10:36:55'),
(492, 211, 'std26STD19253', '3jsct5', '', 'student', 81, 0, '', '', 'yes', '2026-06-26 11:52:32', '2026-06-26 11:52:32'),
(493, 0, 'parent26STD19253', 'rmru39', '211', 'parent', 0, 0, '', '', 'yes', '2026-06-26 11:52:32', '2026-06-26 11:52:32');

-- --------------------------------------------------------

--
-- Structure de la table `users_authentication`
--

CREATE TABLE `users_authentication` (
  `id` int(11) NOT NULL,
  `users_id` int(11) NOT NULL,
  `token` varchar(255) NOT NULL,
  `staff_id` int(11) DEFAULT NULL,
  `expired_at` timestamp NOT NULL DEFAULT current_timestamp(),
  `created_at` timestamp NOT NULL DEFAULT current_timestamp(),
  `updated_at` timestamp NOT NULL DEFAULT current_timestamp() ON UPDATE current_timestamp()
) ENGINE=InnoDB DEFAULT CHARSET=utf8mb3 COLLATE=utf8mb3_uca1400_ai_ci;

--
-- Déchargement des données de la table `users_authentication`
--

INSERT INTO `users_authentication` (`id`, `users_id`, `token`, `staff_id`, `expired_at`, `created_at`, `updated_at`) VALUES
(1, 2, 'OAOQOQNgMQ', NULL, '2027-04-30 10:55:39', '2026-04-30 10:55:39', '2026-04-30 10:55:39'),
(2, 94, 'MQNAMgNQOA', NULL, '2027-05-03 16:19:51', '2026-05-03 16:19:51', '2026-05-03 16:19:51'),
(3, 93, 'MgMTAOAMTA', NULL, '2027-05-03 16:21:36', '2026-05-03 16:21:36', '2026-05-03 16:21:36'),
(4, 72, 'NANQOAMwOA', NULL, '2027-05-04 23:01:26', '2026-05-04 23:01:26', '2026-05-04 23:01:26'),
(5, 72, 'MQMwMTAMgMQ', NULL, '2027-05-04 23:10:00', '2026-05-04 23:10:00', '2026-05-04 23:10:00'),
(6, 133, 'NgMgMwNQOQ', NULL, '2027-05-05 01:39:50', '2026-05-05 01:39:50', '2026-05-05 01:39:50'),
(7, 133, 'NwMwNwMQOA', NULL, '2027-05-05 13:46:04', '2026-05-05 13:46:04', '2026-05-05 13:46:04'),
(8, 133, 'MTANwOQNwMg', NULL, '2027-05-05 14:02:08', '2026-05-05 14:02:08', '2026-05-05 14:02:08'),
(9, 133, 'NAMgNwOQOA', NULL, '2027-05-05 14:03:56', '2026-05-05 14:03:56', '2026-05-05 14:03:56'),
(10, 133, 'NQNgOAMQNQ', NULL, '2027-05-05 16:56:10', '2026-05-05 16:56:10', '2026-05-05 16:56:10');

-- --------------------------------------------------------

--
-- Structure de la table `user_google_authenticate_codes`
--

CREATE TABLE `user_google_authenticate_codes` (
  `id` int(11) NOT NULL,
  `user_id` int(11) DEFAULT NULL,
  `guest_id` int(11) DEFAULT NULL,
  `staff_id` int(11) DEFAULT NULL,
  `secret_code` varchar(100) DEFAULT NULL,
  `is_active` int(1) DEFAULT 1,
  `created_at` timestamp NOT NULL DEFAULT current_timestamp() ON UPDATE current_timestamp()
) ENGINE=InnoDB DEFAULT CHARSET=utf8mb3 COLLATE=utf8mb3_uca1400_ai_ci;

-- --------------------------------------------------------

--
-- Structure de la table `vehicles`
--

CREATE TABLE `vehicles` (
  `id` int(11) NOT NULL,
  `vehicle_no` varchar(20) DEFAULT NULL,
  `vehicle_model` varchar(100) NOT NULL DEFAULT 'None',
  `vehicle_photo` text CHARACTER SET utf8mb3 COLLATE utf8mb3_general_ci DEFAULT NULL,
  `manufacture_year` varchar(4) DEFAULT NULL,
  `registration_number` varchar(50) NOT NULL,
  `chasis_number` varchar(100) NOT NULL,
  `max_seating_capacity` varchar(255) NOT NULL,
  `driver_name` varchar(50) DEFAULT NULL,
  `driver_licence` varchar(50) NOT NULL DEFAULT 'None',
  `driver_contact` varchar(20) DEFAULT NULL,
  `note` text DEFAULT NULL,
  `created_at` timestamp NOT NULL DEFAULT current_timestamp(),
  `updated_at` timestamp NOT NULL DEFAULT current_timestamp() ON UPDATE current_timestamp()
) ENGINE=InnoDB DEFAULT CHARSET=utf8mb3 COLLATE=utf8mb3_uca1400_ai_ci;

--
-- Déchargement des données de la table `vehicles`
--

INSERT INTO `vehicles` (`id`, `vehicle_no`, `vehicle_model`, `vehicle_photo`, `manufacture_year`, `registration_number`, `chasis_number`, `max_seating_capacity`, `driver_name`, `driver_licence`, `driver_contact`, `note`, `created_at`, `updated_at`) VALUES
(1, 'V1', '', NULL, '', '', '', '', 'MOURAD', '', '', '', '2026-05-02 19:54:39', '2026-05-02 19:54:39'),
(2, 'V2', '', NULL, '', '', '', '', 'Hicham', '', '', '', '2026-05-02 19:54:50', '2026-05-02 19:54:50');

-- --------------------------------------------------------

--
-- Structure de la table `vehicle_routes`
--

CREATE TABLE `vehicle_routes` (
  `id` int(11) NOT NULL,
  `route_id` int(11) DEFAULT NULL,
  `vehicle_id` int(11) DEFAULT NULL,
  `created_at` timestamp NOT NULL DEFAULT current_timestamp(),
  `updated_at` timestamp NOT NULL DEFAULT current_timestamp() ON UPDATE current_timestamp()
) ENGINE=InnoDB DEFAULT CHARSET=utf8mb3 COLLATE=utf8mb3_uca1400_ai_ci;

--
-- Déchargement des données de la table `vehicle_routes`
--

INSERT INTO `vehicle_routes` (`id`, `route_id`, `vehicle_id`, `created_at`, `updated_at`) VALUES
(1, 1, 1, '2026-05-02 19:55:00', '2026-05-02 19:55:00'),
(2, 2, 1, '2026-05-02 19:55:05', '2026-05-02 19:55:05'),
(3, 3, 2, '2026-05-02 19:55:11', '2026-05-02 19:55:11');

-- --------------------------------------------------------

--
-- Structure de la table `video_tutorial`
--

CREATE TABLE `video_tutorial` (
  `id` int(11) NOT NULL,
  `title` varchar(100) NOT NULL,
  `vid_title` text DEFAULT NULL,
  `description` text NOT NULL,
  `thumb_path` varchar(500) DEFAULT NULL,
  `dir_path` varchar(500) DEFAULT NULL,
  `img_name` text CHARACTER SET utf8mb3 COLLATE utf8mb3_general_ci NOT NULL,
  `thumb_name` text CHARACTER SET utf8mb3 COLLATE utf8mb3_general_ci NOT NULL,
  `video_link` varchar(100) NOT NULL,
  `created_by` int(11) NOT NULL,
  `created_at` timestamp NOT NULL DEFAULT current_timestamp(),
  `updated_at` timestamp NOT NULL DEFAULT current_timestamp() ON UPDATE current_timestamp()
) ENGINE=InnoDB DEFAULT CHARSET=utf8mb3 COLLATE=utf8mb3_uca1400_ai_ci;

-- --------------------------------------------------------

--
-- Structure de la table `video_tutorial_class_sections`
--

CREATE TABLE `video_tutorial_class_sections` (
  `id` int(11) NOT NULL,
  `video_tutorial_id` int(11) NOT NULL,
  `class_section_id` int(11) NOT NULL,
  `created_date` date NOT NULL,
  `created_at` timestamp NOT NULL DEFAULT current_timestamp(),
  `updated_at` timestamp NOT NULL DEFAULT current_timestamp() ON UPDATE current_timestamp()
) ENGINE=InnoDB DEFAULT CHARSET=utf8mb3 COLLATE=utf8mb3_uca1400_ai_ci;

-- --------------------------------------------------------

--
-- Structure de la table `visitors_book`
--

CREATE TABLE `visitors_book` (
  `id` int(11) NOT NULL,
  `staff_id` int(11) DEFAULT NULL,
  `student_session_id` int(11) DEFAULT NULL,
  `source` varchar(100) DEFAULT NULL,
  `purpose` varchar(255) NOT NULL,
  `name` varchar(100) NOT NULL,
  `email` varchar(100) DEFAULT NULL,
  `contact` varchar(12) NOT NULL,
  `id_proof` varchar(50) NOT NULL,
  `no_of_people` int(11) NOT NULL,
  `date` date NOT NULL,
  `in_time` varchar(20) NOT NULL,
  `out_time` varchar(20) NOT NULL,
  `note` text NOT NULL,
  `image` text CHARACTER SET utf8mb3 COLLATE utf8mb3_general_ci DEFAULT NULL,
  `meeting_with` varchar(20) NOT NULL,
  `created_at` timestamp NOT NULL DEFAULT current_timestamp(),
  `updated_at` timestamp NOT NULL DEFAULT current_timestamp() ON UPDATE current_timestamp()
) ENGINE=InnoDB DEFAULT CHARSET=utf8mb3 COLLATE=utf8mb3_uca1400_ai_ci;

-- --------------------------------------------------------

--
-- Structure de la table `visitors_purpose`
--

CREATE TABLE `visitors_purpose` (
  `id` int(11) NOT NULL,
  `visitors_purpose` varchar(100) NOT NULL,
  `description` text NOT NULL,
  `created_at` timestamp NOT NULL DEFAULT current_timestamp(),
  `updated_at` timestamp NOT NULL DEFAULT current_timestamp() ON UPDATE current_timestamp()
) ENGINE=InnoDB DEFAULT CHARSET=utf8mb3 COLLATE=utf8mb3_uca1400_ai_ci;

-- --------------------------------------------------------

--
-- Structure de la table `whatsapp_config`
--

CREATE TABLE `whatsapp_config` (
  `id` int(11) NOT NULL,
  `type` varchar(50) NOT NULL,
  `language` varchar(50) DEFAULT NULL,
  `name` varchar(100) NOT NULL,
  `api_id` varchar(100) NOT NULL,
  `authkey` text CHARACTER SET utf8mb3 COLLATE utf8mb3_general_ci NOT NULL,
  `senderid` varchar(100) NOT NULL,
  `contact` text DEFAULT NULL,
  `username` varchar(150) DEFAULT NULL,
  `password` varchar(150) DEFAULT NULL,
  `is_active` varchar(255) DEFAULT 'disabled',
  `created_at` timestamp NOT NULL DEFAULT current_timestamp(),
  `updated_at` timestamp NOT NULL DEFAULT current_timestamp() ON UPDATE current_timestamp()
) ENGINE=InnoDB DEFAULT CHARSET=utf8mb3 COLLATE=utf8mb3_uca1400_ai_ci;

--
-- Déchargement des données de la table `whatsapp_config`
--

INSERT INTO `whatsapp_config` (`id`, `type`, `language`, `name`, `api_id`, `authkey`, `senderid`, `contact`, `username`, `password`, `is_active`, `created_at`, `updated_at`) VALUES
(1, 'twilio', NULL, '', '', '', '', '', '', '', 'disabled', '2025-05-09 15:04:54', '2026-01-09 05:32:49'),
(2, 'meta', 'French', '', '', 'EAAN7QCKLhZBUBRaGIPyZBukoadPhs18BQFPloKSWrSYvjMl9RiDBkSEZAHkJAL3ZAm9Xz7cmZBuaZAg6rRZABDijnkTgqPixLTwOXaJmyirYeXRYQNGFE34MQK09tDYi8x2p1d37zDyW8XspYT1R1oKNd3lS360plsZB7HbmJZA87ZBLZCrt47mZBdstPKXVTsZC5fGlxD8CwljZBH3619yIXBRFVJRgMCKBjINgg1IpCOQqSUfbCLofZCrK9JPUWZBnPay5nUqfJ9d8L7HlvhdWQWaBO3Nt5HtYgZDZD', '', '1001789166360463', NULL, NULL, 'enabled', '2026-05-04 15:23:42', '2026-05-04 15:23:42');

-- --------------------------------------------------------

--
-- Structure de la table `zoom_settings`
--

CREATE TABLE `zoom_settings` (
  `id` int(11) NOT NULL,
  `zoom_api_key` varchar(200) DEFAULT NULL,
  `zoom_api_secret` varchar(200) DEFAULT NULL,
  `use_teacher_api` int(1) DEFAULT 0,
  `use_zoom_app` int(1) DEFAULT 1,
  `use_zoom_app_user` int(1) DEFAULT 1,
  `parent_live_class` int(11) NOT NULL DEFAULT 0,
  `created_at` timestamp NOT NULL DEFAULT current_timestamp() ON UPDATE current_timestamp()
) ENGINE=InnoDB DEFAULT CHARSET=utf8mb3 COLLATE=utf8mb3_uca1400_ai_ci;

--
-- Déchargement des données de la table `zoom_settings`
--

INSERT INTO `zoom_settings` (`id`, `zoom_api_key`, `zoom_api_secret`, `use_teacher_api`, `use_zoom_app`, `use_zoom_app_user`, `parent_live_class`, `created_at`) VALUES
(1, 'DeXrTd3sQRSHFTNRDnItrg', 'TUNqN64YQ6GeyB7XSF8DcOFsJdxh53QJ', 1, 1, 1, 0, '2026-04-29 13:10:44');

--
-- Index pour les tables déchargées
--

--
-- Index pour la table `addons`
--
ALTER TABLE `addons`
  ADD PRIMARY KEY (`id`);

--
-- Index pour la table `addon_versions`
--
ALTER TABLE `addon_versions`
  ADD PRIMARY KEY (`id`),
  ADD KEY `addon_id` (`addon_id`);

--
-- Index pour la table `alumni_events`
--
ALTER TABLE `alumni_events`
  ADD PRIMARY KEY (`id`),
  ADD KEY `session_id` (`session_id`),
  ADD KEY `class_id` (`class_id`);

--
-- Index pour la table `alumni_students`
--
ALTER TABLE `alumni_students`
  ADD PRIMARY KEY (`id`),
  ADD KEY `student_id` (`student_id`);

--
-- Index pour la table `annual_calendar`
--
ALTER TABLE `annual_calendar`
  ADD PRIMARY KEY (`id`),
  ADD KEY `session_id` (`session_id`);

--
-- Index pour la table `api_session`
--
ALTER TABLE `api_session`
  ADD PRIMARY KEY (`id`);

--
-- Index pour la table `attendence_type`
--
ALTER TABLE `attendence_type`
  ADD PRIMARY KEY (`id`);

--
-- Index pour la table `aws_s3_settings`
--
ALTER TABLE `aws_s3_settings`
  ADD PRIMARY KEY (`id`);

--
-- Index pour la table `behaviour_settings`
--
ALTER TABLE `behaviour_settings`
  ADD PRIMARY KEY (`id`);

--
-- Index pour la table `books`
--
ALTER TABLE `books`
  ADD PRIMARY KEY (`id`);

--
-- Index pour la table `book_issues`
--
ALTER TABLE `book_issues`
  ADD PRIMARY KEY (`id`),
  ADD KEY `book_id` (`book_id`),
  ADD KEY `member_id` (`member_id`);

--
-- Index pour la table `captcha`
--
ALTER TABLE `captcha`
  ADD PRIMARY KEY (`id`);

--
-- Index pour la table `categories`
--
ALTER TABLE `categories`
  ADD PRIMARY KEY (`id`);

--
-- Index pour la table `cbse_category`
--
ALTER TABLE `cbse_category`
  ADD PRIMARY KEY (`id`);

--
-- Index pour la table `cbse_exams`
--
ALTER TABLE `cbse_exams`
  ADD PRIMARY KEY (`id`),
  ADD KEY `cbse_term_id` (`cbse_term_id`),
  ADD KEY `cbse_exam_grade_id` (`cbse_exam_grade_id`),
  ADD KEY `cbse_exam_assessment_id` (`cbse_exam_assessment_id`),
  ADD KEY `session_id` (`session_id`),
  ADD KEY `idx_name` (`name`),
  ADD KEY `idx_exam_code` (`exam_code`);

--
-- Index pour la table `cbse_exam_assessments`
--
ALTER TABLE `cbse_exam_assessments`
  ADD PRIMARY KEY (`id`),
  ADD KEY `idx_name` (`name`);

--
-- Index pour la table `cbse_exam_assessment_types`
--
ALTER TABLE `cbse_exam_assessment_types`
  ADD PRIMARY KEY (`id`),
  ADD KEY `cbse_exam_assessment_id` (`cbse_exam_assessment_id`),
  ADD KEY `idx_name` (`name`),
  ADD KEY `idx_code` (`code`);

--
-- Index pour la table `cbse_exam_class_sections`
--
ALTER TABLE `cbse_exam_class_sections`
  ADD PRIMARY KEY (`id`),
  ADD KEY `class_section_id` (`class_section_id`),
  ADD KEY `cbse_exam_id` (`cbse_exam_id`);

--
-- Index pour la table `cbse_exam_grades`
--
ALTER TABLE `cbse_exam_grades`
  ADD PRIMARY KEY (`id`),
  ADD KEY `idx_name` (`name`);

--
-- Index pour la table `cbse_exam_grades_range`
--
ALTER TABLE `cbse_exam_grades_range`
  ADD PRIMARY KEY (`id`),
  ADD KEY `cbse_exam_grade_id` (`cbse_exam_grade_id`),
  ADD KEY `idx_name` (`name`);

--
-- Index pour la table `cbse_exam_observations`
--
ALTER TABLE `cbse_exam_observations`
  ADD PRIMARY KEY (`id`),
  ADD KEY `idx_name` (`name`);

--
-- Index pour la table `cbse_exam_students`
--
ALTER TABLE `cbse_exam_students`
  ADD PRIMARY KEY (`id`),
  ADD KEY `cbse_exam_id` (`cbse_exam_id`),
  ADD KEY `student_session_id` (`student_session_id`);

--
-- Index pour la table `cbse_exam_student_subject_rank`
--
ALTER TABLE `cbse_exam_student_subject_rank`
  ADD PRIMARY KEY (`id`),
  ADD KEY `cbse_template_id` (`cbse_template_id`),
  ADD KEY `student_session_id` (`student_session_id`),
  ADD KEY `subject_id` (`subject_id`),
  ADD KEY `idx_rank` (`rank`);

--
-- Index pour la table `cbse_exam_timetable`
--
ALTER TABLE `cbse_exam_timetable`
  ADD PRIMARY KEY (`id`),
  ADD KEY `cbse_exam_id` (`cbse_exam_id`),
  ADD KEY `subject_id` (`subject_id`);

--
-- Index pour la table `cbse_exam_timetable_assessment_types`
--
ALTER TABLE `cbse_exam_timetable_assessment_types`
  ADD PRIMARY KEY (`id`),
  ADD KEY `cbse_exam_timetable_id` (`cbse_exam_timetable_id`),
  ADD KEY `cbse_exam_assessment_type_id` (`cbse_exam_assessment_type_id`);

--
-- Index pour la table `cbse_marksheet_type`
--
ALTER TABLE `cbse_marksheet_type`
  ADD PRIMARY KEY (`id`),
  ADD KEY `idx_name` (`name`),
  ADD KEY `idx_short_code` (`short_code`);

--
-- Index pour la table `cbse_observation_class_section`
--
ALTER TABLE `cbse_observation_class_section`
  ADD PRIMARY KEY (`id`);

--
-- Index pour la table `cbse_observation_parameters`
--
ALTER TABLE `cbse_observation_parameters`
  ADD PRIMARY KEY (`id`),
  ADD KEY `idx_name` (`name`);

--
-- Index pour la table `cbse_observation_subparameter`
--
ALTER TABLE `cbse_observation_subparameter`
  ADD PRIMARY KEY (`id`),
  ADD KEY `cbse_observation_parameter_id_ibfk_1` (`cbse_observation_parameter_id`),
  ADD KEY `cbse_exam_observation_id_ibfk_1` (`cbse_exam_observation_id`);

--
-- Index pour la table `cbse_observation_terms`
--
ALTER TABLE `cbse_observation_terms`
  ADD PRIMARY KEY (`id`),
  ADD KEY `cbse_term_id` (`cbse_term_id`),
  ADD KEY `cbse_ovservation_terms_ibfk_3` (`session_id`),
  ADD KEY `cbse_exam_observations_ibfk_1` (`cbse_exam_observation_id`);

--
-- Index pour la table `cbse_observation_term_student_subparameter`
--
ALTER TABLE `cbse_observation_term_student_subparameter`
  ADD PRIMARY KEY (`id`),
  ADD KEY `cbse_observation_term_student_subparameter_ibfk_1` (`cbse_ovservation_term_id`),
  ADD KEY `cbse_observation_subparameter_id` (`cbse_observation_subparameter_id`),
  ADD KEY `student_session_id` (`student_session_id`);

--
-- Index pour la table `cbse_student_exam_ranks`
--
ALTER TABLE `cbse_student_exam_ranks`
  ADD PRIMARY KEY (`id`),
  ADD KEY `cbse_exam_id` (`cbse_exam_id`),
  ADD KEY `student_session_id` (`student_session_id`),
  ADD KEY `idx_rank` (`rank`),
  ADD KEY `idx_rank_percentage` (`rank_percentage`);

--
-- Index pour la table `cbse_student_subject_marks`
--
ALTER TABLE `cbse_student_subject_marks`
  ADD PRIMARY KEY (`id`),
  ADD KEY `cbse_exam_timetable_id` (`cbse_exam_timetable_id`),
  ADD KEY `cbse_exam_student_id` (`cbse_exam_student_id`),
  ADD KEY `cbse_exam_assessment_type_id` (`cbse_exam_assessment_type_id`),
  ADD KEY `cbse_exam_timetable_assessment_type_ibfk_4` (`cbse_exam_timetable_assessment_type_id`);

--
-- Index pour la table `cbse_student_subject_result`
--
ALTER TABLE `cbse_student_subject_result`
  ADD PRIMARY KEY (`id`);

--
-- Index pour la table `cbse_student_template_rank`
--
ALTER TABLE `cbse_student_template_rank`
  ADD PRIMARY KEY (`id`),
  ADD KEY `student_session_id` (`student_session_id`),
  ADD KEY `cbse_template_id` (`cbse_template_id`),
  ADD KEY `idx_rank` (`rank`),
  ADD KEY `idx_rank_percentage` (`rank_percentage`);

--
-- Index pour la table `cbse_template`
--
ALTER TABLE `cbse_template`
  ADD PRIMARY KEY (`id`),
  ADD KEY `cbse_template_ibfk_3` (`session_id`),
  ADD KEY `cbse_template_ibfk_1` (`gradeexam_id`),
  ADD KEY `cbse_template_ibfk_2` (`remarkexam_id`),
  ADD KEY `idx_name` (`name`),
  ADD KEY `idx_marksheet_type` (`marksheet_type`),
  ADD KEY `idx_exam_name` (`exam_name`),
  ADD KEY `idx_school_name` (`school_name`);

--
-- Index pour la table `cbse_template_admitcards`
--
ALTER TABLE `cbse_template_admitcards`
  ADD PRIMARY KEY (`id`);

--
-- Index pour la table `cbse_template_class_sections`
--
ALTER TABLE `cbse_template_class_sections`
  ADD PRIMARY KEY (`id`),
  ADD KEY `cbse_template_id` (`cbse_template_id`),
  ADD KEY `class_section_id` (`class_section_id`);

--
-- Index pour la table `cbse_template_terms`
--
ALTER TABLE `cbse_template_terms`
  ADD PRIMARY KEY (`id`),
  ADD KEY `cbse_template_id` (`cbse_template_id`),
  ADD KEY `cbse_term_id` (`cbse_term_id`),
  ADD KEY `idx_weightage` (`weightage`);

--
-- Index pour la table `cbse_template_term_exams`
--
ALTER TABLE `cbse_template_term_exams`
  ADD PRIMARY KEY (`id`),
  ADD KEY `cbse_template_term_id` (`cbse_template_term_id`),
  ADD KEY `cbse_template_term_exams_ibfk_3` (`cbse_exam_id`),
  ADD KEY `cbse_template_term_exams_ibfk_4` (`cbse_template_id`),
  ADD KEY `idx_weightage` (`weightage`);

--
-- Index pour la table `cbse_terms`
--
ALTER TABLE `cbse_terms`
  ADD PRIMARY KEY (`id`),
  ADD KEY `idx_name` (`name`),
  ADD KEY `idx_term_code` (`term_code`);

--
-- Index pour la table `certificates`
--
ALTER TABLE `certificates`
  ADD PRIMARY KEY (`id`);

--
-- Index pour la table `chat_connections`
--
ALTER TABLE `chat_connections`
  ADD PRIMARY KEY (`id`),
  ADD KEY `chat_user_one` (`chat_user_one`),
  ADD KEY `chat_user_two` (`chat_user_two`);

--
-- Index pour la table `chat_messages`
--
ALTER TABLE `chat_messages`
  ADD PRIMARY KEY (`id`),
  ADD KEY `chat_user_id` (`chat_user_id`),
  ADD KEY `chat_connection_id` (`chat_connection_id`);

--
-- Index pour la table `chat_users`
--
ALTER TABLE `chat_users`
  ADD PRIMARY KEY (`id`),
  ADD KEY `staff_id` (`staff_id`),
  ADD KEY `student_id` (`student_id`),
  ADD KEY `create_staff_id` (`create_staff_id`),
  ADD KEY `create_student_id` (`create_student_id`);

--
-- Index pour la table `classes`
--
ALTER TABLE `classes`
  ADD PRIMARY KEY (`id`);

--
-- Index pour la table `class_sections`
--
ALTER TABLE `class_sections`
  ADD PRIMARY KEY (`id`),
  ADD KEY `class_id` (`class_id`),
  ADD KEY `section_id` (`section_id`);

--
-- Index pour la table `class_section_times`
--
ALTER TABLE `class_section_times`
  ADD PRIMARY KEY (`id`),
  ADD KEY `class_section_id` (`class_section_id`);

--
-- Index pour la table `class_teacher`
--
ALTER TABLE `class_teacher`
  ADD PRIMARY KEY (`id`),
  ADD KEY `class_id` (`class_id`),
  ADD KEY `section_id` (`section_id`),
  ADD KEY `session_id` (`session_id`),
  ADD KEY `staff_id` (`staff_id`);

--
-- Index pour la table `complaint`
--
ALTER TABLE `complaint`
  ADD PRIMARY KEY (`id`);

--
-- Index pour la table `complaint_type`
--
ALTER TABLE `complaint_type`
  ADD PRIMARY KEY (`id`);

--
-- Index pour la table `conferences`
--
ALTER TABLE `conferences`
  ADD PRIMARY KEY (`id`),
  ADD KEY `conferences_ibfk_1` (`staff_id`),
  ADD KEY `conferences_ibfk_2` (`created_id`),
  ADD KEY `idx_class_id` (`class_id`);

--
-- Index pour la table `conferences_history`
--
ALTER TABLE `conferences_history`
  ADD PRIMARY KEY (`id`),
  ADD KEY `conferences_history_ibfk_1` (`conference_id`),
  ADD KEY `conferences_history_ibfk_2` (`staff_id`),
  ADD KEY `conferences_history_ibfk_3` (`student_id`);

--
-- Index pour la table `conference_sections`
--
ALTER TABLE `conference_sections`
  ADD PRIMARY KEY (`id`),
  ADD KEY `conference_sections_ibfk_1` (`conference_id`),
  ADD KEY `conference_sections_ibfk_2` (`cls_section_id`);

--
-- Index pour la table `conference_staff`
--
ALTER TABLE `conference_staff`
  ADD PRIMARY KEY (`id`),
  ADD KEY `conference_staff_ibfk_1` (`conference_id`),
  ADD KEY `conference_staff_ibfk_2` (`staff_id`);

--
-- Index pour la table `contents`
--
ALTER TABLE `contents`
  ADD PRIMARY KEY (`id`),
  ADD KEY `created_by` (`created_by`),
  ADD KEY `class_id` (`class_id`),
  ADD KEY `cls_sec_id` (`cls_sec_id`);

--
-- Index pour la table `content_for`
--
ALTER TABLE `content_for`
  ADD PRIMARY KEY (`id`),
  ADD KEY `content_id` (`content_id`),
  ADD KEY `user_id` (`user_id`);

--
-- Index pour la table `content_types`
--
ALTER TABLE `content_types`
  ADD PRIMARY KEY (`id`);

--
-- Index pour la table `course_category`
--
ALTER TABLE `course_category`
  ADD PRIMARY KEY (`id`);

--
-- Index pour la table `course_lesson_quiz_order`
--
ALTER TABLE `course_lesson_quiz_order`
  ADD PRIMARY KEY (`id`),
  ADD KEY `section_id` (`course_section_id`);

--
-- Index pour la table `course_progress`
--
ALTER TABLE `course_progress`
  ADD PRIMARY KEY (`id`),
  ADD KEY `course_id` (`course_id`),
  ADD KEY `student_id` (`student_id`),
  ADD KEY `course_section_id` (`course_section_id`);

--
-- Index pour la table `course_quiz_answer`
--
ALTER TABLE `course_quiz_answer`
  ADD PRIMARY KEY (`id`),
  ADD KEY `student_id` (`student_id`),
  ADD KEY `quiz_id` (`course_quiz_id`),
  ADD KEY `question_id` (`course_quiz_question_id`);

--
-- Index pour la table `course_quiz_question`
--
ALTER TABLE `course_quiz_question`
  ADD PRIMARY KEY (`id`),
  ADD KEY `course_quiz_id` (`course_quiz_id`);

--
-- Index pour la table `course_rating`
--
ALTER TABLE `course_rating`
  ADD PRIMARY KEY (`id`),
  ADD KEY `idx_course_id` (`course_id`);

--
-- Index pour la table `cumulative_fine`
--
ALTER TABLE `cumulative_fine`
  ADD PRIMARY KEY (`id`);

--
-- Index pour la table `currencies`
--
ALTER TABLE `currencies`
  ADD PRIMARY KEY (`id`);

--
-- Index pour la table `custom_fields`
--
ALTER TABLE `custom_fields`
  ADD PRIMARY KEY (`id`),
  ADD KEY `idx_name` (`name`),
  ADD KEY `idx_belong_to` (`belong_to`),
  ADD KEY `idx_type` (`type`),
  ADD KEY `idx_visible_on_table` (`visible_on_table`),
  ADD KEY `idx_weight` (`weight`);
ALTER TABLE `custom_fields` ADD FULLTEXT KEY `idx_field_values` (`field_values`);

--
-- Index pour la table `custom_field_values`
--
ALTER TABLE `custom_field_values`
  ADD PRIMARY KEY (`id`),
  ADD KEY `custom_field_id` (`custom_field_id`),
  ADD KEY `idx_belong_table_id` (`belong_table_id`),
  ADD KEY `idx_field_value` (`field_value`);

--
-- Index pour la table `daily_assignment`
--
ALTER TABLE `daily_assignment`
  ADD PRIMARY KEY (`id`),
  ADD KEY `student_session_id` (`student_session_id`),
  ADD KEY `evaluated_by` (`evaluated_by`),
  ADD KEY `subject_group_subject_id` (`subject_group_subject_id`);

--
-- Index pour la table `department`
--
ALTER TABLE `department`
  ADD PRIMARY KEY (`id`);

--
-- Index pour la table `disable_reason`
--
ALTER TABLE `disable_reason`
  ADD PRIMARY KEY (`id`);

--
-- Index pour la table `dispatch_receive`
--
ALTER TABLE `dispatch_receive`
  ADD PRIMARY KEY (`id`);

--
-- Index pour la table `email_attachments`
--
ALTER TABLE `email_attachments`
  ADD PRIMARY KEY (`id`),
  ADD KEY `message_id` (`message_id`);

--
-- Index pour la table `email_config`
--
ALTER TABLE `email_config`
  ADD PRIMARY KEY (`id`);

--
-- Index pour la table `email_template`
--
ALTER TABLE `email_template`
  ADD PRIMARY KEY (`id`);

--
-- Index pour la table `email_template_attachment`
--
ALTER TABLE `email_template_attachment`
  ADD PRIMARY KEY (`id`);

--
-- Index pour la table `enquiry`
--
ALTER TABLE `enquiry`
  ADD PRIMARY KEY (`id`),
  ADD KEY `created_by` (`created_by`),
  ADD KEY `assigned` (`assigned`),
  ADD KEY `enquiry_ibfk_4` (`class_id`);

--
-- Index pour la table `enquiry_type`
--
ALTER TABLE `enquiry_type`
  ADD PRIMARY KEY (`id`);

--
-- Index pour la table `events`
--
ALTER TABLE `events`
  ADD PRIMARY KEY (`id`),
  ADD KEY `role_id` (`role_id`);

--
-- Index pour la table `exams`
--
ALTER TABLE `exams`
  ADD PRIMARY KEY (`id`),
  ADD KEY `sesion_id` (`sesion_id`);

--
-- Index pour la table `exam_groups`
--
ALTER TABLE `exam_groups`
  ADD PRIMARY KEY (`id`);

--
-- Index pour la table `exam_group_class_batch_exams`
--
ALTER TABLE `exam_group_class_batch_exams`
  ADD PRIMARY KEY (`id`),
  ADD KEY `exam_group_id` (`exam_group_id`),
  ADD KEY `exam_group_class_batch_exams_ibfk_2` (`session_id`);

--
-- Index pour la table `exam_group_class_batch_exam_students`
--
ALTER TABLE `exam_group_class_batch_exam_students`
  ADD PRIMARY KEY (`id`),
  ADD KEY `exam_group_class_batch_exam_id` (`exam_group_class_batch_exam_id`),
  ADD KEY `student_id` (`student_id`),
  ADD KEY `student_session_id` (`student_session_id`);

--
-- Index pour la table `exam_group_class_batch_exam_subjects`
--
ALTER TABLE `exam_group_class_batch_exam_subjects`
  ADD PRIMARY KEY (`id`),
  ADD KEY `exam_group_class_batch_exams_id` (`exam_group_class_batch_exams_id`),
  ADD KEY `subject_id` (`subject_id`);

--
-- Index pour la table `exam_group_exam_connections`
--
ALTER TABLE `exam_group_exam_connections`
  ADD PRIMARY KEY (`id`),
  ADD KEY `exam_group_id` (`exam_group_id`),
  ADD KEY `exam_group_class_batch_exams_id` (`exam_group_class_batch_exams_id`);

--
-- Index pour la table `exam_group_exam_results`
--
ALTER TABLE `exam_group_exam_results`
  ADD PRIMARY KEY (`id`),
  ADD KEY `exam_group_class_batch_exam_subject_id` (`exam_group_class_batch_exam_subject_id`),
  ADD KEY `exam_group_student_id` (`exam_group_student_id`),
  ADD KEY `exam_group_class_batch_exam_student_id` (`exam_group_class_batch_exam_student_id`);

--
-- Index pour la table `exam_group_students`
--
ALTER TABLE `exam_group_students`
  ADD PRIMARY KEY (`id`),
  ADD KEY `exam_group_id` (`exam_group_id`),
  ADD KEY `student_id` (`student_id`),
  ADD KEY `student_session_id` (`student_session_id`);

--
-- Index pour la table `exam_schedules`
--
ALTER TABLE `exam_schedules`
  ADD PRIMARY KEY (`id`),
  ADD KEY `teacher_subject_id` (`teacher_subject_id`),
  ADD KEY `session_id` (`session_id`),
  ADD KEY `exam_id` (`exam_id`);

--
-- Index pour la table `expenses`
--
ALTER TABLE `expenses`
  ADD PRIMARY KEY (`id`),
  ADD KEY `exp_head_id` (`exp_head_id`);

--
-- Index pour la table `expense_head`
--
ALTER TABLE `expense_head`
  ADD PRIMARY KEY (`id`);

--
-- Index pour la table `feemasters`
--
ALTER TABLE `feemasters`
  ADD PRIMARY KEY (`id`),
  ADD KEY `session_id` (`session_id`),
  ADD KEY `feetype_id` (`feetype_id`),
  ADD KEY `class_id` (`class_id`);

--
-- Index pour la table `fees_discounts`
--
ALTER TABLE `fees_discounts`
  ADD PRIMARY KEY (`id`),
  ADD KEY `session_id` (`session_id`);

--
-- Index pour la table `fees_reminder`
--
ALTER TABLE `fees_reminder`
  ADD PRIMARY KEY (`id`);

--
-- Index pour la table `feetype`
--
ALTER TABLE `feetype`
  ADD PRIMARY KEY (`id`);

--
-- Index pour la table `fee_groups`
--
ALTER TABLE `fee_groups`
  ADD PRIMARY KEY (`id`);

--
-- Index pour la table `fee_groups_feetype`
--
ALTER TABLE `fee_groups_feetype`
  ADD PRIMARY KEY (`id`),
  ADD KEY `fee_session_group_id` (`fee_session_group_id`),
  ADD KEY `fee_groups_id` (`fee_groups_id`),
  ADD KEY `feetype_id` (`feetype_id`),
  ADD KEY `session_id` (`session_id`);

--
-- Index pour la table `fee_receipt_no`
--
ALTER TABLE `fee_receipt_no`
  ADD PRIMARY KEY (`id`);

--
-- Index pour la table `fee_session_groups`
--
ALTER TABLE `fee_session_groups`
  ADD PRIMARY KEY (`id`),
  ADD KEY `fee_groups_id` (`fee_groups_id`),
  ADD KEY `session_id` (`session_id`);

--
-- Index pour la table `filetypes`
--
ALTER TABLE `filetypes`
  ADD PRIMARY KEY (`id`);

--
-- Index pour la table `follow_up`
--
ALTER TABLE `follow_up`
  ADD PRIMARY KEY (`id`),
  ADD KEY `enquiry_id` (`enquiry_id`),
  ADD KEY `followup_by` (`followup_by`);

--
-- Index pour la table `front_cms_media_gallery`
--
ALTER TABLE `front_cms_media_gallery`
  ADD PRIMARY KEY (`id`);

--
-- Index pour la table `front_cms_menus`
--
ALTER TABLE `front_cms_menus`
  ADD PRIMARY KEY (`id`);

--
-- Index pour la table `front_cms_menu_items`
--
ALTER TABLE `front_cms_menu_items`
  ADD PRIMARY KEY (`id`),
  ADD KEY `menu_id` (`menu_id`);

--
-- Index pour la table `front_cms_pages`
--
ALTER TABLE `front_cms_pages`
  ADD PRIMARY KEY (`id`);

--
-- Index pour la table `front_cms_page_contents`
--
ALTER TABLE `front_cms_page_contents`
  ADD PRIMARY KEY (`id`),
  ADD KEY `page_id` (`page_id`);

--
-- Index pour la table `front_cms_programs`
--
ALTER TABLE `front_cms_programs`
  ADD PRIMARY KEY (`id`);

--
-- Index pour la table `front_cms_program_photos`
--
ALTER TABLE `front_cms_program_photos`
  ADD PRIMARY KEY (`id`),
  ADD KEY `program_id` (`program_id`);

--
-- Index pour la table `front_cms_settings`
--
ALTER TABLE `front_cms_settings`
  ADD PRIMARY KEY (`id`);

--
-- Index pour la table `gateway_ins`
--
ALTER TABLE `gateway_ins`
  ADD PRIMARY KEY (`id`),
  ADD KEY `online_admission_id` (`online_admission_id`);

--
-- Index pour la table `gateway_ins_response`
--
ALTER TABLE `gateway_ins_response`
  ADD PRIMARY KEY (`id`),
  ADD KEY `gateway_ins_id` (`gateway_ins_id`);

--
-- Index pour la table `general_calls`
--
ALTER TABLE `general_calls`
  ADD PRIMARY KEY (`id`);

--
-- Index pour la table `gmeet`
--
ALTER TABLE `gmeet`
  ADD PRIMARY KEY (`id`),
  ADD KEY `staff_id` (`staff_id`),
  ADD KEY `created_id` (`created_id`),
  ADD KEY `session_id` (`session_id`);

--
-- Index pour la table `gmeet_history`
--
ALTER TABLE `gmeet_history`
  ADD PRIMARY KEY (`id`),
  ADD KEY `gmeet_id` (`gmeet_id`),
  ADD KEY `staff_id` (`staff_id`),
  ADD KEY `student_id` (`student_id`);

--
-- Index pour la table `gmeet_sections`
--
ALTER TABLE `gmeet_sections`
  ADD PRIMARY KEY (`id`),
  ADD KEY `cls_section_id` (`cls_section_id`),
  ADD KEY `gmeet_id` (`gmeet_id`);

--
-- Index pour la table `gmeet_settings`
--
ALTER TABLE `gmeet_settings`
  ADD PRIMARY KEY (`id`);

--
-- Index pour la table `gmeet_staff`
--
ALTER TABLE `gmeet_staff`
  ADD PRIMARY KEY (`id`),
  ADD KEY `gmeet_id` (`gmeet_id`),
  ADD KEY `staff_id` (`staff_id`);

--
-- Index pour la table `google_authenticator`
--
ALTER TABLE `google_authenticator`
  ADD PRIMARY KEY (`id`);

--
-- Index pour la table `google_drive_setting`
--
ALTER TABLE `google_drive_setting`
  ADD PRIMARY KEY (`id`);

--
-- Index pour la table `grades`
--
ALTER TABLE `grades`
  ADD PRIMARY KEY (`id`);

--
-- Index pour la table `guest`
--
ALTER TABLE `guest`
  ADD PRIMARY KEY (`id`),
  ADD UNIQUE KEY `id` (`id`),
  ADD KEY `idx_lang_id` (`lang_id`),
  ADD KEY `idx_currency_id` (`currency_id`),
  ADD KEY `idx_email` (`email`);

--
-- Index pour la table `holiday_type`
--
ALTER TABLE `holiday_type`
  ADD PRIMARY KEY (`id`);

--
-- Index pour la table `homework`
--
ALTER TABLE `homework`
  ADD PRIMARY KEY (`id`),
  ADD KEY `subject_group_subject_id` (`subject_group_subject_id`),
  ADD KEY `class_id` (`class_id`),
  ADD KEY `section_id` (`section_id`),
  ADD KEY `session_id` (`session_id`),
  ADD KEY `staff_id` (`staff_id`),
  ADD KEY `subject_id` (`subject_id`),
  ADD KEY `evaluated_by` (`evaluated_by`),
  ADD KEY `created_by` (`created_by`);

--
-- Index pour la table `homework_evaluation`
--
ALTER TABLE `homework_evaluation`
  ADD PRIMARY KEY (`id`),
  ADD KEY `homework_id` (`homework_id`),
  ADD KEY `student_id` (`student_id`),
  ADD KEY `student_session_id` (`student_session_id`);

--
-- Index pour la table `hostel`
--
ALTER TABLE `hostel`
  ADD PRIMARY KEY (`id`);

--
-- Index pour la table `hostel_rooms`
--
ALTER TABLE `hostel_rooms`
  ADD PRIMARY KEY (`id`),
  ADD KEY `hostel_id` (`hostel_id`),
  ADD KEY `room_type_id` (`room_type_id`);

--
-- Index pour la table `id_card`
--
ALTER TABLE `id_card`
  ADD PRIMARY KEY (`id`);

--
-- Index pour la table `income`
--
ALTER TABLE `income`
  ADD PRIMARY KEY (`id`),
  ADD KEY `income_head_id` (`income_head_id`);

--
-- Index pour la table `income_head`
--
ALTER TABLE `income_head`
  ADD PRIMARY KEY (`id`);

--
-- Index pour la table `item`
--
ALTER TABLE `item`
  ADD PRIMARY KEY (`id`),
  ADD KEY `item_category_id` (`item_category_id`),
  ADD KEY `item_store_id` (`item_store_id`),
  ADD KEY `item_supplier_id` (`item_supplier_id`);

--
-- Index pour la table `item_category`
--
ALTER TABLE `item_category`
  ADD PRIMARY KEY (`id`);

--
-- Index pour la table `item_issue`
--
ALTER TABLE `item_issue`
  ADD PRIMARY KEY (`id`),
  ADD KEY `item_id` (`item_id`),
  ADD KEY `item_category_id` (`item_category_id`),
  ADD KEY `issue_to` (`issue_to`),
  ADD KEY `issue_by` (`issue_by`);

--
-- Index pour la table `item_stock`
--
ALTER TABLE `item_stock`
  ADD PRIMARY KEY (`id`),
  ADD KEY `item_id` (`item_id`),
  ADD KEY `supplier_id` (`supplier_id`),
  ADD KEY `store_id` (`store_id`);

--
-- Index pour la table `item_store`
--
ALTER TABLE `item_store`
  ADD PRIMARY KEY (`id`);

--
-- Index pour la table `item_supplier`
--
ALTER TABLE `item_supplier`
  ADD PRIMARY KEY (`id`);

--
-- Index pour la table `languages`
--
ALTER TABLE `languages`
  ADD PRIMARY KEY (`id`);

--
-- Index pour la table `leave_types`
--
ALTER TABLE `leave_types`
  ADD PRIMARY KEY (`id`),
  ADD UNIQUE KEY `type` (`type`);

--
-- Index pour la table `lesson`
--
ALTER TABLE `lesson`
  ADD PRIMARY KEY (`id`),
  ADD KEY `session_id` (`session_id`),
  ADD KEY `subject_group_subject_id` (`subject_group_subject_id`),
  ADD KEY `subject_group_class_sections_id` (`subject_group_class_sections_id`);

--
-- Index pour la table `lesson_plan_forum`
--
ALTER TABLE `lesson_plan_forum`
  ADD PRIMARY KEY (`id`),
  ADD KEY `subject_syllabus_id` (`subject_syllabus_id`),
  ADD KEY `student_id` (`student_id`),
  ADD KEY `staff_id` (`staff_id`);

--
-- Index pour la table `libarary_members`
--
ALTER TABLE `libarary_members`
  ADD PRIMARY KEY (`id`);

--
-- Index pour la table `logs`
--
ALTER TABLE `logs`
  ADD PRIMARY KEY (`id`);

--
-- Index pour la table `mark_divisions`
--
ALTER TABLE `mark_divisions`
  ADD PRIMARY KEY (`id`);

--
-- Index pour la table `messages`
--
ALTER TABLE `messages`
  ADD PRIMARY KEY (`id`);

--
-- Index pour la table `notification_roles`
--
ALTER TABLE `notification_roles`
  ADD PRIMARY KEY (`id`),
  ADD KEY `send_notification_id` (`send_notification_id`),
  ADD KEY `role_id` (`role_id`);

--
-- Index pour la table `notification_setting`
--
ALTER TABLE `notification_setting`
  ADD PRIMARY KEY (`id`);

--
-- Index pour la table `offline_fees_payments`
--
ALTER TABLE `offline_fees_payments`
  ADD PRIMARY KEY (`id`),
  ADD KEY `student_fees_master_id` (`student_fees_master_id`),
  ADD KEY `fee_groups_feetype_id` (`fee_groups_feetype_id`),
  ADD KEY `student_transport_fee_id` (`student_transport_fee_id`),
  ADD KEY `offline_fees_payments_ibfk_4` (`approved_by`),
  ADD KEY `student_session_id` (`student_session_id`);

--
-- Index pour la table `onlineexam`
--
ALTER TABLE `onlineexam`
  ADD PRIMARY KEY (`id`),
  ADD KEY `session_id` (`session_id`);

--
-- Index pour la table `onlineexam_attempts`
--
ALTER TABLE `onlineexam_attempts`
  ADD PRIMARY KEY (`id`),
  ADD KEY `onlineexam_student_id` (`onlineexam_student_id`);

--
-- Index pour la table `onlineexam_questions`
--
ALTER TABLE `onlineexam_questions`
  ADD PRIMARY KEY (`id`),
  ADD KEY `onlineexam_id` (`onlineexam_id`),
  ADD KEY `question_id` (`question_id`),
  ADD KEY `session_id` (`session_id`);

--
-- Index pour la table `onlineexam_students`
--
ALTER TABLE `onlineexam_students`
  ADD PRIMARY KEY (`id`),
  ADD KEY `onlineexam_id` (`onlineexam_id`),
  ADD KEY `student_session_id` (`student_session_id`);

--
-- Index pour la table `onlineexam_student_results`
--
ALTER TABLE `onlineexam_student_results`
  ADD PRIMARY KEY (`id`),
  ADD KEY `onlineexam_student_id` (`onlineexam_student_id`),
  ADD KEY `onlineexam_question_id` (`onlineexam_question_id`);

--
-- Index pour la table `online_admissions`
--
ALTER TABLE `online_admissions`
  ADD PRIMARY KEY (`id`),
  ADD KEY `class_section_id` (`class_section_id`),
  ADD KEY `category_id` (`category_id`),
  ADD KEY `hostel_room_id` (`hostel_room_id`),
  ADD KEY `school_house_id` (`school_house_id`),
  ADD KEY `idx_reference_no` (`reference_no`),
  ADD KEY `idx_mobileno` (`mobileno`);

--
-- Index pour la table `online_admission_custom_field_value`
--
ALTER TABLE `online_admission_custom_field_value`
  ADD PRIMARY KEY (`id`),
  ADD KEY `custom_field_id` (`custom_field_id`),
  ADD KEY `idx_belong_table_id` (`belong_table_id`),
  ADD KEY `idx_field_value` (`field_value`(200));

--
-- Index pour la table `online_admission_fields`
--
ALTER TABLE `online_admission_fields`
  ADD PRIMARY KEY (`id`);

--
-- Index pour la table `online_admission_payment`
--
ALTER TABLE `online_admission_payment`
  ADD PRIMARY KEY (`id`),
  ADD KEY `online_admission_id` (`online_admission_id`);

--
-- Index pour la table `online_courses`
--
ALTER TABLE `online_courses`
  ADD PRIMARY KEY (`id`),
  ADD UNIQUE KEY `title` (`title`),
  ADD KEY `created_by` (`created_by`),
  ADD KEY `idx_category_id` (`category_id`);

--
-- Index pour la table `online_course_assignment`
--
ALTER TABLE `online_course_assignment`
  ADD PRIMARY KEY (`id`);

--
-- Index pour la table `online_course_assignment_evaluation`
--
ALTER TABLE `online_course_assignment_evaluation`
  ADD PRIMARY KEY (`id`),
  ADD KEY `online_course_assignment_evaluation_ibfk_1` (`assignment_id`);

--
-- Index pour la table `online_course_assignment_submit`
--
ALTER TABLE `online_course_assignment_submit`
  ADD PRIMARY KEY (`id`),
  ADD KEY `online_course_assignment_submit_ibfk_1` (`assignment_id`);

--
-- Index pour la table `online_course_certificate_template`
--
ALTER TABLE `online_course_certificate_template`
  ADD PRIMARY KEY (`id`);

--
-- Index pour la table `online_course_class_sections`
--
ALTER TABLE `online_course_class_sections`
  ADD PRIMARY KEY (`id`),
  ADD KEY `course_id` (`course_id`),
  ADD KEY `class_section_id` (`class_section_id`);

--
-- Index pour la table `online_course_exam`
--
ALTER TABLE `online_course_exam`
  ADD PRIMARY KEY (`id`),
  ADD KEY `online_course_exam_ibfk_1` (`course_id`);

--
-- Index pour la table `online_course_exam_attempts`
--
ALTER TABLE `online_course_exam_attempts`
  ADD PRIMARY KEY (`id`),
  ADD KEY `online_course_exam_attempts_ibfk_1` (`exam_id`);

--
-- Index pour la table `online_course_exam_marks`
--
ALTER TABLE `online_course_exam_marks`
  ADD PRIMARY KEY (`id`),
  ADD KEY `online_course_exam_marks_ibfk_1` (`online_course_exam_id`);

--
-- Index pour la table `online_course_exam_question`
--
ALTER TABLE `online_course_exam_question`
  ADD PRIMARY KEY (`id`),
  ADD KEY `online_course_exam_question_ibfk_1` (`question_tag`);

--
-- Index pour la table `online_course_exam_result`
--
ALTER TABLE `online_course_exam_result`
  ADD PRIMARY KEY (`id`),
  ADD KEY `online_course_exam_result_ibfk_1` (`question_id`);

--
-- Index pour la table `online_course_lesson`
--
ALTER TABLE `online_course_lesson`
  ADD PRIMARY KEY (`id`),
  ADD KEY `course_section_id` (`course_section_id`) USING BTREE;

--
-- Index pour la table `online_course_lesson_attachment`
--
ALTER TABLE `online_course_lesson_attachment`
  ADD PRIMARY KEY (`id`),
  ADD KEY `online_course_lesson_attachment_ibfk_1` (`lesson_id`);

--
-- Index pour la table `online_course_payment`
--
ALTER TABLE `online_course_payment`
  ADD PRIMARY KEY (`id`),
  ADD KEY `idx_online_courses_id` (`online_courses_id`);

--
-- Index pour la table `online_course_processing_payment`
--
ALTER TABLE `online_course_processing_payment`
  ADD PRIMARY KEY (`id`),
  ADD KEY `student_id` (`student_id`),
  ADD KEY `online_courses_id` (`online_courses_id`);

--
-- Index pour la table `online_course_quiz`
--
ALTER TABLE `online_course_quiz`
  ADD PRIMARY KEY (`id`),
  ADD KEY `created_by` (`created_by`),
  ADD KEY `course_section_id` (`course_section_id`) USING BTREE;

--
-- Index pour la table `online_course_section`
--
ALTER TABLE `online_course_section`
  ADD PRIMARY KEY (`id`),
  ADD KEY `online_course_id` (`online_course_id`);

--
-- Index pour la table `online_course_settings`
--
ALTER TABLE `online_course_settings`
  ADD PRIMARY KEY (`id`);

--
-- Index pour la table `online_course_start_date`
--
ALTER TABLE `online_course_start_date`
  ADD PRIMARY KEY (`id`);

--
-- Index pour la table `online_course_tag`
--
ALTER TABLE `online_course_tag`
  ADD PRIMARY KEY (`id`);

--
-- Index pour la table `payment_settings`
--
ALTER TABLE `payment_settings`
  ADD PRIMARY KEY (`id`);

--
-- Index pour la table `payslip_allowance`
--
ALTER TABLE `payslip_allowance`
  ADD PRIMARY KEY (`id`),
  ADD KEY `staff_id` (`staff_id`),
  ADD KEY `payslip_id` (`payslip_id`);

--
-- Index pour la table `permission_category`
--
ALTER TABLE `permission_category`
  ADD PRIMARY KEY (`id`),
  ADD KEY `idx_short_code` (`short_code`),
  ADD KEY `perm_group_id` (`perm_group_id`);

--
-- Index pour la table `permission_group`
--
ALTER TABLE `permission_group`
  ADD PRIMARY KEY (`id`);

--
-- Index pour la table `permission_student`
--
ALTER TABLE `permission_student`
  ADD PRIMARY KEY (`id`),
  ADD KEY `group_id` (`group_id`);

--
-- Index pour la table `pickup_point`
--
ALTER TABLE `pickup_point`
  ADD PRIMARY KEY (`id`);

--
-- Index pour la table `print_headerfooter`
--
ALTER TABLE `print_headerfooter`
  ADD PRIMARY KEY (`id`);

--
-- Index pour la table `QR_code_settings`
--
ALTER TABLE `QR_code_settings`
  ADD PRIMARY KEY (`id`);

--
-- Index pour la table `questions`
--
ALTER TABLE `questions`
  ADD PRIMARY KEY (`id`),
  ADD KEY `subject_id` (`subject_id`),
  ADD KEY `staff_id` (`staff_id`),
  ADD KEY `class_id` (`class_id`),
  ADD KEY `section_id` (`section_id`),
  ADD KEY `class_section_id` (`class_section_id`);

--
-- Index pour la table `read_notification`
--
ALTER TABLE `read_notification`
  ADD PRIMARY KEY (`id`),
  ADD KEY `notification_id` (`notification_id`),
  ADD KEY `staff_id` (`staff_id`),
  ADD KEY `student_id` (`student_id`);

--
-- Index pour la table `reference`
--
ALTER TABLE `reference`
  ADD PRIMARY KEY (`id`);

--
-- Index pour la table `resume_additional_fields_settings`
--
ALTER TABLE `resume_additional_fields_settings`
  ADD PRIMARY KEY (`id`);

--
-- Index pour la table `resume_settings_fields`
--
ALTER TABLE `resume_settings_fields`
  ADD PRIMARY KEY (`id`);

--
-- Index pour la table `roles`
--
ALTER TABLE `roles`
  ADD PRIMARY KEY (`id`);

--
-- Index pour la table `roles_permissions`
--
ALTER TABLE `roles_permissions`
  ADD PRIMARY KEY (`id`),
  ADD KEY `role_id` (`role_id`),
  ADD KEY `perm_cat_id` (`perm_cat_id`);

--
-- Index pour la table `room_types`
--
ALTER TABLE `room_types`
  ADD PRIMARY KEY (`id`);

--
-- Index pour la table `route_pickup_point`
--
ALTER TABLE `route_pickup_point`
  ADD PRIMARY KEY (`id`),
  ADD KEY `transport_route_id` (`transport_route_id`),
  ADD KEY `pickup_point_id` (`pickup_point_id`);

--
-- Index pour la table `school_houses`
--
ALTER TABLE `school_houses`
  ADD PRIMARY KEY (`id`);

--
-- Index pour la table `sch_settings`
--
ALTER TABLE `sch_settings`
  ADD PRIMARY KEY (`id`),
  ADD KEY `lang_id` (`lang_id`),
  ADD KEY `session_id` (`session_id`);

--
-- Index pour la table `sections`
--
ALTER TABLE `sections`
  ADD PRIMARY KEY (`id`);

--
-- Index pour la table `send_notification`
--
ALTER TABLE `send_notification`
  ADD PRIMARY KEY (`id`),
  ADD KEY `created_id` (`created_id`);

--
-- Index pour la table `sessions`
--
ALTER TABLE `sessions`
  ADD PRIMARY KEY (`id`);

--
-- Index pour la table `share_contents`
--
ALTER TABLE `share_contents`
  ADD PRIMARY KEY (`id`),
  ADD KEY `created_by` (`created_by`);

--
-- Index pour la table `share_content_for`
--
ALTER TABLE `share_content_for`
  ADD PRIMARY KEY (`id`),
  ADD KEY `upload_content_id` (`share_content_id`),
  ADD KEY `student_id` (`student_id`),
  ADD KEY `staff_id` (`staff_id`),
  ADD KEY `class_section_id` (`class_section_id`),
  ADD KEY `user_parent_id` (`user_parent_id`);

--
-- Index pour la table `share_upload_contents`
--
ALTER TABLE `share_upload_contents`
  ADD PRIMARY KEY (`id`),
  ADD KEY `upload_content_id` (`upload_content_id`),
  ADD KEY `share_content_id` (`share_content_id`);

--
-- Index pour la table `sidebar_menus`
--
ALTER TABLE `sidebar_menus`
  ADD PRIMARY KEY (`id`),
  ADD KEY `permission_group_id` (`permission_group_id`);

--
-- Index pour la table `sidebar_sub_menus`
--
ALTER TABLE `sidebar_sub_menus`
  ADD PRIMARY KEY (`id`),
  ADD KEY `sidebar_menu_id` (`sidebar_menu_id`),
  ADD KEY `permission_group_id` (`permission_group_id`);

--
-- Index pour la table `sms_config`
--
ALTER TABLE `sms_config`
  ADD PRIMARY KEY (`id`);

--
-- Index pour la table `sms_template`
--
ALTER TABLE `sms_template`
  ADD PRIMARY KEY (`id`);

--
-- Index pour la table `source`
--
ALTER TABLE `source`
  ADD PRIMARY KEY (`id`);

--
-- Index pour la table `staff`
--
ALTER TABLE `staff`
  ADD PRIMARY KEY (`id`),
  ADD UNIQUE KEY `employee_id` (`employee_id`),
  ADD KEY `designation` (`designation`),
  ADD KEY `department` (`department`);

--
-- Index pour la table `staff_attendance`
--
ALTER TABLE `staff_attendance`
  ADD PRIMARY KEY (`id`),
  ADD KEY `FK_staff_attendance_staff` (`staff_id`),
  ADD KEY `FK_staff_attendance_staff_attendance_type` (`staff_attendance_type_id`);

--
-- Index pour la table `staff_attendance_type`
--
ALTER TABLE `staff_attendance_type`
  ADD PRIMARY KEY (`id`);

--
-- Index pour la table `staff_attendence_schedules`
--
ALTER TABLE `staff_attendence_schedules`
  ADD PRIMARY KEY (`id`);

--
-- Index pour la table `staff_designation`
--
ALTER TABLE `staff_designation`
  ADD PRIMARY KEY (`id`);

--
-- Index pour la table `staff_id_card`
--
ALTER TABLE `staff_id_card`
  ADD PRIMARY KEY (`id`);

--
-- Index pour la table `staff_leave_details`
--
ALTER TABLE `staff_leave_details`
  ADD PRIMARY KEY (`id`),
  ADD KEY `FK_staff_leave_details_staff` (`staff_id`),
  ADD KEY `FK_staff_leave_details_leave_types` (`leave_type_id`);

--
-- Index pour la table `staff_leave_request`
--
ALTER TABLE `staff_leave_request`
  ADD PRIMARY KEY (`id`),
  ADD KEY `FK_staff_leave_request_staff` (`staff_id`),
  ADD KEY `FK_staff_leave_request_leave_types` (`leave_type_id`),
  ADD KEY `applied_by` (`applied_by`);

--
-- Index pour la table `staff_payroll`
--
ALTER TABLE `staff_payroll`
  ADD PRIMARY KEY (`id`);

--
-- Index pour la table `staff_payslip`
--
ALTER TABLE `staff_payslip`
  ADD PRIMARY KEY (`id`),
  ADD KEY `FK_staff_payslip_staff` (`staff_id`);

--
-- Index pour la table `staff_rating`
--
ALTER TABLE `staff_rating`
  ADD PRIMARY KEY (`id`),
  ADD KEY `FK_staff_rating_staff` (`staff_id`);

--
-- Index pour la table `staff_roles`
--
ALTER TABLE `staff_roles`
  ADD PRIMARY KEY (`id`),
  ADD KEY `role_id` (`role_id`),
  ADD KEY `staff_id` (`staff_id`);

--
-- Index pour la table `staff_timeline`
--
ALTER TABLE `staff_timeline`
  ADD PRIMARY KEY (`id`),
  ADD KEY `FK_staff_timeline_staff` (`staff_id`);

--
-- Index pour la table `students`
--
ALTER TABLE `students`
  ADD PRIMARY KEY (`id`),
  ADD KEY `idx_admission_no` (`admission_no`),
  ADD KEY `idx_roll_no` (`roll_no`),
  ADD KEY `idx_mobileno` (`mobileno`),
  ADD KEY `idx_email` (`email`),
  ADD KEY `idx_firstname` (`firstname`);

--
-- Index pour la table `student_applied_discounts`
--
ALTER TABLE `student_applied_discounts`
  ADD PRIMARY KEY (`id`),
  ADD KEY `student_fees_deposite_id` (`student_fees_deposite_id`),
  ADD KEY `student_fees_discount_id` (`student_fees_discount_id`);

--
-- Index pour la table `student_applyleave`
--
ALTER TABLE `student_applyleave`
  ADD PRIMARY KEY (`id`),
  ADD KEY `student_session_id` (`student_session_id`),
  ADD KEY `approve_by` (`approve_by`);

--
-- Index pour la table `student_attendences`
--
ALTER TABLE `student_attendences`
  ADD PRIMARY KEY (`id`),
  ADD KEY `student_session_id` (`student_session_id`),
  ADD KEY `attendence_type_id` (`attendence_type_id`);

--
-- Index pour la table `student_attendence_schedules`
--
ALTER TABLE `student_attendence_schedules`
  ADD PRIMARY KEY (`id`);

--
-- Index pour la table `student_behaviour`
--
ALTER TABLE `student_behaviour`
  ADD PRIMARY KEY (`id`),
  ADD KEY `idx_title` (`title`),
  ADD KEY `idx_description` (`description`(200));

--
-- Index pour la table `student_dashboard_settings`
--
ALTER TABLE `student_dashboard_settings`
  ADD PRIMARY KEY (`id`);

--
-- Index pour la table `student_doc`
--
ALTER TABLE `student_doc`
  ADD PRIMARY KEY (`id`),
  ADD KEY `idx_student_id` (`student_id`);

--
-- Index pour la table `student_edit_fields`
--
ALTER TABLE `student_edit_fields`
  ADD PRIMARY KEY (`id`);

--
-- Index pour la table `student_educational_details`
--
ALTER TABLE `student_educational_details`
  ADD PRIMARY KEY (`id`);

--
-- Index pour la table `student_fees`
--
ALTER TABLE `student_fees`
  ADD PRIMARY KEY (`id`),
  ADD KEY `feemaster_id` (`feemaster_id`),
  ADD KEY `student_session_id` (`student_session_id`);

--
-- Index pour la table `student_fees_deposite`
--
ALTER TABLE `student_fees_deposite`
  ADD PRIMARY KEY (`id`),
  ADD KEY `student_fees_master_id` (`student_fees_master_id`),
  ADD KEY `fee_groups_feetype_id` (`fee_groups_feetype_id`),
  ADD KEY `student_transport_fee_id` (`student_transport_fee_id`);

--
-- Index pour la table `student_fees_discounts`
--
ALTER TABLE `student_fees_discounts`
  ADD PRIMARY KEY (`id`),
  ADD KEY `student_session_id` (`student_session_id`),
  ADD KEY `fees_discount_id` (`fees_discount_id`);

--
-- Index pour la table `student_fees_master`
--
ALTER TABLE `student_fees_master`
  ADD PRIMARY KEY (`id`),
  ADD KEY `student_session_id` (`student_session_id`),
  ADD KEY `fee_session_group_id` (`fee_session_group_id`);

--
-- Index pour la table `student_fees_processing`
--
ALTER TABLE `student_fees_processing`
  ADD PRIMARY KEY (`id`),
  ADD KEY `student_fees_master_id` (`student_fees_master_id`),
  ADD KEY `fee_groups_feetype_id` (`fee_groups_feetype_id`),
  ADD KEY `student_transport_fee_id` (`student_transport_fee_id`),
  ADD KEY `gateway_ins_id` (`gateway_ins_id`);

--
-- Index pour la table `student_incidents`
--
ALTER TABLE `student_incidents`
  ADD PRIMARY KEY (`id`),
  ADD KEY `student_incidents_ibfk_1` (`student_id`),
  ADD KEY `student_incidents_ibfk_2` (`incident_id`);

--
-- Index pour la table `student_incident_comments`
--
ALTER TABLE `student_incident_comments`
  ADD PRIMARY KEY (`id`),
  ADD KEY `student_incident_comments_ibfk_1` (`student_incident_id`);

--
-- Index pour la table `student_quiz_status`
--
ALTER TABLE `student_quiz_status`
  ADD PRIMARY KEY (`id`),
  ADD KEY `student_id` (`student_id`),
  ADD KEY `course_quiz_id` (`course_quiz_id`) USING BTREE;

--
-- Index pour la table `student_refrence`
--
ALTER TABLE `student_refrence`
  ADD PRIMARY KEY (`id`);

--
-- Index pour la table `student_session`
--
ALTER TABLE `student_session`
  ADD PRIMARY KEY (`id`),
  ADD KEY `session_id` (`session_id`),
  ADD KEY `student_id` (`student_id`),
  ADD KEY `class_id` (`class_id`),
  ADD KEY `section_id` (`section_id`),
  ADD KEY `student_session_ibfk_5` (`vehroute_id`),
  ADD KEY `hostel_room_id` (`hostel_room_id`),
  ADD KEY `student_session_ibfk_6` (`route_pickup_point_id`);

--
-- Index pour la table `student_skills_detail`
--
ALTER TABLE `student_skills_detail`
  ADD PRIMARY KEY (`id`);

--
-- Index pour la table `student_subject_attendances`
--
ALTER TABLE `student_subject_attendances`
  ADD PRIMARY KEY (`id`),
  ADD KEY `attendence_type_id` (`attendence_type_id`),
  ADD KEY `student_session_id` (`student_session_id`),
  ADD KEY `subject_timetable_id` (`subject_timetable_id`);

--
-- Index pour la table `student_timeline`
--
ALTER TABLE `student_timeline`
  ADD PRIMARY KEY (`id`),
  ADD KEY `student_id` (`student_id`);

--
-- Index pour la table `student_transport_fees`
--
ALTER TABLE `student_transport_fees`
  ADD PRIMARY KEY (`id`),
  ADD KEY `student_session_id` (`student_session_id`),
  ADD KEY `route_pickup_point_id` (`route_pickup_point_id`),
  ADD KEY `transport_feemaster_id` (`transport_feemaster_id`);

--
-- Index pour la table `student_work_experience`
--
ALTER TABLE `student_work_experience`
  ADD PRIMARY KEY (`id`);

--
-- Index pour la table `subjects`
--
ALTER TABLE `subjects`
  ADD PRIMARY KEY (`id`),
  ADD KEY `idx_name` (`name`),
  ADD KEY `idx_code` (`code`);

--
-- Index pour la table `subject_groups`
--
ALTER TABLE `subject_groups`
  ADD PRIMARY KEY (`id`),
  ADD KEY `session_id` (`session_id`);

--
-- Index pour la table `subject_group_class_sections`
--
ALTER TABLE `subject_group_class_sections`
  ADD PRIMARY KEY (`id`),
  ADD KEY `class_section_id` (`class_section_id`),
  ADD KEY `subject_group_id` (`subject_group_id`),
  ADD KEY `session_id` (`session_id`);

--
-- Index pour la table `subject_group_subjects`
--
ALTER TABLE `subject_group_subjects`
  ADD PRIMARY KEY (`id`),
  ADD KEY `subject_group_id` (`subject_group_id`),
  ADD KEY `session_id` (`session_id`),
  ADD KEY `subject_id` (`subject_id`);

--
-- Index pour la table `subject_syllabus`
--
ALTER TABLE `subject_syllabus`
  ADD PRIMARY KEY (`id`),
  ADD KEY `topic_id` (`topic_id`),
  ADD KEY `session_id` (`session_id`),
  ADD KEY `created_by` (`created_by`),
  ADD KEY `created_for` (`created_for`);

--
-- Index pour la table `subject_timetable`
--
ALTER TABLE `subject_timetable`
  ADD PRIMARY KEY (`id`),
  ADD KEY `class_id` (`class_id`),
  ADD KEY `section_id` (`section_id`),
  ADD KEY `subject_group_id` (`subject_group_id`),
  ADD KEY `subject_group_subject_id` (`subject_group_subject_id`),
  ADD KEY `staff_id` (`staff_id`),
  ADD KEY `session_id` (`session_id`);

--
-- Index pour la table `submit_assignment`
--
ALTER TABLE `submit_assignment`
  ADD PRIMARY KEY (`id`),
  ADD KEY `student_id` (`student_id`),
  ADD KEY `homework_id` (`homework_id`);

--
-- Index pour la table `template_admitcards`
--
ALTER TABLE `template_admitcards`
  ADD PRIMARY KEY (`id`);

--
-- Index pour la table `template_marksheets`
--
ALTER TABLE `template_marksheets`
  ADD PRIMARY KEY (`id`);

--
-- Index pour la table `thermal_print_settings`
--
ALTER TABLE `thermal_print_settings`
  ADD PRIMARY KEY (`id`);

--
-- Index pour la table `topic`
--
ALTER TABLE `topic`
  ADD PRIMARY KEY (`id`),
  ADD KEY `session_id` (`session_id`),
  ADD KEY `lesson_id` (`lesson_id`);

--
-- Index pour la table `transfer_certificate_fields`
--
ALTER TABLE `transfer_certificate_fields`
  ADD PRIMARY KEY (`id`);

--
-- Index pour la table `transfer_certificate_no`
--
ALTER TABLE `transfer_certificate_no`
  ADD PRIMARY KEY (`id`);

--
-- Index pour la table `transfer_certificate_settings`
--
ALTER TABLE `transfer_certificate_settings`
  ADD PRIMARY KEY (`id`);

--
-- Index pour la table `transport_feemaster`
--
ALTER TABLE `transport_feemaster`
  ADD PRIMARY KEY (`id`),
  ADD KEY `session_id` (`session_id`);

--
-- Index pour la table `transport_route`
--
ALTER TABLE `transport_route`
  ADD PRIMARY KEY (`id`);

--
-- Index pour la table `upload_contents`
--
ALTER TABLE `upload_contents`
  ADD PRIMARY KEY (`id`),
  ADD KEY `upload_by` (`upload_by`),
  ADD KEY `upload_contents_ibfk_2` (`content_type_id`),
  ADD KEY `idx_file_type` (`file_type`);

--
-- Index pour la table `userlog`
--
ALTER TABLE `userlog`
  ADD PRIMARY KEY (`id`),
  ADD KEY `class_section_id` (`class_section_id`);

--
-- Index pour la table `users`
--
ALTER TABLE `users`
  ADD PRIMARY KEY (`id`);

--
-- Index pour la table `users_authentication`
--
ALTER TABLE `users_authentication`
  ADD PRIMARY KEY (`id`);

--
-- Index pour la table `user_google_authenticate_codes`
--
ALTER TABLE `user_google_authenticate_codes`
  ADD PRIMARY KEY (`id`),
  ADD KEY `user_id` (`user_id`),
  ADD KEY `staff_id` (`staff_id`);

--
-- Index pour la table `vehicles`
--
ALTER TABLE `vehicles`
  ADD PRIMARY KEY (`id`),
  ADD KEY `idx_vehicle_no` (`vehicle_no`);

--
-- Index pour la table `vehicle_routes`
--
ALTER TABLE `vehicle_routes`
  ADD PRIMARY KEY (`id`),
  ADD KEY `route_id` (`route_id`),
  ADD KEY `vehicle_id` (`vehicle_id`);

--
-- Index pour la table `video_tutorial`
--
ALTER TABLE `video_tutorial`
  ADD PRIMARY KEY (`id`),
  ADD KEY `created_by` (`created_by`),
  ADD KEY `idx_title` (`title`);

--
-- Index pour la table `video_tutorial_class_sections`
--
ALTER TABLE `video_tutorial_class_sections`
  ADD PRIMARY KEY (`id`),
  ADD KEY `class_section_id` (`class_section_id`),
  ADD KEY `video_tutorial_id` (`video_tutorial_id`);

--
-- Index pour la table `visitors_book`
--
ALTER TABLE `visitors_book`
  ADD PRIMARY KEY (`id`),
  ADD KEY `staff_id` (`staff_id`),
  ADD KEY `student_session_id` (`student_session_id`);

--
-- Index pour la table `visitors_purpose`
--
ALTER TABLE `visitors_purpose`
  ADD PRIMARY KEY (`id`);

--
-- Index pour la table `whatsapp_config`
--
ALTER TABLE `whatsapp_config`
  ADD PRIMARY KEY (`id`);

--
-- Index pour la table `zoom_settings`
--
ALTER TABLE `zoom_settings`
  ADD PRIMARY KEY (`id`);

--
-- AUTO_INCREMENT pour les tables déchargées
--

--
-- AUTO_INCREMENT pour la table `addons`
--
ALTER TABLE `addons`
  MODIFY `id` int(11) NOT NULL AUTO_INCREMENT, AUTO_INCREMENT=12;

--
-- AUTO_INCREMENT pour la table `addon_versions`
--
ALTER TABLE `addon_versions`
  MODIFY `id` int(11) NOT NULL AUTO_INCREMENT;

--
-- AUTO_INCREMENT pour la table `alumni_events`
--
ALTER TABLE `alumni_events`
  MODIFY `id` int(11) NOT NULL AUTO_INCREMENT;

--
-- AUTO_INCREMENT pour la table `alumni_students`
--
ALTER TABLE `alumni_students`
  MODIFY `id` int(11) NOT NULL AUTO_INCREMENT;

--
-- AUTO_INCREMENT pour la table `annual_calendar`
--
ALTER TABLE `annual_calendar`
  MODIFY `id` int(11) NOT NULL AUTO_INCREMENT;

--
-- AUTO_INCREMENT pour la table `api_session`
--
ALTER TABLE `api_session`
  MODIFY `id` int(11) NOT NULL AUTO_INCREMENT;

--
-- AUTO_INCREMENT pour la table `attendence_type`
--
ALTER TABLE `attendence_type`
  MODIFY `id` int(11) NOT NULL AUTO_INCREMENT, AUTO_INCREMENT=7;

--
-- AUTO_INCREMENT pour la table `aws_s3_settings`
--
ALTER TABLE `aws_s3_settings`
  MODIFY `id` int(11) NOT NULL AUTO_INCREMENT;

--
-- AUTO_INCREMENT pour la table `behaviour_settings`
--
ALTER TABLE `behaviour_settings`
  MODIFY `id` int(11) NOT NULL AUTO_INCREMENT, AUTO_INCREMENT=2;

--
-- AUTO_INCREMENT pour la table `books`
--
ALTER TABLE `books`
  MODIFY `id` int(11) NOT NULL AUTO_INCREMENT;

--
-- AUTO_INCREMENT pour la table `book_issues`
--
ALTER TABLE `book_issues`
  MODIFY `id` int(11) NOT NULL AUTO_INCREMENT;

--
-- AUTO_INCREMENT pour la table `captcha`
--
ALTER TABLE `captcha`
  MODIFY `id` int(11) NOT NULL AUTO_INCREMENT, AUTO_INCREMENT=7;

--
-- AUTO_INCREMENT pour la table `categories`
--
ALTER TABLE `categories`
  MODIFY `id` int(11) NOT NULL AUTO_INCREMENT, AUTO_INCREMENT=4;

--
-- AUTO_INCREMENT pour la table `cbse_category`
--
ALTER TABLE `cbse_category`
  MODIFY `id` int(11) NOT NULL AUTO_INCREMENT;

--
-- AUTO_INCREMENT pour la table `cbse_exams`
--
ALTER TABLE `cbse_exams`
  MODIFY `id` int(11) NOT NULL AUTO_INCREMENT;

--
-- AUTO_INCREMENT pour la table `cbse_exam_assessments`
--
ALTER TABLE `cbse_exam_assessments`
  MODIFY `id` int(11) NOT NULL AUTO_INCREMENT;

--
-- AUTO_INCREMENT pour la table `cbse_exam_assessment_types`
--
ALTER TABLE `cbse_exam_assessment_types`
  MODIFY `id` int(11) NOT NULL AUTO_INCREMENT;

--
-- AUTO_INCREMENT pour la table `cbse_exam_class_sections`
--
ALTER TABLE `cbse_exam_class_sections`
  MODIFY `id` int(11) NOT NULL AUTO_INCREMENT;

--
-- AUTO_INCREMENT pour la table `cbse_exam_grades`
--
ALTER TABLE `cbse_exam_grades`
  MODIFY `id` int(11) NOT NULL AUTO_INCREMENT;

--
-- AUTO_INCREMENT pour la table `cbse_exam_grades_range`
--
ALTER TABLE `cbse_exam_grades_range`
  MODIFY `id` int(11) NOT NULL AUTO_INCREMENT;

--
-- AUTO_INCREMENT pour la table `cbse_exam_observations`
--
ALTER TABLE `cbse_exam_observations`
  MODIFY `id` int(11) NOT NULL AUTO_INCREMENT;

--
-- AUTO_INCREMENT pour la table `cbse_exam_students`
--
ALTER TABLE `cbse_exam_students`
  MODIFY `id` int(11) NOT NULL AUTO_INCREMENT;

--
-- AUTO_INCREMENT pour la table `cbse_exam_student_subject_rank`
--
ALTER TABLE `cbse_exam_student_subject_rank`
  MODIFY `id` int(11) NOT NULL AUTO_INCREMENT;

--
-- AUTO_INCREMENT pour la table `cbse_exam_timetable`
--
ALTER TABLE `cbse_exam_timetable`
  MODIFY `id` int(11) NOT NULL AUTO_INCREMENT;

--
-- AUTO_INCREMENT pour la table `cbse_exam_timetable_assessment_types`
--
ALTER TABLE `cbse_exam_timetable_assessment_types`
  MODIFY `id` int(11) NOT NULL AUTO_INCREMENT;

--
-- AUTO_INCREMENT pour la table `cbse_marksheet_type`
--
ALTER TABLE `cbse_marksheet_type`
  MODIFY `id` int(11) NOT NULL AUTO_INCREMENT, AUTO_INCREMENT=5;

--
-- AUTO_INCREMENT pour la table `cbse_observation_class_section`
--
ALTER TABLE `cbse_observation_class_section`
  MODIFY `id` int(11) NOT NULL AUTO_INCREMENT;

--
-- AUTO_INCREMENT pour la table `cbse_observation_parameters`
--
ALTER TABLE `cbse_observation_parameters`
  MODIFY `id` int(11) NOT NULL AUTO_INCREMENT;

--
-- AUTO_INCREMENT pour la table `cbse_observation_subparameter`
--
ALTER TABLE `cbse_observation_subparameter`
  MODIFY `id` int(11) NOT NULL AUTO_INCREMENT;

--
-- AUTO_INCREMENT pour la table `cbse_observation_terms`
--
ALTER TABLE `cbse_observation_terms`
  MODIFY `id` int(11) NOT NULL AUTO_INCREMENT;

--
-- AUTO_INCREMENT pour la table `cbse_observation_term_student_subparameter`
--
ALTER TABLE `cbse_observation_term_student_subparameter`
  MODIFY `id` int(11) NOT NULL AUTO_INCREMENT;

--
-- AUTO_INCREMENT pour la table `cbse_student_exam_ranks`
--
ALTER TABLE `cbse_student_exam_ranks`
  MODIFY `id` int(11) NOT NULL AUTO_INCREMENT;

--
-- AUTO_INCREMENT pour la table `cbse_student_subject_marks`
--
ALTER TABLE `cbse_student_subject_marks`
  MODIFY `id` int(11) NOT NULL AUTO_INCREMENT;

--
-- AUTO_INCREMENT pour la table `cbse_student_subject_result`
--
ALTER TABLE `cbse_student_subject_result`
  MODIFY `id` int(11) NOT NULL AUTO_INCREMENT;

--
-- AUTO_INCREMENT pour la table `cbse_student_template_rank`
--
ALTER TABLE `cbse_student_template_rank`
  MODIFY `id` int(11) NOT NULL AUTO_INCREMENT;

--
-- AUTO_INCREMENT pour la table `cbse_template`
--
ALTER TABLE `cbse_template`
  MODIFY `id` int(11) NOT NULL AUTO_INCREMENT;

--
-- AUTO_INCREMENT pour la table `cbse_template_admitcards`
--
ALTER TABLE `cbse_template_admitcards`
  MODIFY `id` int(11) NOT NULL AUTO_INCREMENT;

--
-- AUTO_INCREMENT pour la table `cbse_template_class_sections`
--
ALTER TABLE `cbse_template_class_sections`
  MODIFY `id` int(11) NOT NULL AUTO_INCREMENT;

--
-- AUTO_INCREMENT pour la table `cbse_template_terms`
--
ALTER TABLE `cbse_template_terms`
  MODIFY `id` int(11) NOT NULL AUTO_INCREMENT;

--
-- AUTO_INCREMENT pour la table `cbse_template_term_exams`
--
ALTER TABLE `cbse_template_term_exams`
  MODIFY `id` int(11) NOT NULL AUTO_INCREMENT;

--
-- AUTO_INCREMENT pour la table `cbse_terms`
--
ALTER TABLE `cbse_terms`
  MODIFY `id` int(11) NOT NULL AUTO_INCREMENT;

--
-- AUTO_INCREMENT pour la table `certificates`
--
ALTER TABLE `certificates`
  MODIFY `id` int(11) NOT NULL AUTO_INCREMENT, AUTO_INCREMENT=2;

--
-- AUTO_INCREMENT pour la table `chat_connections`
--
ALTER TABLE `chat_connections`
  MODIFY `id` int(11) NOT NULL AUTO_INCREMENT;

--
-- AUTO_INCREMENT pour la table `chat_messages`
--
ALTER TABLE `chat_messages`
  MODIFY `id` int(11) NOT NULL AUTO_INCREMENT;

--
-- AUTO_INCREMENT pour la table `chat_users`
--
ALTER TABLE `chat_users`
  MODIFY `id` int(11) NOT NULL AUTO_INCREMENT, AUTO_INCREMENT=176;

--
-- AUTO_INCREMENT pour la table `classes`
--
ALTER TABLE `classes`
  MODIFY `id` int(11) NOT NULL AUTO_INCREMENT, AUTO_INCREMENT=33;

--
-- AUTO_INCREMENT pour la table `class_sections`
--
ALTER TABLE `class_sections`
  MODIFY `id` int(11) NOT NULL AUTO_INCREMENT, AUTO_INCREMENT=45;

--
-- AUTO_INCREMENT pour la table `class_section_times`
--
ALTER TABLE `class_section_times`
  MODIFY `id` int(11) NOT NULL AUTO_INCREMENT, AUTO_INCREMENT=30;

--
-- AUTO_INCREMENT pour la table `class_teacher`
--
ALTER TABLE `class_teacher`
  MODIFY `id` int(11) NOT NULL AUTO_INCREMENT;

--
-- AUTO_INCREMENT pour la table `complaint`
--
ALTER TABLE `complaint`
  MODIFY `id` int(11) NOT NULL AUTO_INCREMENT;

--
-- AUTO_INCREMENT pour la table `complaint_type`
--
ALTER TABLE `complaint_type`
  MODIFY `id` int(11) NOT NULL AUTO_INCREMENT;

--
-- AUTO_INCREMENT pour la table `conferences`
--
ALTER TABLE `conferences`
  MODIFY `id` int(11) NOT NULL AUTO_INCREMENT;

--
-- AUTO_INCREMENT pour la table `conferences_history`
--
ALTER TABLE `conferences_history`
  MODIFY `id` int(11) NOT NULL AUTO_INCREMENT;

--
-- AUTO_INCREMENT pour la table `conference_sections`
--
ALTER TABLE `conference_sections`
  MODIFY `id` int(11) NOT NULL AUTO_INCREMENT;

--
-- AUTO_INCREMENT pour la table `conference_staff`
--
ALTER TABLE `conference_staff`
  MODIFY `id` int(11) NOT NULL AUTO_INCREMENT;

--
-- AUTO_INCREMENT pour la table `contents`
--
ALTER TABLE `contents`
  MODIFY `id` int(11) NOT NULL AUTO_INCREMENT;

--
-- AUTO_INCREMENT pour la table `content_for`
--
ALTER TABLE `content_for`
  MODIFY `id` int(11) NOT NULL AUTO_INCREMENT;

--
-- AUTO_INCREMENT pour la table `content_types`
--
ALTER TABLE `content_types`
  MODIFY `id` int(11) NOT NULL AUTO_INCREMENT;

--
-- AUTO_INCREMENT pour la table `course_category`
--
ALTER TABLE `course_category`
  MODIFY `id` int(11) NOT NULL AUTO_INCREMENT;

--
-- AUTO_INCREMENT pour la table `course_lesson_quiz_order`
--
ALTER TABLE `course_lesson_quiz_order`
  MODIFY `id` int(11) NOT NULL AUTO_INCREMENT;

--
-- AUTO_INCREMENT pour la table `course_progress`
--
ALTER TABLE `course_progress`
  MODIFY `id` int(11) NOT NULL AUTO_INCREMENT;

--
-- AUTO_INCREMENT pour la table `course_quiz_answer`
--
ALTER TABLE `course_quiz_answer`
  MODIFY `id` int(11) NOT NULL AUTO_INCREMENT;

--
-- AUTO_INCREMENT pour la table `course_quiz_question`
--
ALTER TABLE `course_quiz_question`
  MODIFY `id` int(11) NOT NULL AUTO_INCREMENT;

--
-- AUTO_INCREMENT pour la table `course_rating`
--
ALTER TABLE `course_rating`
  MODIFY `id` int(11) NOT NULL AUTO_INCREMENT;

--
-- AUTO_INCREMENT pour la table `cumulative_fine`
--
ALTER TABLE `cumulative_fine`
  MODIFY `id` int(11) NOT NULL AUTO_INCREMENT;

--
-- AUTO_INCREMENT pour la table `currencies`
--
ALTER TABLE `currencies`
  MODIFY `id` int(11) NOT NULL AUTO_INCREMENT, AUTO_INCREMENT=180;

--
-- AUTO_INCREMENT pour la table `custom_fields`
--
ALTER TABLE `custom_fields`
  MODIFY `id` int(11) NOT NULL AUTO_INCREMENT;

--
-- AUTO_INCREMENT pour la table `custom_field_values`
--
ALTER TABLE `custom_field_values`
  MODIFY `id` int(11) NOT NULL AUTO_INCREMENT;

--
-- AUTO_INCREMENT pour la table `daily_assignment`
--
ALTER TABLE `daily_assignment`
  MODIFY `id` int(11) NOT NULL AUTO_INCREMENT;

--
-- AUTO_INCREMENT pour la table `department`
--
ALTER TABLE `department`
  MODIFY `id` int(11) NOT NULL AUTO_INCREMENT;

--
-- AUTO_INCREMENT pour la table `disable_reason`
--
ALTER TABLE `disable_reason`
  MODIFY `id` int(11) NOT NULL AUTO_INCREMENT, AUTO_INCREMENT=4;

--
-- AUTO_INCREMENT pour la table `dispatch_receive`
--
ALTER TABLE `dispatch_receive`
  MODIFY `id` int(11) NOT NULL AUTO_INCREMENT;

--
-- AUTO_INCREMENT pour la table `email_attachments`
--
ALTER TABLE `email_attachments`
  MODIFY `id` int(11) NOT NULL AUTO_INCREMENT;

--
-- AUTO_INCREMENT pour la table `email_config`
--
ALTER TABLE `email_config`
  MODIFY `id` int(10) UNSIGNED NOT NULL AUTO_INCREMENT, AUTO_INCREMENT=2;

--
-- AUTO_INCREMENT pour la table `email_template`
--
ALTER TABLE `email_template`
  MODIFY `id` int(11) NOT NULL AUTO_INCREMENT;

--
-- AUTO_INCREMENT pour la table `email_template_attachment`
--
ALTER TABLE `email_template_attachment`
  MODIFY `id` int(11) NOT NULL AUTO_INCREMENT;

--
-- AUTO_INCREMENT pour la table `enquiry`
--
ALTER TABLE `enquiry`
  MODIFY `id` int(11) NOT NULL AUTO_INCREMENT;

--
-- AUTO_INCREMENT pour la table `enquiry_type`
--
ALTER TABLE `enquiry_type`
  MODIFY `id` int(11) NOT NULL AUTO_INCREMENT;

--
-- AUTO_INCREMENT pour la table `events`
--
ALTER TABLE `events`
  MODIFY `id` int(11) NOT NULL AUTO_INCREMENT;

--
-- AUTO_INCREMENT pour la table `exams`
--
ALTER TABLE `exams`
  MODIFY `id` int(11) NOT NULL AUTO_INCREMENT;

--
-- AUTO_INCREMENT pour la table `exam_groups`
--
ALTER TABLE `exam_groups`
  MODIFY `id` int(11) NOT NULL AUTO_INCREMENT;

--
-- AUTO_INCREMENT pour la table `exam_group_class_batch_exams`
--
ALTER TABLE `exam_group_class_batch_exams`
  MODIFY `id` int(11) NOT NULL AUTO_INCREMENT;

--
-- AUTO_INCREMENT pour la table `exam_group_class_batch_exam_students`
--
ALTER TABLE `exam_group_class_batch_exam_students`
  MODIFY `id` int(11) NOT NULL AUTO_INCREMENT;

--
-- AUTO_INCREMENT pour la table `exam_group_class_batch_exam_subjects`
--
ALTER TABLE `exam_group_class_batch_exam_subjects`
  MODIFY `id` int(11) NOT NULL AUTO_INCREMENT;

--
-- AUTO_INCREMENT pour la table `exam_group_exam_connections`
--
ALTER TABLE `exam_group_exam_connections`
  MODIFY `id` int(11) NOT NULL AUTO_INCREMENT;

--
-- AUTO_INCREMENT pour la table `exam_group_exam_results`
--
ALTER TABLE `exam_group_exam_results`
  MODIFY `id` int(11) NOT NULL AUTO_INCREMENT;

--
-- AUTO_INCREMENT pour la table `exam_group_students`
--
ALTER TABLE `exam_group_students`
  MODIFY `id` int(11) NOT NULL AUTO_INCREMENT;

--
-- AUTO_INCREMENT pour la table `exam_schedules`
--
ALTER TABLE `exam_schedules`
  MODIFY `id` int(11) NOT NULL AUTO_INCREMENT;

--
-- AUTO_INCREMENT pour la table `expenses`
--
ALTER TABLE `expenses`
  MODIFY `id` int(11) NOT NULL AUTO_INCREMENT;

--
-- AUTO_INCREMENT pour la table `expense_head`
--
ALTER TABLE `expense_head`
  MODIFY `id` int(11) NOT NULL AUTO_INCREMENT;

--
-- AUTO_INCREMENT pour la table `feemasters`
--
ALTER TABLE `feemasters`
  MODIFY `id` int(11) NOT NULL AUTO_INCREMENT;

--
-- AUTO_INCREMENT pour la table `fees_discounts`
--
ALTER TABLE `fees_discounts`
  MODIFY `id` int(11) NOT NULL AUTO_INCREMENT, AUTO_INCREMENT=4;

--
-- AUTO_INCREMENT pour la table `fees_reminder`
--
ALTER TABLE `fees_reminder`
  MODIFY `id` int(11) NOT NULL AUTO_INCREMENT, AUTO_INCREMENT=5;

--
-- AUTO_INCREMENT pour la table `feetype`
--
ALTER TABLE `feetype`
  MODIFY `id` int(11) NOT NULL AUTO_INCREMENT, AUTO_INCREMENT=16;

--
-- AUTO_INCREMENT pour la table `fee_groups`
--
ALTER TABLE `fee_groups`
  MODIFY `id` int(11) NOT NULL AUTO_INCREMENT, AUTO_INCREMENT=8;

--
-- AUTO_INCREMENT pour la table `fee_groups_feetype`
--
ALTER TABLE `fee_groups_feetype`
  MODIFY `id` int(11) NOT NULL AUTO_INCREMENT, AUTO_INCREMENT=47;

--
-- AUTO_INCREMENT pour la table `fee_receipt_no`
--
ALTER TABLE `fee_receipt_no`
  MODIFY `id` int(11) NOT NULL AUTO_INCREMENT;

--
-- AUTO_INCREMENT pour la table `fee_session_groups`
--
ALTER TABLE `fee_session_groups`
  MODIFY `id` int(11) NOT NULL AUTO_INCREMENT, AUTO_INCREMENT=8;

--
-- AUTO_INCREMENT pour la table `filetypes`
--
ALTER TABLE `filetypes`
  MODIFY `id` int(11) NOT NULL AUTO_INCREMENT, AUTO_INCREMENT=2;

--
-- AUTO_INCREMENT pour la table `follow_up`
--
ALTER TABLE `follow_up`
  MODIFY `id` int(11) NOT NULL AUTO_INCREMENT;

--
-- AUTO_INCREMENT pour la table `front_cms_media_gallery`
--
ALTER TABLE `front_cms_media_gallery`
  MODIFY `id` int(11) NOT NULL AUTO_INCREMENT;

--
-- AUTO_INCREMENT pour la table `front_cms_menus`
--
ALTER TABLE `front_cms_menus`
  MODIFY `id` int(11) NOT NULL AUTO_INCREMENT, AUTO_INCREMENT=3;

--
-- AUTO_INCREMENT pour la table `front_cms_menu_items`
--
ALTER TABLE `front_cms_menu_items`
  MODIFY `id` int(11) NOT NULL AUTO_INCREMENT, AUTO_INCREMENT=5;

--
-- AUTO_INCREMENT pour la table `front_cms_pages`
--
ALTER TABLE `front_cms_pages`
  MODIFY `id` int(11) NOT NULL AUTO_INCREMENT, AUTO_INCREMENT=5;

--
-- AUTO_INCREMENT pour la table `front_cms_page_contents`
--
ALTER TABLE `front_cms_page_contents`
  MODIFY `id` int(11) NOT NULL AUTO_INCREMENT;

--
-- AUTO_INCREMENT pour la table `front_cms_programs`
--
ALTER TABLE `front_cms_programs`
  MODIFY `id` int(11) NOT NULL AUTO_INCREMENT;

--
-- AUTO_INCREMENT pour la table `front_cms_program_photos`
--
ALTER TABLE `front_cms_program_photos`
  MODIFY `id` int(11) NOT NULL AUTO_INCREMENT;

--
-- AUTO_INCREMENT pour la table `front_cms_settings`
--
ALTER TABLE `front_cms_settings`
  MODIFY `id` int(11) NOT NULL AUTO_INCREMENT, AUTO_INCREMENT=2;

--
-- AUTO_INCREMENT pour la table `gateway_ins`
--
ALTER TABLE `gateway_ins`
  MODIFY `id` int(11) NOT NULL AUTO_INCREMENT;

--
-- AUTO_INCREMENT pour la table `gateway_ins_response`
--
ALTER TABLE `gateway_ins_response`
  MODIFY `id` int(11) NOT NULL AUTO_INCREMENT;

--
-- AUTO_INCREMENT pour la table `general_calls`
--
ALTER TABLE `general_calls`
  MODIFY `id` int(11) NOT NULL AUTO_INCREMENT;

--
-- AUTO_INCREMENT pour la table `gmeet`
--
ALTER TABLE `gmeet`
  MODIFY `id` int(11) NOT NULL AUTO_INCREMENT;

--
-- AUTO_INCREMENT pour la table `gmeet_history`
--
ALTER TABLE `gmeet_history`
  MODIFY `id` int(11) NOT NULL AUTO_INCREMENT;

--
-- AUTO_INCREMENT pour la table `gmeet_sections`
--
ALTER TABLE `gmeet_sections`
  MODIFY `id` int(11) NOT NULL AUTO_INCREMENT;

--
-- AUTO_INCREMENT pour la table `gmeet_settings`
--
ALTER TABLE `gmeet_settings`
  MODIFY `id` int(11) NOT NULL AUTO_INCREMENT, AUTO_INCREMENT=2;

--
-- AUTO_INCREMENT pour la table `gmeet_staff`
--
ALTER TABLE `gmeet_staff`
  MODIFY `id` int(11) NOT NULL AUTO_INCREMENT;

--
-- AUTO_INCREMENT pour la table `google_authenticator`
--
ALTER TABLE `google_authenticator`
  MODIFY `id` int(11) NOT NULL AUTO_INCREMENT;

--
-- AUTO_INCREMENT pour la table `google_drive_setting`
--
ALTER TABLE `google_drive_setting`
  MODIFY `id` int(11) NOT NULL AUTO_INCREMENT, AUTO_INCREMENT=2;

--
-- AUTO_INCREMENT pour la table `grades`
--
ALTER TABLE `grades`
  MODIFY `id` int(11) NOT NULL AUTO_INCREMENT;

--
-- AUTO_INCREMENT pour la table `guest`
--
ALTER TABLE `guest`
  MODIFY `id` int(11) NOT NULL AUTO_INCREMENT;

--
-- AUTO_INCREMENT pour la table `holiday_type`
--
ALTER TABLE `holiday_type`
  MODIFY `id` int(11) NOT NULL AUTO_INCREMENT, AUTO_INCREMENT=4;

--
-- AUTO_INCREMENT pour la table `homework`
--
ALTER TABLE `homework`
  MODIFY `id` int(11) NOT NULL AUTO_INCREMENT;

--
-- AUTO_INCREMENT pour la table `homework_evaluation`
--
ALTER TABLE `homework_evaluation`
  MODIFY `id` int(11) NOT NULL AUTO_INCREMENT;

--
-- AUTO_INCREMENT pour la table `hostel`
--
ALTER TABLE `hostel`
  MODIFY `id` int(11) NOT NULL AUTO_INCREMENT;

--
-- AUTO_INCREMENT pour la table `hostel_rooms`
--
ALTER TABLE `hostel_rooms`
  MODIFY `id` int(11) NOT NULL AUTO_INCREMENT;

--
-- AUTO_INCREMENT pour la table `id_card`
--
ALTER TABLE `id_card`
  MODIFY `id` int(11) NOT NULL AUTO_INCREMENT, AUTO_INCREMENT=3;

--
-- AUTO_INCREMENT pour la table `income`
--
ALTER TABLE `income`
  MODIFY `id` int(11) NOT NULL AUTO_INCREMENT;

--
-- AUTO_INCREMENT pour la table `income_head`
--
ALTER TABLE `income_head`
  MODIFY `id` int(11) NOT NULL AUTO_INCREMENT;

--
-- AUTO_INCREMENT pour la table `item`
--
ALTER TABLE `item`
  MODIFY `id` int(11) NOT NULL AUTO_INCREMENT;

--
-- AUTO_INCREMENT pour la table `item_category`
--
ALTER TABLE `item_category`
  MODIFY `id` int(11) NOT NULL AUTO_INCREMENT;

--
-- AUTO_INCREMENT pour la table `item_issue`
--
ALTER TABLE `item_issue`
  MODIFY `id` int(11) NOT NULL AUTO_INCREMENT;

--
-- AUTO_INCREMENT pour la table `item_stock`
--
ALTER TABLE `item_stock`
  MODIFY `id` int(11) NOT NULL AUTO_INCREMENT;

--
-- AUTO_INCREMENT pour la table `item_store`
--
ALTER TABLE `item_store`
  MODIFY `id` int(11) NOT NULL AUTO_INCREMENT;

--
-- AUTO_INCREMENT pour la table `item_supplier`
--
ALTER TABLE `item_supplier`
  MODIFY `id` int(11) NOT NULL AUTO_INCREMENT;

--
-- AUTO_INCREMENT pour la table `languages`
--
ALTER TABLE `languages`
  MODIFY `id` int(11) NOT NULL AUTO_INCREMENT, AUTO_INCREMENT=95;

--
-- AUTO_INCREMENT pour la table `leave_types`
--
ALTER TABLE `leave_types`
  MODIFY `id` int(11) NOT NULL AUTO_INCREMENT;

--
-- AUTO_INCREMENT pour la table `lesson`
--
ALTER TABLE `lesson`
  MODIFY `id` int(11) NOT NULL AUTO_INCREMENT;

--
-- AUTO_INCREMENT pour la table `lesson_plan_forum`
--
ALTER TABLE `lesson_plan_forum`
  MODIFY `id` int(11) NOT NULL AUTO_INCREMENT;

--
-- AUTO_INCREMENT pour la table `libarary_members`
--
ALTER TABLE `libarary_members`
  MODIFY `id` int(11) NOT NULL AUTO_INCREMENT;

--
-- AUTO_INCREMENT pour la table `logs`
--
ALTER TABLE `logs`
  MODIFY `id` int(11) NOT NULL AUTO_INCREMENT, AUTO_INCREMENT=478;

--
-- AUTO_INCREMENT pour la table `mark_divisions`
--
ALTER TABLE `mark_divisions`
  MODIFY `id` int(11) NOT NULL AUTO_INCREMENT;

--
-- AUTO_INCREMENT pour la table `messages`
--
ALTER TABLE `messages`
  MODIFY `id` int(11) NOT NULL AUTO_INCREMENT;

--
-- AUTO_INCREMENT pour la table `notification_roles`
--
ALTER TABLE `notification_roles`
  MODIFY `id` int(11) NOT NULL AUTO_INCREMENT, AUTO_INCREMENT=8;

--
-- AUTO_INCREMENT pour la table `notification_setting`
--
ALTER TABLE `notification_setting`
  MODIFY `id` int(11) NOT NULL AUTO_INCREMENT, AUTO_INCREMENT=38;

--
-- AUTO_INCREMENT pour la table `offline_fees_payments`
--
ALTER TABLE `offline_fees_payments`
  MODIFY `id` int(11) NOT NULL AUTO_INCREMENT;

--
-- AUTO_INCREMENT pour la table `onlineexam`
--
ALTER TABLE `onlineexam`
  MODIFY `id` int(11) NOT NULL AUTO_INCREMENT;

--
-- AUTO_INCREMENT pour la table `onlineexam_attempts`
--
ALTER TABLE `onlineexam_attempts`
  MODIFY `id` int(11) NOT NULL AUTO_INCREMENT;

--
-- AUTO_INCREMENT pour la table `onlineexam_questions`
--
ALTER TABLE `onlineexam_questions`
  MODIFY `id` int(11) NOT NULL AUTO_INCREMENT;

--
-- AUTO_INCREMENT pour la table `onlineexam_students`
--
ALTER TABLE `onlineexam_students`
  MODIFY `id` int(11) NOT NULL AUTO_INCREMENT;

--
-- AUTO_INCREMENT pour la table `onlineexam_student_results`
--
ALTER TABLE `onlineexam_student_results`
  MODIFY `id` int(11) NOT NULL AUTO_INCREMENT;

--
-- AUTO_INCREMENT pour la table `online_admissions`
--
ALTER TABLE `online_admissions`
  MODIFY `id` int(11) NOT NULL AUTO_INCREMENT;

--
-- AUTO_INCREMENT pour la table `online_admission_custom_field_value`
--
ALTER TABLE `online_admission_custom_field_value`
  MODIFY `id` int(11) NOT NULL AUTO_INCREMENT;

--
-- AUTO_INCREMENT pour la table `online_admission_fields`
--
ALTER TABLE `online_admission_fields`
  MODIFY `id` int(11) NOT NULL AUTO_INCREMENT, AUTO_INCREMENT=42;

--
-- AUTO_INCREMENT pour la table `online_admission_payment`
--
ALTER TABLE `online_admission_payment`
  MODIFY `id` int(11) NOT NULL AUTO_INCREMENT;

--
-- AUTO_INCREMENT pour la table `online_courses`
--
ALTER TABLE `online_courses`
  MODIFY `id` int(11) NOT NULL AUTO_INCREMENT;

--
-- AUTO_INCREMENT pour la table `online_course_assignment`
--
ALTER TABLE `online_course_assignment`
  MODIFY `id` int(11) NOT NULL AUTO_INCREMENT;

--
-- AUTO_INCREMENT pour la table `online_course_assignment_evaluation`
--
ALTER TABLE `online_course_assignment_evaluation`
  MODIFY `id` int(11) NOT NULL AUTO_INCREMENT;

--
-- AUTO_INCREMENT pour la table `online_course_assignment_submit`
--
ALTER TABLE `online_course_assignment_submit`
  MODIFY `id` int(11) NOT NULL AUTO_INCREMENT;

--
-- AUTO_INCREMENT pour la table `online_course_certificate_template`
--
ALTER TABLE `online_course_certificate_template`
  MODIFY `id` int(11) NOT NULL AUTO_INCREMENT, AUTO_INCREMENT=5;

--
-- AUTO_INCREMENT pour la table `online_course_class_sections`
--
ALTER TABLE `online_course_class_sections`
  MODIFY `id` int(11) NOT NULL AUTO_INCREMENT;

--
-- AUTO_INCREMENT pour la table `online_course_exam`
--
ALTER TABLE `online_course_exam`
  MODIFY `id` int(11) NOT NULL AUTO_INCREMENT;

--
-- AUTO_INCREMENT pour la table `online_course_exam_attempts`
--
ALTER TABLE `online_course_exam_attempts`
  MODIFY `id` int(11) NOT NULL AUTO_INCREMENT;

--
-- AUTO_INCREMENT pour la table `online_course_exam_marks`
--
ALTER TABLE `online_course_exam_marks`
  MODIFY `id` int(11) NOT NULL AUTO_INCREMENT;

--
-- AUTO_INCREMENT pour la table `online_course_exam_question`
--
ALTER TABLE `online_course_exam_question`
  MODIFY `id` int(11) NOT NULL AUTO_INCREMENT;

--
-- AUTO_INCREMENT pour la table `online_course_exam_result`
--
ALTER TABLE `online_course_exam_result`
  MODIFY `id` int(11) NOT NULL AUTO_INCREMENT;

--
-- AUTO_INCREMENT pour la table `online_course_lesson`
--
ALTER TABLE `online_course_lesson`
  MODIFY `id` int(11) NOT NULL AUTO_INCREMENT;

--
-- AUTO_INCREMENT pour la table `online_course_lesson_attachment`
--
ALTER TABLE `online_course_lesson_attachment`
  MODIFY `id` int(11) NOT NULL AUTO_INCREMENT;

--
-- AUTO_INCREMENT pour la table `online_course_payment`
--
ALTER TABLE `online_course_payment`
  MODIFY `id` int(11) NOT NULL AUTO_INCREMENT;

--
-- AUTO_INCREMENT pour la table `online_course_processing_payment`
--
ALTER TABLE `online_course_processing_payment`
  MODIFY `id` int(11) NOT NULL AUTO_INCREMENT;

--
-- AUTO_INCREMENT pour la table `online_course_quiz`
--
ALTER TABLE `online_course_quiz`
  MODIFY `id` int(11) NOT NULL AUTO_INCREMENT;

--
-- AUTO_INCREMENT pour la table `online_course_section`
--
ALTER TABLE `online_course_section`
  MODIFY `id` int(11) NOT NULL AUTO_INCREMENT;

--
-- AUTO_INCREMENT pour la table `online_course_settings`
--
ALTER TABLE `online_course_settings`
  MODIFY `id` int(11) NOT NULL AUTO_INCREMENT, AUTO_INCREMENT=2;

--
-- AUTO_INCREMENT pour la table `online_course_start_date`
--
ALTER TABLE `online_course_start_date`
  MODIFY `id` int(11) NOT NULL AUTO_INCREMENT;

--
-- AUTO_INCREMENT pour la table `online_course_tag`
--
ALTER TABLE `online_course_tag`
  MODIFY `id` int(11) NOT NULL AUTO_INCREMENT;

--
-- AUTO_INCREMENT pour la table `payment_settings`
--
ALTER TABLE `payment_settings`
  MODIFY `id` int(11) NOT NULL AUTO_INCREMENT;

--
-- AUTO_INCREMENT pour la table `payslip_allowance`
--
ALTER TABLE `payslip_allowance`
  MODIFY `id` int(11) NOT NULL AUTO_INCREMENT, AUTO_INCREMENT=233;

--
-- AUTO_INCREMENT pour la table `permission_category`
--
ALTER TABLE `permission_category`
  MODIFY `id` int(11) NOT NULL AUTO_INCREMENT, AUTO_INCREMENT=15002;

--
-- AUTO_INCREMENT pour la table `permission_group`
--
ALTER TABLE `permission_group`
  MODIFY `id` int(11) NOT NULL AUTO_INCREMENT, AUTO_INCREMENT=1501;

--
-- AUTO_INCREMENT pour la table `permission_student`
--
ALTER TABLE `permission_student`
  MODIFY `id` int(11) NOT NULL AUTO_INCREMENT, AUTO_INCREMENT=901;

--
-- AUTO_INCREMENT pour la table `pickup_point`
--
ALTER TABLE `pickup_point`
  MODIFY `id` int(11) NOT NULL AUTO_INCREMENT, AUTO_INCREMENT=4;

--
-- AUTO_INCREMENT pour la table `print_headerfooter`
--
ALTER TABLE `print_headerfooter`
  MODIFY `id` int(11) NOT NULL AUTO_INCREMENT, AUTO_INCREMENT=7;

--
-- AUTO_INCREMENT pour la table `questions`
--
ALTER TABLE `questions`
  MODIFY `id` int(11) NOT NULL AUTO_INCREMENT;

--
-- AUTO_INCREMENT pour la table `read_notification`
--
ALTER TABLE `read_notification`
  MODIFY `id` int(11) NOT NULL AUTO_INCREMENT, AUTO_INCREMENT=4;

--
-- AUTO_INCREMENT pour la table `reference`
--
ALTER TABLE `reference`
  MODIFY `id` int(11) NOT NULL AUTO_INCREMENT;

--
-- AUTO_INCREMENT pour la table `resume_additional_fields_settings`
--
ALTER TABLE `resume_additional_fields_settings`
  MODIFY `id` int(11) NOT NULL AUTO_INCREMENT, AUTO_INCREMENT=6;

--
-- AUTO_INCREMENT pour la table `resume_settings_fields`
--
ALTER TABLE `resume_settings_fields`
  MODIFY `id` int(11) NOT NULL AUTO_INCREMENT, AUTO_INCREMENT=36;

--
-- AUTO_INCREMENT pour la table `roles`
--
ALTER TABLE `roles`
  MODIFY `id` int(11) NOT NULL AUTO_INCREMENT, AUTO_INCREMENT=9;

--
-- AUTO_INCREMENT pour la table `roles_permissions`
--
ALTER TABLE `roles_permissions`
  MODIFY `id` int(11) NOT NULL AUTO_INCREMENT, AUTO_INCREMENT=2068;

--
-- AUTO_INCREMENT pour la table `room_types`
--
ALTER TABLE `room_types`
  MODIFY `id` int(11) NOT NULL AUTO_INCREMENT;

--
-- AUTO_INCREMENT pour la table `route_pickup_point`
--
ALTER TABLE `route_pickup_point`
  MODIFY `id` int(11) NOT NULL AUTO_INCREMENT, AUTO_INCREMENT=6;

--
-- AUTO_INCREMENT pour la table `school_houses`
--
ALTER TABLE `school_houses`
  MODIFY `id` int(11) NOT NULL AUTO_INCREMENT;

--
-- AUTO_INCREMENT pour la table `sections`
--
ALTER TABLE `sections`
  MODIFY `id` int(11) NOT NULL AUTO_INCREMENT, AUTO_INCREMENT=4;

--
-- AUTO_INCREMENT pour la table `send_notification`
--
ALTER TABLE `send_notification`
  MODIFY `id` int(11) NOT NULL AUTO_INCREMENT, AUTO_INCREMENT=2;

--
-- AUTO_INCREMENT pour la table `sessions`
--
ALTER TABLE `sessions`
  MODIFY `id` int(11) NOT NULL AUTO_INCREMENT, AUTO_INCREMENT=26;

--
-- AUTO_INCREMENT pour la table `share_contents`
--
ALTER TABLE `share_contents`
  MODIFY `id` int(11) NOT NULL AUTO_INCREMENT;

--
-- AUTO_INCREMENT pour la table `share_content_for`
--
ALTER TABLE `share_content_for`
  MODIFY `id` int(11) NOT NULL AUTO_INCREMENT;

--
-- AUTO_INCREMENT pour la table `share_upload_contents`
--
ALTER TABLE `share_upload_contents`
  MODIFY `id` int(11) NOT NULL AUTO_INCREMENT;

--
-- AUTO_INCREMENT pour la table `sidebar_menus`
--
ALTER TABLE `sidebar_menus`
  MODIFY `id` int(11) NOT NULL AUTO_INCREMENT, AUTO_INCREMENT=41;

--
-- AUTO_INCREMENT pour la table `sidebar_sub_menus`
--
ALTER TABLE `sidebar_sub_menus`
  MODIFY `id` int(11) NOT NULL AUTO_INCREMENT, AUTO_INCREMENT=231;

--
-- AUTO_INCREMENT pour la table `sms_config`
--
ALTER TABLE `sms_config`
  MODIFY `id` int(11) NOT NULL AUTO_INCREMENT;

--
-- AUTO_INCREMENT pour la table `sms_template`
--
ALTER TABLE `sms_template`
  MODIFY `id` int(11) NOT NULL AUTO_INCREMENT;

--
-- AUTO_INCREMENT pour la table `source`
--
ALTER TABLE `source`
  MODIFY `id` int(11) NOT NULL AUTO_INCREMENT;

--
-- AUTO_INCREMENT pour la table `staff`
--
ALTER TABLE `staff`
  MODIFY `id` int(11) NOT NULL AUTO_INCREMENT, AUTO_INCREMENT=81;

--
-- AUTO_INCREMENT pour la table `staff_attendance`
--
ALTER TABLE `staff_attendance`
  MODIFY `id` int(11) NOT NULL AUTO_INCREMENT;

--
-- AUTO_INCREMENT pour la table `staff_attendance_type`
--
ALTER TABLE `staff_attendance_type`
  MODIFY `id` int(11) NOT NULL AUTO_INCREMENT, AUTO_INCREMENT=7;

--
-- AUTO_INCREMENT pour la table `staff_attendence_schedules`
--
ALTER TABLE `staff_attendence_schedules`
  MODIFY `id` int(11) NOT NULL AUTO_INCREMENT, AUTO_INCREMENT=15;

--
-- AUTO_INCREMENT pour la table `staff_designation`
--
ALTER TABLE `staff_designation`
  MODIFY `id` int(11) NOT NULL AUTO_INCREMENT;

--
-- AUTO_INCREMENT pour la table `staff_id_card`
--
ALTER TABLE `staff_id_card`
  MODIFY `id` int(11) NOT NULL AUTO_INCREMENT, AUTO_INCREMENT=3;

--
-- AUTO_INCREMENT pour la table `staff_leave_details`
--
ALTER TABLE `staff_leave_details`
  MODIFY `id` int(11) NOT NULL AUTO_INCREMENT;

--
-- AUTO_INCREMENT pour la table `staff_leave_request`
--
ALTER TABLE `staff_leave_request`
  MODIFY `id` int(11) NOT NULL AUTO_INCREMENT;

--
-- AUTO_INCREMENT pour la table `staff_payroll`
--
ALTER TABLE `staff_payroll`
  MODIFY `id` int(11) NOT NULL AUTO_INCREMENT;

--
-- AUTO_INCREMENT pour la table `staff_payslip`
--
ALTER TABLE `staff_payslip`
  MODIFY `id` int(11) NOT NULL AUTO_INCREMENT, AUTO_INCREMENT=221;

--
-- AUTO_INCREMENT pour la table `staff_rating`
--
ALTER TABLE `staff_rating`
  MODIFY `id` int(11) NOT NULL AUTO_INCREMENT;

--
-- AUTO_INCREMENT pour la table `staff_roles`
--
ALTER TABLE `staff_roles`
  MODIFY `id` int(11) NOT NULL AUTO_INCREMENT, AUTO_INCREMENT=40;

--
-- AUTO_INCREMENT pour la table `staff_timeline`
--
ALTER TABLE `staff_timeline`
  MODIFY `id` int(11) NOT NULL AUTO_INCREMENT;

--
-- AUTO_INCREMENT pour la table `students`
--
ALTER TABLE `students`
  MODIFY `id` int(11) NOT NULL AUTO_INCREMENT, AUTO_INCREMENT=212;

--
-- AUTO_INCREMENT pour la table `student_applied_discounts`
--
ALTER TABLE `student_applied_discounts`
  MODIFY `id` int(11) NOT NULL AUTO_INCREMENT, AUTO_INCREMENT=2;

--
-- AUTO_INCREMENT pour la table `student_applyleave`
--
ALTER TABLE `student_applyleave`
  MODIFY `id` int(11) NOT NULL AUTO_INCREMENT;

--
-- AUTO_INCREMENT pour la table `student_attendences`
--
ALTER TABLE `student_attendences`
  MODIFY `id` int(11) NOT NULL AUTO_INCREMENT, AUTO_INCREMENT=2;

--
-- AUTO_INCREMENT pour la table `student_attendence_schedules`
--
ALTER TABLE `student_attendence_schedules`
  MODIFY `id` int(11) NOT NULL AUTO_INCREMENT, AUTO_INCREMENT=37;

--
-- AUTO_INCREMENT pour la table `student_behaviour`
--
ALTER TABLE `student_behaviour`
  MODIFY `id` int(11) NOT NULL AUTO_INCREMENT;

--
-- AUTO_INCREMENT pour la table `student_dashboard_settings`
--
ALTER TABLE `student_dashboard_settings`
  MODIFY `id` int(11) NOT NULL AUTO_INCREMENT, AUTO_INCREMENT=9;

--
-- AUTO_INCREMENT pour la table `student_doc`
--
ALTER TABLE `student_doc`
  MODIFY `id` int(11) NOT NULL AUTO_INCREMENT;

--
-- AUTO_INCREMENT pour la table `student_edit_fields`
--
ALTER TABLE `student_edit_fields`
  MODIFY `id` int(11) NOT NULL AUTO_INCREMENT;

--
-- AUTO_INCREMENT pour la table `student_educational_details`
--
ALTER TABLE `student_educational_details`
  MODIFY `id` int(11) NOT NULL AUTO_INCREMENT;

--
-- AUTO_INCREMENT pour la table `student_fees`
--
ALTER TABLE `student_fees`
  MODIFY `id` int(11) NOT NULL AUTO_INCREMENT;

--
-- AUTO_INCREMENT pour la table `student_fees_deposite`
--
ALTER TABLE `student_fees_deposite`
  MODIFY `id` int(11) NOT NULL AUTO_INCREMENT, AUTO_INCREMENT=51;

--
-- AUTO_INCREMENT pour la table `student_fees_discounts`
--
ALTER TABLE `student_fees_discounts`
  MODIFY `id` int(11) NOT NULL AUTO_INCREMENT, AUTO_INCREMENT=2;

--
-- AUTO_INCREMENT pour la table `student_fees_master`
--
ALTER TABLE `student_fees_master`
  MODIFY `id` int(11) NOT NULL AUTO_INCREMENT, AUTO_INCREMENT=413;

--
-- AUTO_INCREMENT pour la table `student_fees_processing`
--
ALTER TABLE `student_fees_processing`
  MODIFY `id` int(11) NOT NULL AUTO_INCREMENT;

--
-- AUTO_INCREMENT pour la table `student_incidents`
--
ALTER TABLE `student_incidents`
  MODIFY `id` int(11) NOT NULL AUTO_INCREMENT;

--
-- AUTO_INCREMENT pour la table `student_incident_comments`
--
ALTER TABLE `student_incident_comments`
  MODIFY `id` int(11) NOT NULL AUTO_INCREMENT;

--
-- AUTO_INCREMENT pour la table `student_quiz_status`
--
ALTER TABLE `student_quiz_status`
  MODIFY `id` int(11) NOT NULL AUTO_INCREMENT;

--
-- AUTO_INCREMENT pour la table `student_refrence`
--
ALTER TABLE `student_refrence`
  MODIFY `id` int(11) NOT NULL AUTO_INCREMENT;

--
-- AUTO_INCREMENT pour la table `student_session`
--
ALTER TABLE `student_session`
  MODIFY `id` int(11) NOT NULL AUTO_INCREMENT, AUTO_INCREMENT=215;

--
-- AUTO_INCREMENT pour la table `student_skills_detail`
--
ALTER TABLE `student_skills_detail`
  MODIFY `id` int(11) NOT NULL AUTO_INCREMENT;

--
-- AUTO_INCREMENT pour la table `student_subject_attendances`
--
ALTER TABLE `student_subject_attendances`
  MODIFY `id` int(11) NOT NULL AUTO_INCREMENT;

--
-- AUTO_INCREMENT pour la table `student_timeline`
--
ALTER TABLE `student_timeline`
  MODIFY `id` int(11) NOT NULL AUTO_INCREMENT;

--
-- AUTO_INCREMENT pour la table `student_transport_fees`
--
ALTER TABLE `student_transport_fees`
  MODIFY `id` int(11) NOT NULL AUTO_INCREMENT, AUTO_INCREMENT=8;

--
-- AUTO_INCREMENT pour la table `student_work_experience`
--
ALTER TABLE `student_work_experience`
  MODIFY `id` int(11) NOT NULL AUTO_INCREMENT;

--
-- AUTO_INCREMENT pour la table `subjects`
--
ALTER TABLE `subjects`
  MODIFY `id` int(11) NOT NULL AUTO_INCREMENT, AUTO_INCREMENT=13;

--
-- AUTO_INCREMENT pour la table `subject_groups`
--
ALTER TABLE `subject_groups`
  MODIFY `id` int(11) NOT NULL AUTO_INCREMENT, AUTO_INCREMENT=5;

--
-- AUTO_INCREMENT pour la table `subject_group_class_sections`
--
ALTER TABLE `subject_group_class_sections`
  MODIFY `id` int(11) NOT NULL AUTO_INCREMENT, AUTO_INCREMENT=8;

--
-- AUTO_INCREMENT pour la table `subject_group_subjects`
--
ALTER TABLE `subject_group_subjects`
  MODIFY `id` int(11) NOT NULL AUTO_INCREMENT, AUTO_INCREMENT=18;

--
-- AUTO_INCREMENT pour la table `subject_syllabus`
--
ALTER TABLE `subject_syllabus`
  MODIFY `id` int(11) NOT NULL AUTO_INCREMENT;

--
-- AUTO_INCREMENT pour la table `subject_timetable`
--
ALTER TABLE `subject_timetable`
  MODIFY `id` int(11) NOT NULL AUTO_INCREMENT;

--
-- AUTO_INCREMENT pour la table `submit_assignment`
--
ALTER TABLE `submit_assignment`
  MODIFY `id` int(11) NOT NULL AUTO_INCREMENT;

--
-- AUTO_INCREMENT pour la table `template_admitcards`
--
ALTER TABLE `template_admitcards`
  MODIFY `id` int(11) NOT NULL AUTO_INCREMENT, AUTO_INCREMENT=2;

--
-- AUTO_INCREMENT pour la table `template_marksheets`
--
ALTER TABLE `template_marksheets`
  MODIFY `id` int(11) NOT NULL AUTO_INCREMENT, AUTO_INCREMENT=2;

--
-- AUTO_INCREMENT pour la table `thermal_print_settings`
--
ALTER TABLE `thermal_print_settings`
  MODIFY `id` int(11) NOT NULL AUTO_INCREMENT, AUTO_INCREMENT=2;

--
-- AUTO_INCREMENT pour la table `topic`
--
ALTER TABLE `topic`
  MODIFY `id` int(11) NOT NULL AUTO_INCREMENT;

--
-- AUTO_INCREMENT pour la table `transfer_certificate_fields`
--
ALTER TABLE `transfer_certificate_fields`
  MODIFY `id` int(11) NOT NULL AUTO_INCREMENT, AUTO_INCREMENT=42;

--
-- AUTO_INCREMENT pour la table `transfer_certificate_no`
--
ALTER TABLE `transfer_certificate_no`
  MODIFY `id` int(11) NOT NULL AUTO_INCREMENT;

--
-- AUTO_INCREMENT pour la table `transfer_certificate_settings`
--
ALTER TABLE `transfer_certificate_settings`
  MODIFY `id` int(11) NOT NULL AUTO_INCREMENT, AUTO_INCREMENT=2;

--
-- AUTO_INCREMENT pour la table `transport_feemaster`
--
ALTER TABLE `transport_feemaster`
  MODIFY `id` int(11) NOT NULL AUTO_INCREMENT, AUTO_INCREMENT=13;

--
-- AUTO_INCREMENT pour la table `transport_route`
--
ALTER TABLE `transport_route`
  MODIFY `id` int(11) NOT NULL AUTO_INCREMENT, AUTO_INCREMENT=4;

--
-- AUTO_INCREMENT pour la table `upload_contents`
--
ALTER TABLE `upload_contents`
  MODIFY `id` int(11) NOT NULL AUTO_INCREMENT;

--
-- AUTO_INCREMENT pour la table `userlog`
--
ALTER TABLE `userlog`
  MODIFY `id` int(11) NOT NULL AUTO_INCREMENT, AUTO_INCREMENT=131;

--
-- AUTO_INCREMENT pour la table `users`
--
ALTER TABLE `users`
  MODIFY `id` int(11) NOT NULL AUTO_INCREMENT, AUTO_INCREMENT=494;

--
-- AUTO_INCREMENT pour la table `users_authentication`
--
ALTER TABLE `users_authentication`
  MODIFY `id` int(11) NOT NULL AUTO_INCREMENT, AUTO_INCREMENT=11;

--
-- AUTO_INCREMENT pour la table `user_google_authenticate_codes`
--
ALTER TABLE `user_google_authenticate_codes`
  MODIFY `id` int(11) NOT NULL AUTO_INCREMENT;

--
-- AUTO_INCREMENT pour la table `vehicles`
--
ALTER TABLE `vehicles`
  MODIFY `id` int(11) NOT NULL AUTO_INCREMENT, AUTO_INCREMENT=3;

--
-- AUTO_INCREMENT pour la table `vehicle_routes`
--
ALTER TABLE `vehicle_routes`
  MODIFY `id` int(11) NOT NULL AUTO_INCREMENT, AUTO_INCREMENT=4;

--
-- AUTO_INCREMENT pour la table `video_tutorial`
--
ALTER TABLE `video_tutorial`
  MODIFY `id` int(11) NOT NULL AUTO_INCREMENT;

--
-- AUTO_INCREMENT pour la table `video_tutorial_class_sections`
--
ALTER TABLE `video_tutorial_class_sections`
  MODIFY `id` int(11) NOT NULL AUTO_INCREMENT;

--
-- AUTO_INCREMENT pour la table `visitors_book`
--
ALTER TABLE `visitors_book`
  MODIFY `id` int(11) NOT NULL AUTO_INCREMENT;

--
-- AUTO_INCREMENT pour la table `visitors_purpose`
--
ALTER TABLE `visitors_purpose`
  MODIFY `id` int(11) NOT NULL AUTO_INCREMENT;

--
-- AUTO_INCREMENT pour la table `whatsapp_config`
--
ALTER TABLE `whatsapp_config`
  MODIFY `id` int(11) NOT NULL AUTO_INCREMENT, AUTO_INCREMENT=3;

--
-- AUTO_INCREMENT pour la table `zoom_settings`
--
ALTER TABLE `zoom_settings`
  MODIFY `id` int(11) NOT NULL AUTO_INCREMENT, AUTO_INCREMENT=2;

--
-- Contraintes pour les tables déchargées
--

--
-- Contraintes pour la table `addon_versions`
--
ALTER TABLE `addon_versions`
  ADD CONSTRAINT `addon_versions_ibfk_1` FOREIGN KEY (`addon_id`) REFERENCES `addons` (`id`) ON DELETE CASCADE;

--
-- Contraintes pour la table `alumni_events`
--
ALTER TABLE `alumni_events`
  ADD CONSTRAINT `alumni_events_ibfk_1` FOREIGN KEY (`session_id`) REFERENCES `sessions` (`id`) ON DELETE CASCADE,
  ADD CONSTRAINT `alumni_events_ibfk_2` FOREIGN KEY (`class_id`) REFERENCES `classes` (`id`) ON DELETE CASCADE;

--
-- Contraintes pour la table `alumni_students`
--
ALTER TABLE `alumni_students`
  ADD CONSTRAINT `alumni_students_ibfk_1` FOREIGN KEY (`student_id`) REFERENCES `students` (`id`) ON DELETE CASCADE;

--
-- Contraintes pour la table `annual_calendar`
--
ALTER TABLE `annual_calendar`
  ADD CONSTRAINT `annual_calendar_ibfk_1` FOREIGN KEY (`session_id`) REFERENCES `sessions` (`id`);

--
-- Contraintes pour la table `book_issues`
--
ALTER TABLE `book_issues`
  ADD CONSTRAINT `book_issues_ibfk_1` FOREIGN KEY (`book_id`) REFERENCES `books` (`id`) ON DELETE CASCADE,
  ADD CONSTRAINT `book_issues_ibfk_2` FOREIGN KEY (`member_id`) REFERENCES `libarary_members` (`id`) ON DELETE CASCADE;

--
-- Contraintes pour la table `cbse_exams`
--
ALTER TABLE `cbse_exams`
  ADD CONSTRAINT `cbse_exams_ibfk_1` FOREIGN KEY (`cbse_term_id`) REFERENCES `cbse_terms` (`id`) ON DELETE CASCADE,
  ADD CONSTRAINT `cbse_exams_ibfk_2` FOREIGN KEY (`cbse_exam_grade_id`) REFERENCES `cbse_exam_grades` (`id`) ON DELETE CASCADE,
  ADD CONSTRAINT `cbse_exams_ibfk_3` FOREIGN KEY (`cbse_exam_assessment_id`) REFERENCES `cbse_exam_assessments` (`id`) ON DELETE CASCADE,
  ADD CONSTRAINT `cbse_exams_ibfk_4` FOREIGN KEY (`session_id`) REFERENCES `sessions` (`id`) ON DELETE CASCADE;

--
-- Contraintes pour la table `cbse_exam_assessment_types`
--
ALTER TABLE `cbse_exam_assessment_types`
  ADD CONSTRAINT `cbse_exam_assessment_types_ibfk_1` FOREIGN KEY (`cbse_exam_assessment_id`) REFERENCES `cbse_exam_assessments` (`id`) ON DELETE CASCADE;

--
-- Contraintes pour la table `cbse_exam_class_sections`
--
ALTER TABLE `cbse_exam_class_sections`
  ADD CONSTRAINT `cbse_exam_class_sections_ibfk_1` FOREIGN KEY (`class_section_id`) REFERENCES `class_sections` (`id`) ON DELETE CASCADE,
  ADD CONSTRAINT `cbse_exam_class_sections_ibfk_2` FOREIGN KEY (`cbse_exam_id`) REFERENCES `cbse_exams` (`id`) ON DELETE CASCADE;

--
-- Contraintes pour la table `cbse_exam_grades_range`
--
ALTER TABLE `cbse_exam_grades_range`
  ADD CONSTRAINT `cbse_exam_grades_range_ibfk_1` FOREIGN KEY (`cbse_exam_grade_id`) REFERENCES `cbse_exam_grades` (`id`) ON DELETE CASCADE;

--
-- Contraintes pour la table `cbse_exam_students`
--
ALTER TABLE `cbse_exam_students`
  ADD CONSTRAINT `cbse_exam_students_ibfk_1` FOREIGN KEY (`cbse_exam_id`) REFERENCES `cbse_exams` (`id`) ON DELETE CASCADE,
  ADD CONSTRAINT `cbse_exam_students_ibfk_2` FOREIGN KEY (`student_session_id`) REFERENCES `student_session` (`id`) ON DELETE CASCADE;

--
-- Contraintes pour la table `cbse_exam_student_subject_rank`
--
ALTER TABLE `cbse_exam_student_subject_rank`
  ADD CONSTRAINT `cbse_exam_student_subject_rank_ibfk_1` FOREIGN KEY (`cbse_template_id`) REFERENCES `cbse_template` (`id`) ON DELETE CASCADE,
  ADD CONSTRAINT `cbse_exam_student_subject_rank_ibfk_2` FOREIGN KEY (`student_session_id`) REFERENCES `student_session` (`id`) ON DELETE CASCADE,
  ADD CONSTRAINT `cbse_exam_student_subject_rank_ibfk_3` FOREIGN KEY (`subject_id`) REFERENCES `subjects` (`id`) ON DELETE CASCADE;

--
-- Contraintes pour la table `cbse_exam_timetable`
--
ALTER TABLE `cbse_exam_timetable`
  ADD CONSTRAINT `cbse_exam_timetable_ibfk_1` FOREIGN KEY (`cbse_exam_id`) REFERENCES `cbse_exams` (`id`) ON DELETE CASCADE,
  ADD CONSTRAINT `cbse_exam_timetable_ibfk_2` FOREIGN KEY (`subject_id`) REFERENCES `subjects` (`id`) ON DELETE CASCADE;

--
-- Contraintes pour la table `cbse_exam_timetable_assessment_types`
--
ALTER TABLE `cbse_exam_timetable_assessment_types`
  ADD CONSTRAINT `cbse_exam_timetable_assessment_types_ibfk_1` FOREIGN KEY (`cbse_exam_timetable_id`) REFERENCES `cbse_exam_timetable` (`id`) ON DELETE CASCADE,
  ADD CONSTRAINT `cbse_exam_timetable_assessment_types_ibfk_2` FOREIGN KEY (`cbse_exam_assessment_type_id`) REFERENCES `cbse_exam_assessment_types` (`id`) ON DELETE CASCADE;

--
-- Contraintes pour la table `cbse_observation_subparameter`
--
ALTER TABLE `cbse_observation_subparameter`
  ADD CONSTRAINT `cbse_exam_observation_id_ibfk_1` FOREIGN KEY (`cbse_exam_observation_id`) REFERENCES `cbse_exam_observations` (`id`) ON DELETE CASCADE,
  ADD CONSTRAINT `cbse_observation_parameter_id_ibfk_1` FOREIGN KEY (`cbse_observation_parameter_id`) REFERENCES `cbse_observation_parameters` (`id`) ON DELETE CASCADE;

--
-- Contraintes pour la table `cbse_observation_terms`
--
ALTER TABLE `cbse_observation_terms`
  ADD CONSTRAINT `cbse_exam_observations_ibfk_1` FOREIGN KEY (`cbse_exam_observation_id`) REFERENCES `cbse_exam_observations` (`id`) ON DELETE CASCADE,
  ADD CONSTRAINT `cbse_observation_terms_ibfk_2` FOREIGN KEY (`cbse_term_id`) REFERENCES `cbse_terms` (`id`) ON DELETE CASCADE,
  ADD CONSTRAINT `cbse_observation_terms_ibfk_3` FOREIGN KEY (`session_id`) REFERENCES `sessions` (`id`) ON DELETE CASCADE;

--
-- Contraintes pour la table `cbse_observation_term_student_subparameter`
--
ALTER TABLE `cbse_observation_term_student_subparameter`
  ADD CONSTRAINT `cbse_observation_term_student_subparameter_ibfk_1` FOREIGN KEY (`cbse_ovservation_term_id`) REFERENCES `cbse_observation_terms` (`id`) ON DELETE CASCADE,
  ADD CONSTRAINT `cbse_observation_term_student_subparameter_ibfk_2` FOREIGN KEY (`cbse_observation_subparameter_id`) REFERENCES `cbse_observation_subparameter` (`id`) ON DELETE CASCADE,
  ADD CONSTRAINT `cbse_observation_term_student_subparameter_ibfk_3` FOREIGN KEY (`student_session_id`) REFERENCES `student_session` (`id`) ON DELETE CASCADE;

--
-- Contraintes pour la table `cbse_student_exam_ranks`
--
ALTER TABLE `cbse_student_exam_ranks`
  ADD CONSTRAINT `cbse_student_exam_ranks_ibfk_1` FOREIGN KEY (`cbse_exam_id`) REFERENCES `cbse_exams` (`id`) ON DELETE CASCADE,
  ADD CONSTRAINT `cbse_student_exam_ranks_ibfk_2` FOREIGN KEY (`student_session_id`) REFERENCES `student_session` (`id`) ON DELETE CASCADE;

--
-- Contraintes pour la table `cbse_student_subject_marks`
--
ALTER TABLE `cbse_student_subject_marks`
  ADD CONSTRAINT `cbse_exam_timetable_assessment_type_ibfk_4` FOREIGN KEY (`cbse_exam_timetable_assessment_type_id`) REFERENCES `cbse_exam_timetable_assessment_types` (`id`) ON DELETE CASCADE,
  ADD CONSTRAINT `cbse_student_subject_marks_ibfk_1` FOREIGN KEY (`cbse_exam_timetable_id`) REFERENCES `cbse_exam_timetable` (`id`) ON DELETE CASCADE,
  ADD CONSTRAINT `cbse_student_subject_marks_ibfk_2` FOREIGN KEY (`cbse_exam_student_id`) REFERENCES `cbse_exam_students` (`id`) ON DELETE CASCADE,
  ADD CONSTRAINT `cbse_student_subject_marks_ibfk_3` FOREIGN KEY (`cbse_exam_assessment_type_id`) REFERENCES `cbse_exam_assessment_types` (`id`) ON DELETE CASCADE;

--
-- Contraintes pour la table `cbse_student_template_rank`
--
ALTER TABLE `cbse_student_template_rank`
  ADD CONSTRAINT `cbse_student_template_rank_ibfk_1` FOREIGN KEY (`student_session_id`) REFERENCES `student_session` (`id`) ON DELETE CASCADE,
  ADD CONSTRAINT `cbse_student_template_rank_ibfk_2` FOREIGN KEY (`cbse_template_id`) REFERENCES `cbse_template` (`id`) ON DELETE CASCADE;

--
-- Contraintes pour la table `cbse_template`
--
ALTER TABLE `cbse_template`
  ADD CONSTRAINT `cbse_template_ibfk_1` FOREIGN KEY (`gradeexam_id`) REFERENCES `cbse_exams` (`id`) ON DELETE SET NULL,
  ADD CONSTRAINT `cbse_template_ibfk_2` FOREIGN KEY (`remarkexam_id`) REFERENCES `cbse_exams` (`id`) ON DELETE SET NULL,
  ADD CONSTRAINT `cbse_template_ibfk_3` FOREIGN KEY (`session_id`) REFERENCES `sessions` (`id`) ON DELETE CASCADE;

--
-- Contraintes pour la table `cbse_template_class_sections`
--
ALTER TABLE `cbse_template_class_sections`
  ADD CONSTRAINT `cbse_template_class_sections_ibfk_1` FOREIGN KEY (`cbse_template_id`) REFERENCES `cbse_template` (`id`) ON DELETE CASCADE,
  ADD CONSTRAINT `cbse_template_class_sections_ibfk_2` FOREIGN KEY (`class_section_id`) REFERENCES `class_sections` (`id`) ON DELETE CASCADE;

--
-- Contraintes pour la table `cbse_template_terms`
--
ALTER TABLE `cbse_template_terms`
  ADD CONSTRAINT `cbse_template_terms_ibfk_1` FOREIGN KEY (`cbse_template_id`) REFERENCES `cbse_template` (`id`) ON DELETE CASCADE,
  ADD CONSTRAINT `cbse_template_terms_ibfk_2` FOREIGN KEY (`cbse_term_id`) REFERENCES `cbse_terms` (`id`) ON DELETE CASCADE;

--
-- Contraintes pour la table `cbse_template_term_exams`
--
ALTER TABLE `cbse_template_term_exams`
  ADD CONSTRAINT `cbse_template_term_exams_ibfk_1` FOREIGN KEY (`cbse_exam_id`) REFERENCES `cbse_exams` (`id`) ON DELETE CASCADE,
  ADD CONSTRAINT `cbse_template_term_exams_ibfk_2` FOREIGN KEY (`cbse_template_term_id`) REFERENCES `cbse_template_terms` (`id`) ON DELETE CASCADE,
  ADD CONSTRAINT `cbse_template_term_exams_ibfk_4` FOREIGN KEY (`cbse_template_id`) REFERENCES `cbse_template` (`id`) ON DELETE CASCADE;

--
-- Contraintes pour la table `chat_connections`
--
ALTER TABLE `chat_connections`
  ADD CONSTRAINT `chat_connections_ibfk_1` FOREIGN KEY (`chat_user_one`) REFERENCES `chat_users` (`id`) ON DELETE CASCADE,
  ADD CONSTRAINT `chat_connections_ibfk_2` FOREIGN KEY (`chat_user_two`) REFERENCES `chat_users` (`id`) ON DELETE CASCADE;

--
-- Contraintes pour la table `chat_messages`
--
ALTER TABLE `chat_messages`
  ADD CONSTRAINT `chat_messages_ibfk_1` FOREIGN KEY (`chat_user_id`) REFERENCES `chat_users` (`id`) ON DELETE CASCADE,
  ADD CONSTRAINT `chat_messages_ibfk_2` FOREIGN KEY (`chat_connection_id`) REFERENCES `chat_connections` (`id`) ON DELETE CASCADE;

--
-- Contraintes pour la table `chat_users`
--
ALTER TABLE `chat_users`
  ADD CONSTRAINT `chat_users_ibfk_1` FOREIGN KEY (`staff_id`) REFERENCES `staff` (`id`) ON DELETE CASCADE,
  ADD CONSTRAINT `chat_users_ibfk_2` FOREIGN KEY (`student_id`) REFERENCES `students` (`id`) ON DELETE CASCADE,
  ADD CONSTRAINT `chat_users_ibfk_3` FOREIGN KEY (`create_staff_id`) REFERENCES `staff` (`id`) ON DELETE CASCADE,
  ADD CONSTRAINT `chat_users_ibfk_4` FOREIGN KEY (`create_student_id`) REFERENCES `students` (`id`) ON DELETE CASCADE;

--
-- Contraintes pour la table `class_sections`
--
ALTER TABLE `class_sections`
  ADD CONSTRAINT `class_sections_ibfk_1` FOREIGN KEY (`class_id`) REFERENCES `classes` (`id`) ON DELETE CASCADE,
  ADD CONSTRAINT `class_sections_ibfk_2` FOREIGN KEY (`section_id`) REFERENCES `sections` (`id`) ON DELETE CASCADE;

--
-- Contraintes pour la table `class_section_times`
--
ALTER TABLE `class_section_times`
  ADD CONSTRAINT `class_section_times_ibfk_1` FOREIGN KEY (`class_section_id`) REFERENCES `class_sections` (`id`) ON DELETE CASCADE;

--
-- Contraintes pour la table `class_teacher`
--
ALTER TABLE `class_teacher`
  ADD CONSTRAINT `class_teacher_ibfk_1` FOREIGN KEY (`class_id`) REFERENCES `classes` (`id`) ON DELETE CASCADE,
  ADD CONSTRAINT `class_teacher_ibfk_2` FOREIGN KEY (`section_id`) REFERENCES `sections` (`id`) ON DELETE CASCADE,
  ADD CONSTRAINT `class_teacher_ibfk_3` FOREIGN KEY (`session_id`) REFERENCES `sessions` (`id`) ON DELETE CASCADE,
  ADD CONSTRAINT `class_teacher_ibfk_4` FOREIGN KEY (`staff_id`) REFERENCES `staff` (`id`) ON DELETE CASCADE;

--
-- Contraintes pour la table `conferences`
--
ALTER TABLE `conferences`
  ADD CONSTRAINT `conferences_ibfk_1` FOREIGN KEY (`staff_id`) REFERENCES `staff` (`id`) ON DELETE CASCADE,
  ADD CONSTRAINT `conferences_ibfk_2` FOREIGN KEY (`created_id`) REFERENCES `staff` (`id`) ON DELETE CASCADE;

--
-- Contraintes pour la table `conferences_history`
--
ALTER TABLE `conferences_history`
  ADD CONSTRAINT `conferences_history_ibfk_1` FOREIGN KEY (`conference_id`) REFERENCES `conferences` (`id`) ON DELETE CASCADE,
  ADD CONSTRAINT `conferences_history_ibfk_2` FOREIGN KEY (`staff_id`) REFERENCES `staff` (`id`) ON DELETE CASCADE,
  ADD CONSTRAINT `conferences_history_ibfk_3` FOREIGN KEY (`student_id`) REFERENCES `students` (`id`) ON DELETE CASCADE;

--
-- Contraintes pour la table `conference_sections`
--
ALTER TABLE `conference_sections`
  ADD CONSTRAINT `conference_sections_ibfk_1` FOREIGN KEY (`conference_id`) REFERENCES `conferences` (`id`) ON DELETE CASCADE,
  ADD CONSTRAINT `conference_sections_ibfk_2` FOREIGN KEY (`cls_section_id`) REFERENCES `class_sections` (`id`) ON DELETE CASCADE;

--
-- Contraintes pour la table `conference_staff`
--
ALTER TABLE `conference_staff`
  ADD CONSTRAINT `conference_staff_ibfk_1` FOREIGN KEY (`conference_id`) REFERENCES `conferences` (`id`) ON DELETE CASCADE,
  ADD CONSTRAINT `conference_staff_ibfk_2` FOREIGN KEY (`staff_id`) REFERENCES `staff` (`id`) ON DELETE CASCADE;

--
-- Contraintes pour la table `contents`
--
ALTER TABLE `contents`
  ADD CONSTRAINT `contents_ibfk_1` FOREIGN KEY (`created_by`) REFERENCES `staff` (`id`) ON DELETE CASCADE,
  ADD CONSTRAINT `contents_ibfk_2` FOREIGN KEY (`class_id`) REFERENCES `classes` (`id`) ON DELETE CASCADE,
  ADD CONSTRAINT `contents_ibfk_3` FOREIGN KEY (`cls_sec_id`) REFERENCES `class_sections` (`id`) ON DELETE CASCADE;

--
-- Contraintes pour la table `content_for`
--
ALTER TABLE `content_for`
  ADD CONSTRAINT `content_for_ibfk_1` FOREIGN KEY (`content_id`) REFERENCES `contents` (`id`) ON DELETE CASCADE,
  ADD CONSTRAINT `content_for_ibfk_2` FOREIGN KEY (`user_id`) REFERENCES `users` (`id`) ON DELETE CASCADE;

--
-- Contraintes pour la table `course_lesson_quiz_order`
--
ALTER TABLE `course_lesson_quiz_order`
  ADD CONSTRAINT `course_lesson_quiz_order_ibfk_1` FOREIGN KEY (`course_section_id`) REFERENCES `online_course_section` (`id`);

--
-- Contraintes pour la table `course_progress`
--
ALTER TABLE `course_progress`
  ADD CONSTRAINT `course_progress_ibfk_1` FOREIGN KEY (`course_id`) REFERENCES `online_courses` (`id`) ON DELETE CASCADE,
  ADD CONSTRAINT `course_progress_ibfk_2` FOREIGN KEY (`student_id`) REFERENCES `students` (`id`) ON DELETE CASCADE,
  ADD CONSTRAINT `course_progress_ibfk_3` FOREIGN KEY (`course_section_id`) REFERENCES `online_course_section` (`id`) ON DELETE CASCADE;

--
-- Contraintes pour la table `course_quiz_answer`
--
ALTER TABLE `course_quiz_answer`
  ADD CONSTRAINT `course_quiz_answer_ibfk_1` FOREIGN KEY (`student_id`) REFERENCES `students` (`id`) ON DELETE CASCADE,
  ADD CONSTRAINT `course_quiz_answer_ibfk_2` FOREIGN KEY (`course_quiz_id`) REFERENCES `online_course_quiz` (`id`) ON DELETE CASCADE,
  ADD CONSTRAINT `course_quiz_answer_ibfk_3` FOREIGN KEY (`course_quiz_question_id`) REFERENCES `course_quiz_question` (`id`) ON DELETE CASCADE;

--
-- Contraintes pour la table `course_quiz_question`
--
ALTER TABLE `course_quiz_question`
  ADD CONSTRAINT `course_quiz_question_ibfk_1` FOREIGN KEY (`course_quiz_id`) REFERENCES `online_course_quiz` (`id`);

--
-- Contraintes pour la table `custom_field_values`
--
ALTER TABLE `custom_field_values`
  ADD CONSTRAINT `custom_field_values_ibfk_1` FOREIGN KEY (`custom_field_id`) REFERENCES `custom_fields` (`id`) ON DELETE CASCADE;

--
-- Contraintes pour la table `daily_assignment`
--
ALTER TABLE `daily_assignment`
  ADD CONSTRAINT `daily_assignment_ibfk_1` FOREIGN KEY (`student_session_id`) REFERENCES `student_session` (`id`) ON DELETE CASCADE,
  ADD CONSTRAINT `daily_assignment_ibfk_2` FOREIGN KEY (`evaluated_by`) REFERENCES `staff` (`id`) ON DELETE CASCADE,
  ADD CONSTRAINT `daily_assignment_ibfk_3` FOREIGN KEY (`subject_group_subject_id`) REFERENCES `subject_group_subjects` (`id`) ON DELETE CASCADE;

--
-- Contraintes pour la table `email_attachments`
--
ALTER TABLE `email_attachments`
  ADD CONSTRAINT `email_attachments_ibfk_1` FOREIGN KEY (`message_id`) REFERENCES `messages` (`id`) ON DELETE CASCADE;

--
-- Contraintes pour la table `enquiry`
--
ALTER TABLE `enquiry`
  ADD CONSTRAINT `enquiry_ibfk_2` FOREIGN KEY (`created_by`) REFERENCES `staff` (`id`) ON DELETE CASCADE,
  ADD CONSTRAINT `enquiry_ibfk_3` FOREIGN KEY (`assigned`) REFERENCES `staff` (`id`) ON DELETE CASCADE,
  ADD CONSTRAINT `enquiry_ibfk_4` FOREIGN KEY (`class_id`) REFERENCES `classes` (`id`) ON DELETE CASCADE;

--
-- Contraintes pour la table `events`
--
ALTER TABLE `events`
  ADD CONSTRAINT `events_ibfk_1` FOREIGN KEY (`role_id`) REFERENCES `roles` (`id`) ON DELETE CASCADE;

--
-- Contraintes pour la table `exams`
--
ALTER TABLE `exams`
  ADD CONSTRAINT `exams_ibfk_1` FOREIGN KEY (`sesion_id`) REFERENCES `sessions` (`id`) ON DELETE CASCADE;

--
-- Contraintes pour la table `exam_group_class_batch_exams`
--
ALTER TABLE `exam_group_class_batch_exams`
  ADD CONSTRAINT `exam_group_class_batch_exams_ibfk_1` FOREIGN KEY (`exam_group_id`) REFERENCES `exam_groups` (`id`) ON DELETE CASCADE,
  ADD CONSTRAINT `exam_group_class_batch_exams_ibfk_2` FOREIGN KEY (`session_id`) REFERENCES `sessions` (`id`) ON DELETE CASCADE;

--
-- Contraintes pour la table `exam_group_class_batch_exam_students`
--
ALTER TABLE `exam_group_class_batch_exam_students`
  ADD CONSTRAINT `exam_group_class_batch_exam_students_ibfk_1` FOREIGN KEY (`exam_group_class_batch_exam_id`) REFERENCES `exam_group_class_batch_exams` (`id`) ON DELETE CASCADE,
  ADD CONSTRAINT `exam_group_class_batch_exam_students_ibfk_2` FOREIGN KEY (`student_id`) REFERENCES `students` (`id`) ON DELETE CASCADE,
  ADD CONSTRAINT `exam_group_class_batch_exam_students_ibfk_3` FOREIGN KEY (`student_session_id`) REFERENCES `student_session` (`id`) ON DELETE CASCADE;

--
-- Contraintes pour la table `exam_group_class_batch_exam_subjects`
--
ALTER TABLE `exam_group_class_batch_exam_subjects`
  ADD CONSTRAINT `exam_group_class_batch_exam_subjects_ibfk_1` FOREIGN KEY (`exam_group_class_batch_exams_id`) REFERENCES `exam_group_class_batch_exams` (`id`) ON DELETE CASCADE,
  ADD CONSTRAINT `exam_group_class_batch_exam_subjects_ibfk_2` FOREIGN KEY (`subject_id`) REFERENCES `subjects` (`id`) ON DELETE CASCADE;

--
-- Contraintes pour la table `exam_group_exam_connections`
--
ALTER TABLE `exam_group_exam_connections`
  ADD CONSTRAINT `exam_group_exam_connections_ibfk_1` FOREIGN KEY (`exam_group_id`) REFERENCES `exam_groups` (`id`) ON DELETE CASCADE,
  ADD CONSTRAINT `exam_group_exam_connections_ibfk_2` FOREIGN KEY (`exam_group_class_batch_exams_id`) REFERENCES `exam_group_class_batch_exams` (`id`) ON DELETE CASCADE;

--
-- Contraintes pour la table `exam_group_exam_results`
--
ALTER TABLE `exam_group_exam_results`
  ADD CONSTRAINT `exam_group_exam_results_ibfk_1` FOREIGN KEY (`exam_group_class_batch_exam_subject_id`) REFERENCES `exam_group_class_batch_exam_subjects` (`id`) ON DELETE CASCADE,
  ADD CONSTRAINT `exam_group_exam_results_ibfk_2` FOREIGN KEY (`exam_group_student_id`) REFERENCES `exam_group_students` (`id`) ON DELETE CASCADE,
  ADD CONSTRAINT `exam_group_exam_results_ibfk_3` FOREIGN KEY (`exam_group_class_batch_exam_student_id`) REFERENCES `exam_group_class_batch_exam_students` (`id`) ON DELETE CASCADE;

--
-- Contraintes pour la table `exam_group_students`
--
ALTER TABLE `exam_group_students`
  ADD CONSTRAINT `exam_group_students_ibfk_1` FOREIGN KEY (`exam_group_id`) REFERENCES `exam_groups` (`id`) ON DELETE CASCADE,
  ADD CONSTRAINT `exam_group_students_ibfk_2` FOREIGN KEY (`student_id`) REFERENCES `students` (`id`) ON DELETE CASCADE,
  ADD CONSTRAINT `exam_group_students_ibfk_3` FOREIGN KEY (`student_session_id`) REFERENCES `student_session` (`id`) ON DELETE CASCADE;

--
-- Contraintes pour la table `exam_schedules`
--
ALTER TABLE `exam_schedules`
  ADD CONSTRAINT `exam_schedules_ibfk_1` FOREIGN KEY (`session_id`) REFERENCES `sessions` (`id`) ON DELETE CASCADE,
  ADD CONSTRAINT `exam_schedules_ibfk_2` FOREIGN KEY (`exam_id`) REFERENCES `exams` (`id`) ON DELETE CASCADE;

--
-- Contraintes pour la table `expenses`
--
ALTER TABLE `expenses`
  ADD CONSTRAINT `expenses_ibfk_1` FOREIGN KEY (`exp_head_id`) REFERENCES `expense_head` (`id`) ON DELETE CASCADE;

--
-- Contraintes pour la table `feemasters`
--
ALTER TABLE `feemasters`
  ADD CONSTRAINT `feemasters_ibfk_1` FOREIGN KEY (`session_id`) REFERENCES `sessions` (`id`) ON DELETE CASCADE,
  ADD CONSTRAINT `feemasters_ibfk_2` FOREIGN KEY (`feetype_id`) REFERENCES `feetype` (`id`) ON DELETE CASCADE,
  ADD CONSTRAINT `feemasters_ibfk_3` FOREIGN KEY (`class_id`) REFERENCES `classes` (`id`) ON DELETE CASCADE;

--
-- Contraintes pour la table `fees_discounts`
--
ALTER TABLE `fees_discounts`
  ADD CONSTRAINT `fees_discounts_ibfk_1` FOREIGN KEY (`session_id`) REFERENCES `sessions` (`id`) ON DELETE CASCADE;

--
-- Contraintes pour la table `fee_groups_feetype`
--
ALTER TABLE `fee_groups_feetype`
  ADD CONSTRAINT `fee_groups_feetype_ibfk_1` FOREIGN KEY (`fee_session_group_id`) REFERENCES `fee_session_groups` (`id`) ON DELETE CASCADE,
  ADD CONSTRAINT `fee_groups_feetype_ibfk_2` FOREIGN KEY (`fee_groups_id`) REFERENCES `fee_groups` (`id`) ON DELETE CASCADE,
  ADD CONSTRAINT `fee_groups_feetype_ibfk_3` FOREIGN KEY (`feetype_id`) REFERENCES `feetype` (`id`) ON DELETE CASCADE,
  ADD CONSTRAINT `fee_groups_feetype_ibfk_4` FOREIGN KEY (`session_id`) REFERENCES `sessions` (`id`) ON DELETE CASCADE;

--
-- Contraintes pour la table `fee_session_groups`
--
ALTER TABLE `fee_session_groups`
  ADD CONSTRAINT `fee_session_groups_ibfk_1` FOREIGN KEY (`fee_groups_id`) REFERENCES `fee_groups` (`id`) ON DELETE CASCADE,
  ADD CONSTRAINT `fee_session_groups_ibfk_2` FOREIGN KEY (`session_id`) REFERENCES `sessions` (`id`) ON DELETE CASCADE;

--
-- Contraintes pour la table `follow_up`
--
ALTER TABLE `follow_up`
  ADD CONSTRAINT `follow_up_ibfk_1` FOREIGN KEY (`enquiry_id`) REFERENCES `enquiry` (`id`) ON DELETE CASCADE,
  ADD CONSTRAINT `follow_up_ibfk_2` FOREIGN KEY (`followup_by`) REFERENCES `staff` (`id`) ON DELETE CASCADE;

--
-- Contraintes pour la table `front_cms_menu_items`
--
ALTER TABLE `front_cms_menu_items`
  ADD CONSTRAINT `front_cms_menu_items_ibfk_1` FOREIGN KEY (`menu_id`) REFERENCES `front_cms_menus` (`id`) ON DELETE CASCADE;

--
-- Contraintes pour la table `front_cms_page_contents`
--
ALTER TABLE `front_cms_page_contents`
  ADD CONSTRAINT `front_cms_page_contents_ibfk_1` FOREIGN KEY (`page_id`) REFERENCES `front_cms_pages` (`id`) ON DELETE CASCADE;

--
-- Contraintes pour la table `front_cms_program_photos`
--
ALTER TABLE `front_cms_program_photos`
  ADD CONSTRAINT `front_cms_program_photos_ibfk_1` FOREIGN KEY (`program_id`) REFERENCES `front_cms_programs` (`id`) ON DELETE CASCADE;

--
-- Contraintes pour la table `gateway_ins`
--
ALTER TABLE `gateway_ins`
  ADD CONSTRAINT `gateway_ins_ibfk_1` FOREIGN KEY (`online_admission_id`) REFERENCES `online_admissions` (`id`) ON DELETE CASCADE;

--
-- Contraintes pour la table `gateway_ins_response`
--
ALTER TABLE `gateway_ins_response`
  ADD CONSTRAINT `gateway_ins_response_ibfk_1` FOREIGN KEY (`gateway_ins_id`) REFERENCES `gateway_ins` (`id`) ON DELETE CASCADE;

--
-- Contraintes pour la table `gmeet`
--
ALTER TABLE `gmeet`
  ADD CONSTRAINT `gmeet_ibfk_1` FOREIGN KEY (`staff_id`) REFERENCES `staff` (`id`) ON DELETE CASCADE,
  ADD CONSTRAINT `gmeet_ibfk_2` FOREIGN KEY (`created_id`) REFERENCES `staff` (`id`) ON DELETE CASCADE,
  ADD CONSTRAINT `gmeet_ibfk_3` FOREIGN KEY (`session_id`) REFERENCES `sessions` (`id`) ON DELETE CASCADE;

--
-- Contraintes pour la table `gmeet_history`
--
ALTER TABLE `gmeet_history`
  ADD CONSTRAINT `gmeet_history_ibfk_1` FOREIGN KEY (`gmeet_id`) REFERENCES `gmeet` (`id`) ON DELETE CASCADE,
  ADD CONSTRAINT `gmeet_history_ibfk_2` FOREIGN KEY (`staff_id`) REFERENCES `staff` (`id`) ON DELETE CASCADE,
  ADD CONSTRAINT `gmeet_history_ibfk_3` FOREIGN KEY (`student_id`) REFERENCES `students` (`id`) ON DELETE CASCADE;

--
-- Contraintes pour la table `gmeet_sections`
--
ALTER TABLE `gmeet_sections`
  ADD CONSTRAINT `gmeet_sections_ibfk_1` FOREIGN KEY (`cls_section_id`) REFERENCES `class_sections` (`id`) ON DELETE CASCADE,
  ADD CONSTRAINT `gmeet_sections_ibfk_2` FOREIGN KEY (`gmeet_id`) REFERENCES `gmeet` (`id`) ON DELETE CASCADE;

--
-- Contraintes pour la table `gmeet_staff`
--
ALTER TABLE `gmeet_staff`
  ADD CONSTRAINT `gmeet_staff_ibfk_1` FOREIGN KEY (`gmeet_id`) REFERENCES `gmeet` (`id`) ON DELETE CASCADE,
  ADD CONSTRAINT `gmeet_staff_ibfk_2` FOREIGN KEY (`staff_id`) REFERENCES `staff` (`id`) ON DELETE CASCADE;

--
-- Contraintes pour la table `homework`
--
ALTER TABLE `homework`
  ADD CONSTRAINT `homework_ibfk_1` FOREIGN KEY (`subject_group_subject_id`) REFERENCES `subject_group_subjects` (`id`) ON DELETE CASCADE,
  ADD CONSTRAINT `homework_ibfk_2` FOREIGN KEY (`class_id`) REFERENCES `classes` (`id`) ON DELETE CASCADE,
  ADD CONSTRAINT `homework_ibfk_3` FOREIGN KEY (`section_id`) REFERENCES `sections` (`id`) ON DELETE CASCADE,
  ADD CONSTRAINT `homework_ibfk_4` FOREIGN KEY (`session_id`) REFERENCES `sessions` (`id`) ON DELETE CASCADE,
  ADD CONSTRAINT `homework_ibfk_5` FOREIGN KEY (`staff_id`) REFERENCES `staff` (`id`) ON DELETE CASCADE,
  ADD CONSTRAINT `homework_ibfk_6` FOREIGN KEY (`subject_id`) REFERENCES `subjects` (`id`) ON DELETE CASCADE,
  ADD CONSTRAINT `homework_ibfk_7` FOREIGN KEY (`evaluated_by`) REFERENCES `staff` (`id`) ON DELETE CASCADE,
  ADD CONSTRAINT `homework_ibfk_8` FOREIGN KEY (`created_by`) REFERENCES `staff` (`id`) ON DELETE CASCADE;

--
-- Contraintes pour la table `homework_evaluation`
--
ALTER TABLE `homework_evaluation`
  ADD CONSTRAINT `homework_evaluation_ibfk_1` FOREIGN KEY (`homework_id`) REFERENCES `homework` (`id`) ON DELETE CASCADE,
  ADD CONSTRAINT `homework_evaluation_ibfk_2` FOREIGN KEY (`student_id`) REFERENCES `students` (`id`) ON DELETE CASCADE,
  ADD CONSTRAINT `homework_evaluation_ibfk_3` FOREIGN KEY (`student_session_id`) REFERENCES `student_session` (`id`) ON DELETE CASCADE;

--
-- Contraintes pour la table `hostel_rooms`
--
ALTER TABLE `hostel_rooms`
  ADD CONSTRAINT `hostel_rooms_ibfk_1` FOREIGN KEY (`hostel_id`) REFERENCES `hostel` (`id`) ON DELETE CASCADE,
  ADD CONSTRAINT `hostel_rooms_ibfk_2` FOREIGN KEY (`room_type_id`) REFERENCES `room_types` (`id`) ON DELETE CASCADE;

--
-- Contraintes pour la table `income`
--
ALTER TABLE `income`
  ADD CONSTRAINT `income_ibfk_1` FOREIGN KEY (`income_head_id`) REFERENCES `income_head` (`id`) ON DELETE CASCADE;

--
-- Contraintes pour la table `item`
--
ALTER TABLE `item`
  ADD CONSTRAINT `item_ibfk_1` FOREIGN KEY (`item_category_id`) REFERENCES `item_category` (`id`) ON DELETE CASCADE,
  ADD CONSTRAINT `item_ibfk_2` FOREIGN KEY (`item_store_id`) REFERENCES `item_store` (`id`) ON DELETE CASCADE,
  ADD CONSTRAINT `item_ibfk_3` FOREIGN KEY (`item_supplier_id`) REFERENCES `item_supplier` (`id`) ON DELETE CASCADE;

--
-- Contraintes pour la table `item_issue`
--
ALTER TABLE `item_issue`
  ADD CONSTRAINT `item_issue_ibfk_1` FOREIGN KEY (`item_id`) REFERENCES `item` (`id`) ON DELETE CASCADE,
  ADD CONSTRAINT `item_issue_ibfk_2` FOREIGN KEY (`item_category_id`) REFERENCES `item_category` (`id`) ON DELETE CASCADE,
  ADD CONSTRAINT `item_issue_ibfk_3` FOREIGN KEY (`issue_to`) REFERENCES `staff` (`id`) ON DELETE CASCADE,
  ADD CONSTRAINT `item_issue_ibfk_4` FOREIGN KEY (`issue_by`) REFERENCES `staff` (`id`) ON DELETE CASCADE;

--
-- Contraintes pour la table `item_stock`
--
ALTER TABLE `item_stock`
  ADD CONSTRAINT `item_stock_ibfk_1` FOREIGN KEY (`item_id`) REFERENCES `item` (`id`) ON DELETE CASCADE,
  ADD CONSTRAINT `item_stock_ibfk_2` FOREIGN KEY (`supplier_id`) REFERENCES `item_supplier` (`id`) ON DELETE CASCADE,
  ADD CONSTRAINT `item_stock_ibfk_3` FOREIGN KEY (`store_id`) REFERENCES `item_store` (`id`) ON DELETE CASCADE;

--
-- Contraintes pour la table `lesson`
--
ALTER TABLE `lesson`
  ADD CONSTRAINT `lesson_ibfk_1` FOREIGN KEY (`session_id`) REFERENCES `sessions` (`id`) ON DELETE CASCADE,
  ADD CONSTRAINT `lesson_ibfk_2` FOREIGN KEY (`subject_group_subject_id`) REFERENCES `subject_group_subjects` (`id`) ON DELETE CASCADE,
  ADD CONSTRAINT `lesson_ibfk_3` FOREIGN KEY (`subject_group_class_sections_id`) REFERENCES `subject_group_class_sections` (`id`) ON DELETE CASCADE;

--
-- Contraintes pour la table `lesson_plan_forum`
--
ALTER TABLE `lesson_plan_forum`
  ADD CONSTRAINT `lesson_plan_forum_ibfk_1` FOREIGN KEY (`subject_syllabus_id`) REFERENCES `subject_syllabus` (`id`) ON DELETE CASCADE,
  ADD CONSTRAINT `lesson_plan_forum_ibfk_2` FOREIGN KEY (`student_id`) REFERENCES `students` (`id`) ON DELETE CASCADE,
  ADD CONSTRAINT `lesson_plan_forum_ibfk_3` FOREIGN KEY (`staff_id`) REFERENCES `staff` (`id`) ON DELETE CASCADE;

--
-- Contraintes pour la table `notification_roles`
--
ALTER TABLE `notification_roles`
  ADD CONSTRAINT `notification_roles_ibfk_1` FOREIGN KEY (`send_notification_id`) REFERENCES `send_notification` (`id`) ON DELETE CASCADE,
  ADD CONSTRAINT `notification_roles_ibfk_2` FOREIGN KEY (`role_id`) REFERENCES `roles` (`id`) ON DELETE CASCADE;

--
-- Contraintes pour la table `offline_fees_payments`
--
ALTER TABLE `offline_fees_payments`
  ADD CONSTRAINT `offline_fees_payments_ibfk_1` FOREIGN KEY (`student_fees_master_id`) REFERENCES `student_fees_master` (`id`) ON DELETE CASCADE,
  ADD CONSTRAINT `offline_fees_payments_ibfk_2` FOREIGN KEY (`fee_groups_feetype_id`) REFERENCES `fee_groups_feetype` (`id`) ON DELETE CASCADE,
  ADD CONSTRAINT `offline_fees_payments_ibfk_3` FOREIGN KEY (`student_transport_fee_id`) REFERENCES `student_transport_fees` (`id`) ON DELETE CASCADE,
  ADD CONSTRAINT `offline_fees_payments_ibfk_4` FOREIGN KEY (`approved_by`) REFERENCES `staff` (`id`) ON DELETE CASCADE,
  ADD CONSTRAINT `offline_fees_payments_ibfk_5` FOREIGN KEY (`student_session_id`) REFERENCES `student_session` (`id`) ON DELETE CASCADE;

--
-- Contraintes pour la table `onlineexam`
--
ALTER TABLE `onlineexam`
  ADD CONSTRAINT `onlineexam_ibfk_1` FOREIGN KEY (`session_id`) REFERENCES `sessions` (`id`) ON DELETE CASCADE;

--
-- Contraintes pour la table `onlineexam_attempts`
--
ALTER TABLE `onlineexam_attempts`
  ADD CONSTRAINT `onlineexam_attempts_ibfk_1` FOREIGN KEY (`onlineexam_student_id`) REFERENCES `onlineexam_students` (`id`) ON DELETE CASCADE;

--
-- Contraintes pour la table `onlineexam_questions`
--
ALTER TABLE `onlineexam_questions`
  ADD CONSTRAINT `onlineexam_questions_ibfk_1` FOREIGN KEY (`onlineexam_id`) REFERENCES `onlineexam` (`id`) ON DELETE CASCADE,
  ADD CONSTRAINT `onlineexam_questions_ibfk_2` FOREIGN KEY (`question_id`) REFERENCES `questions` (`id`) ON DELETE CASCADE,
  ADD CONSTRAINT `onlineexam_questions_ibfk_3` FOREIGN KEY (`session_id`) REFERENCES `sessions` (`id`) ON DELETE CASCADE;

--
-- Contraintes pour la table `onlineexam_students`
--
ALTER TABLE `onlineexam_students`
  ADD CONSTRAINT `onlineexam_students_ibfk_1` FOREIGN KEY (`onlineexam_id`) REFERENCES `onlineexam` (`id`) ON DELETE CASCADE,
  ADD CONSTRAINT `onlineexam_students_ibfk_2` FOREIGN KEY (`student_session_id`) REFERENCES `student_session` (`id`) ON DELETE CASCADE;

--
-- Contraintes pour la table `onlineexam_student_results`
--
ALTER TABLE `onlineexam_student_results`
  ADD CONSTRAINT `onlineexam_student_results_ibfk_1` FOREIGN KEY (`onlineexam_student_id`) REFERENCES `onlineexam_students` (`id`) ON DELETE CASCADE,
  ADD CONSTRAINT `onlineexam_student_results_ibfk_2` FOREIGN KEY (`onlineexam_question_id`) REFERENCES `onlineexam_questions` (`id`) ON DELETE CASCADE;

--
-- Contraintes pour la table `online_admissions`
--
ALTER TABLE `online_admissions`
  ADD CONSTRAINT `online_admissions_ibfk_1` FOREIGN KEY (`class_section_id`) REFERENCES `class_sections` (`id`) ON DELETE CASCADE,
  ADD CONSTRAINT `online_admissions_ibfk_2` FOREIGN KEY (`category_id`) REFERENCES `categories` (`id`) ON DELETE CASCADE,
  ADD CONSTRAINT `online_admissions_ibfk_3` FOREIGN KEY (`hostel_room_id`) REFERENCES `hostel_rooms` (`id`) ON DELETE CASCADE,
  ADD CONSTRAINT `online_admissions_ibfk_4` FOREIGN KEY (`school_house_id`) REFERENCES `school_houses` (`id`) ON DELETE CASCADE;

--
-- Contraintes pour la table `online_admission_custom_field_value`
--
ALTER TABLE `online_admission_custom_field_value`
  ADD CONSTRAINT `online_admission_custom_field_value_ibfk_1` FOREIGN KEY (`custom_field_id`) REFERENCES `custom_fields` (`id`) ON DELETE CASCADE;

--
-- Contraintes pour la table `online_admission_payment`
--
ALTER TABLE `online_admission_payment`
  ADD CONSTRAINT `online_admission_payment_ibfk_1` FOREIGN KEY (`online_admission_id`) REFERENCES `online_admissions` (`id`) ON DELETE CASCADE;

--
-- Contraintes pour la table `online_courses`
--
ALTER TABLE `online_courses`
  ADD CONSTRAINT `online_courses_ibfk_1` FOREIGN KEY (`created_by`) REFERENCES `staff` (`id`) ON DELETE CASCADE;

--
-- Contraintes pour la table `online_course_assignment_evaluation`
--
ALTER TABLE `online_course_assignment_evaluation`
  ADD CONSTRAINT `online_course_assignment_evaluation_ibfk_1` FOREIGN KEY (`assignment_id`) REFERENCES `online_course_assignment` (`id`) ON DELETE CASCADE;

--
-- Contraintes pour la table `online_course_assignment_submit`
--
ALTER TABLE `online_course_assignment_submit`
  ADD CONSTRAINT `online_course_assignment_submit_ibfk_1` FOREIGN KEY (`assignment_id`) REFERENCES `online_course_assignment` (`id`) ON DELETE CASCADE;

--
-- Contraintes pour la table `online_course_class_sections`
--
ALTER TABLE `online_course_class_sections`
  ADD CONSTRAINT `online_course_class_sections_ibfk_1` FOREIGN KEY (`course_id`) REFERENCES `online_courses` (`id`),
  ADD CONSTRAINT `online_course_class_sections_ibfk_2` FOREIGN KEY (`class_section_id`) REFERENCES `class_sections` (`id`);

--
-- Contraintes pour la table `online_course_exam`
--
ALTER TABLE `online_course_exam`
  ADD CONSTRAINT `online_course_exam_ibfk_1` FOREIGN KEY (`course_id`) REFERENCES `online_courses` (`id`) ON DELETE CASCADE;

--
-- Contraintes pour la table `online_course_exam_attempts`
--
ALTER TABLE `online_course_exam_attempts`
  ADD CONSTRAINT `online_course_exam_attempts_ibfk_1` FOREIGN KEY (`exam_id`) REFERENCES `online_course_exam` (`id`) ON DELETE CASCADE;

--
-- Contraintes pour la table `online_course_exam_marks`
--
ALTER TABLE `online_course_exam_marks`
  ADD CONSTRAINT `online_course_exam_marks_ibfk_1` FOREIGN KEY (`online_course_exam_id`) REFERENCES `online_course_exam` (`id`) ON DELETE CASCADE;

--
-- Contraintes pour la table `online_course_exam_question`
--
ALTER TABLE `online_course_exam_question`
  ADD CONSTRAINT `online_course_exam_question_ibfk_1` FOREIGN KEY (`question_tag`) REFERENCES `online_course_tag` (`id`) ON DELETE CASCADE;

--
-- Contraintes pour la table `online_course_lesson`
--
ALTER TABLE `online_course_lesson`
  ADD CONSTRAINT `online_course_lesson_ibfk_1` FOREIGN KEY (`course_section_id`) REFERENCES `online_course_section` (`id`);

--
-- Contraintes pour la table `online_course_lesson_attachment`
--
ALTER TABLE `online_course_lesson_attachment`
  ADD CONSTRAINT `online_course_lesson_attachment_ibfk_1` FOREIGN KEY (`lesson_id`) REFERENCES `online_course_lesson` (`id`) ON DELETE CASCADE;

--
-- Contraintes pour la table `online_course_quiz`
--
ALTER TABLE `online_course_quiz`
  ADD CONSTRAINT `online_course_quiz_ibfk_1` FOREIGN KEY (`course_section_id`) REFERENCES `online_course_section` (`id`),
  ADD CONSTRAINT `online_course_quiz_ibfk_2` FOREIGN KEY (`created_by`) REFERENCES `staff` (`id`) ON DELETE CASCADE;

--
-- Contraintes pour la table `online_course_section`
--
ALTER TABLE `online_course_section`
  ADD CONSTRAINT `online_course_section_ibfk_1` FOREIGN KEY (`online_course_id`) REFERENCES `online_courses` (`id`);

--
-- Contraintes pour la table `payslip_allowance`
--
ALTER TABLE `payslip_allowance`
  ADD CONSTRAINT `payslip_allowance_ibfk_1` FOREIGN KEY (`staff_id`) REFERENCES `staff` (`id`) ON DELETE CASCADE,
  ADD CONSTRAINT `payslip_allowance_ibfk_2` FOREIGN KEY (`payslip_id`) REFERENCES `staff_payslip` (`id`) ON DELETE CASCADE;

--
-- Contraintes pour la table `permission_category`
--
ALTER TABLE `permission_category`
  ADD CONSTRAINT `permission_category_ibfk_1` FOREIGN KEY (`perm_group_id`) REFERENCES `permission_group` (`id`) ON DELETE CASCADE;

--
-- Contraintes pour la table `permission_student`
--
ALTER TABLE `permission_student`
  ADD CONSTRAINT `permission_student_ibfk_1` FOREIGN KEY (`group_id`) REFERENCES `permission_group` (`id`) ON DELETE CASCADE;

--
-- Contraintes pour la table `questions`
--
ALTER TABLE `questions`
  ADD CONSTRAINT `questions_ibfk_1` FOREIGN KEY (`subject_id`) REFERENCES `subjects` (`id`) ON DELETE CASCADE,
  ADD CONSTRAINT `questions_ibfk_2` FOREIGN KEY (`staff_id`) REFERENCES `staff` (`id`) ON DELETE CASCADE,
  ADD CONSTRAINT `questions_ibfk_3` FOREIGN KEY (`subject_id`) REFERENCES `subjects` (`id`) ON DELETE CASCADE,
  ADD CONSTRAINT `questions_ibfk_4` FOREIGN KEY (`class_id`) REFERENCES `classes` (`id`) ON DELETE CASCADE,
  ADD CONSTRAINT `questions_ibfk_5` FOREIGN KEY (`section_id`) REFERENCES `sections` (`id`) ON DELETE CASCADE,
  ADD CONSTRAINT `questions_ibfk_6` FOREIGN KEY (`class_section_id`) REFERENCES `class_sections` (`id`) ON DELETE CASCADE;

--
-- Contraintes pour la table `read_notification`
--
ALTER TABLE `read_notification`
  ADD CONSTRAINT `read_notification_ibfk_1` FOREIGN KEY (`notification_id`) REFERENCES `send_notification` (`id`) ON DELETE CASCADE,
  ADD CONSTRAINT `read_notification_ibfk_2` FOREIGN KEY (`staff_id`) REFERENCES `staff` (`id`) ON DELETE CASCADE,
  ADD CONSTRAINT `read_notification_ibfk_3` FOREIGN KEY (`student_id`) REFERENCES `students` (`id`) ON DELETE CASCADE;

--
-- Contraintes pour la table `roles_permissions`
--
ALTER TABLE `roles_permissions`
  ADD CONSTRAINT `roles_permissions_ibfk_1` FOREIGN KEY (`role_id`) REFERENCES `roles` (`id`) ON DELETE CASCADE,
  ADD CONSTRAINT `roles_permissions_ibfk_2` FOREIGN KEY (`perm_cat_id`) REFERENCES `permission_category` (`id`) ON DELETE CASCADE;

--
-- Contraintes pour la table `route_pickup_point`
--
ALTER TABLE `route_pickup_point`
  ADD CONSTRAINT `route_pickup_point_ibfk_1` FOREIGN KEY (`transport_route_id`) REFERENCES `transport_route` (`id`) ON DELETE CASCADE,
  ADD CONSTRAINT `route_pickup_point_ibfk_2` FOREIGN KEY (`pickup_point_id`) REFERENCES `pickup_point` (`id`) ON DELETE CASCADE;

--
-- Contraintes pour la table `send_notification`
--
ALTER TABLE `send_notification`
  ADD CONSTRAINT `send_notification_ibfk_1` FOREIGN KEY (`created_id`) REFERENCES `staff` (`id`) ON DELETE CASCADE;

--
-- Contraintes pour la table `share_contents`
--
ALTER TABLE `share_contents`
  ADD CONSTRAINT `share_contents_ibfk_1` FOREIGN KEY (`created_by`) REFERENCES `staff` (`id`) ON DELETE CASCADE;

--
-- Contraintes pour la table `share_content_for`
--
ALTER TABLE `share_content_for`
  ADD CONSTRAINT `share_content_for_ibfk_1` FOREIGN KEY (`share_content_id`) REFERENCES `share_contents` (`id`) ON DELETE CASCADE,
  ADD CONSTRAINT `share_content_for_ibfk_2` FOREIGN KEY (`student_id`) REFERENCES `students` (`id`),
  ADD CONSTRAINT `share_content_for_ibfk_3` FOREIGN KEY (`staff_id`) REFERENCES `staff` (`id`),
  ADD CONSTRAINT `share_content_for_ibfk_4` FOREIGN KEY (`class_section_id`) REFERENCES `class_sections` (`id`),
  ADD CONSTRAINT `share_content_for_ibfk_5` FOREIGN KEY (`user_parent_id`) REFERENCES `users` (`id`);

--
-- Contraintes pour la table `share_upload_contents`
--
ALTER TABLE `share_upload_contents`
  ADD CONSTRAINT `share_upload_contents_ibfk_1` FOREIGN KEY (`upload_content_id`) REFERENCES `upload_contents` (`id`) ON DELETE CASCADE,
  ADD CONSTRAINT `share_upload_contents_ibfk_2` FOREIGN KEY (`share_content_id`) REFERENCES `share_contents` (`id`) ON DELETE CASCADE;

--
-- Contraintes pour la table `sidebar_menus`
--
ALTER TABLE `sidebar_menus`
  ADD CONSTRAINT `sidebar_menus_ibfk_1` FOREIGN KEY (`permission_group_id`) REFERENCES `permission_group` (`id`) ON DELETE SET NULL;

--
-- Contraintes pour la table `sidebar_sub_menus`
--
ALTER TABLE `sidebar_sub_menus`
  ADD CONSTRAINT `sidebar_sub_menus_ibfk_1` FOREIGN KEY (`sidebar_menu_id`) REFERENCES `sidebar_menus` (`id`) ON DELETE CASCADE,
  ADD CONSTRAINT `sidebar_sub_menus_ibfk_2` FOREIGN KEY (`permission_group_id`) REFERENCES `permission_group` (`id`) ON DELETE SET NULL;

--
-- Contraintes pour la table `staff`
--
ALTER TABLE `staff`
  ADD CONSTRAINT `staff_ibfk_1` FOREIGN KEY (`designation`) REFERENCES `staff_designation` (`id`) ON DELETE CASCADE,
  ADD CONSTRAINT `staff_ibfk_2` FOREIGN KEY (`department`) REFERENCES `department` (`id`) ON DELETE CASCADE;

--
-- Contraintes pour la table `staff_attendance`
--
ALTER TABLE `staff_attendance`
  ADD CONSTRAINT `FK_staff_attendance_staff` FOREIGN KEY (`staff_id`) REFERENCES `staff` (`id`) ON DELETE CASCADE,
  ADD CONSTRAINT `FK_staff_attendance_staff_attendance_type` FOREIGN KEY (`staff_attendance_type_id`) REFERENCES `staff_attendance_type` (`id`) ON DELETE CASCADE;

--
-- Contraintes pour la table `staff_leave_details`
--
ALTER TABLE `staff_leave_details`
  ADD CONSTRAINT `FK_staff_leave_details_leave_types` FOREIGN KEY (`leave_type_id`) REFERENCES `leave_types` (`id`) ON DELETE CASCADE,
  ADD CONSTRAINT `FK_staff_leave_details_staff` FOREIGN KEY (`staff_id`) REFERENCES `staff` (`id`) ON DELETE CASCADE;

--
-- Contraintes pour la table `staff_leave_request`
--
ALTER TABLE `staff_leave_request`
  ADD CONSTRAINT `FK_staff_leave_request_staff` FOREIGN KEY (`staff_id`) REFERENCES `staff` (`id`) ON DELETE CASCADE,
  ADD CONSTRAINT `staff_leave_request_ibfk_1` FOREIGN KEY (`applied_by`) REFERENCES `staff` (`id`) ON DELETE CASCADE,
  ADD CONSTRAINT `staff_leave_request_ibfk_2` FOREIGN KEY (`leave_type_id`) REFERENCES `leave_types` (`id`) ON DELETE CASCADE;

--
-- Contraintes pour la table `staff_payslip`
--
ALTER TABLE `staff_payslip`
  ADD CONSTRAINT `FK_staff_payslip_staff` FOREIGN KEY (`staff_id`) REFERENCES `staff` (`id`) ON DELETE CASCADE;

--
-- Contraintes pour la table `staff_rating`
--
ALTER TABLE `staff_rating`
  ADD CONSTRAINT `FK_staff_rating_staff` FOREIGN KEY (`staff_id`) REFERENCES `staff` (`id`) ON DELETE CASCADE;

--
-- Contraintes pour la table `staff_roles`
--
ALTER TABLE `staff_roles`
  ADD CONSTRAINT `FK_staff_roles_roles` FOREIGN KEY (`role_id`) REFERENCES `roles` (`id`) ON DELETE CASCADE,
  ADD CONSTRAINT `FK_staff_roles_staff` FOREIGN KEY (`staff_id`) REFERENCES `staff` (`id`) ON DELETE CASCADE;

--
-- Contraintes pour la table `staff_timeline`
--
ALTER TABLE `staff_timeline`
  ADD CONSTRAINT `FK_staff_timeline_staff` FOREIGN KEY (`staff_id`) REFERENCES `staff` (`id`) ON DELETE CASCADE;

--
-- Contraintes pour la table `student_applied_discounts`
--
ALTER TABLE `student_applied_discounts`
  ADD CONSTRAINT `student_applied_discounts_ibfk_1` FOREIGN KEY (`student_fees_deposite_id`) REFERENCES `student_fees_deposite` (`id`) ON DELETE CASCADE,
  ADD CONSTRAINT `student_applied_discounts_ibfk_2` FOREIGN KEY (`student_fees_discount_id`) REFERENCES `student_fees_discounts` (`id`) ON DELETE CASCADE;

--
-- Contraintes pour la table `student_applyleave`
--
ALTER TABLE `student_applyleave`
  ADD CONSTRAINT `student_applyleave_ibfk_1` FOREIGN KEY (`student_session_id`) REFERENCES `student_session` (`id`) ON DELETE CASCADE,
  ADD CONSTRAINT `student_applyleave_ibfk_2` FOREIGN KEY (`approve_by`) REFERENCES `staff` (`id`) ON DELETE CASCADE;

--
-- Contraintes pour la table `student_attendences`
--
ALTER TABLE `student_attendences`
  ADD CONSTRAINT `student_attendences_ibfk_1` FOREIGN KEY (`attendence_type_id`) REFERENCES `attendence_type` (`id`) ON DELETE CASCADE,
  ADD CONSTRAINT `student_attendences_ibfk_2` FOREIGN KEY (`student_session_id`) REFERENCES `student_session` (`id`) ON DELETE CASCADE;

--
-- Contraintes pour la table `student_fees`
--
ALTER TABLE `student_fees`
  ADD CONSTRAINT `student_fees_ibfk_1` FOREIGN KEY (`feemaster_id`) REFERENCES `feemasters` (`id`) ON DELETE CASCADE,
  ADD CONSTRAINT `student_fees_ibfk_2` FOREIGN KEY (`student_session_id`) REFERENCES `student_session` (`id`) ON DELETE CASCADE;

--
-- Contraintes pour la table `student_fees_deposite`
--
ALTER TABLE `student_fees_deposite`
  ADD CONSTRAINT `student_fees_deposite_ibfk_1` FOREIGN KEY (`student_transport_fee_id`) REFERENCES `student_transport_fees` (`id`) ON DELETE CASCADE,
  ADD CONSTRAINT `student_fees_deposite_ibfk_2` FOREIGN KEY (`student_fees_master_id`) REFERENCES `student_fees_master` (`id`) ON DELETE CASCADE,
  ADD CONSTRAINT `student_fees_deposite_ibfk_3` FOREIGN KEY (`fee_groups_feetype_id`) REFERENCES `fee_groups_feetype` (`id`) ON DELETE CASCADE;

--
-- Contraintes pour la table `student_fees_discounts`
--
ALTER TABLE `student_fees_discounts`
  ADD CONSTRAINT `student_fees_discounts_ibfk_1` FOREIGN KEY (`fees_discount_id`) REFERENCES `fees_discounts` (`id`) ON DELETE CASCADE,
  ADD CONSTRAINT `student_fees_discounts_ibfk_2` FOREIGN KEY (`student_session_id`) REFERENCES `student_session` (`id`) ON DELETE CASCADE;

--
-- Contraintes pour la table `student_fees_master`
--
ALTER TABLE `student_fees_master`
  ADD CONSTRAINT `student_fees_master_ibfk_1` FOREIGN KEY (`fee_session_group_id`) REFERENCES `fee_session_groups` (`id`) ON DELETE CASCADE,
  ADD CONSTRAINT `student_fees_master_ibfk_2` FOREIGN KEY (`student_session_id`) REFERENCES `student_session` (`id`) ON DELETE CASCADE;

--
-- Contraintes pour la table `student_fees_processing`
--
ALTER TABLE `student_fees_processing`
  ADD CONSTRAINT `student_fees_processing_ibfk_1` FOREIGN KEY (`student_fees_master_id`) REFERENCES `student_fees_master` (`id`) ON DELETE CASCADE,
  ADD CONSTRAINT `student_fees_processing_ibfk_2` FOREIGN KEY (`student_transport_fee_id`) REFERENCES `student_transport_fees` (`id`) ON DELETE CASCADE,
  ADD CONSTRAINT `student_fees_processing_ibfk_3` FOREIGN KEY (`fee_groups_feetype_id`) REFERENCES `fee_groups_feetype` (`id`) ON DELETE CASCADE,
  ADD CONSTRAINT `student_fees_processing_ibfk_4` FOREIGN KEY (`gateway_ins_id`) REFERENCES `gateway_ins` (`id`) ON DELETE CASCADE;

--
-- Contraintes pour la table `student_incidents`
--
ALTER TABLE `student_incidents`
  ADD CONSTRAINT `student_incidents_ibfk_1` FOREIGN KEY (`student_id`) REFERENCES `students` (`id`) ON DELETE CASCADE,
  ADD CONSTRAINT `student_incidents_ibfk_2` FOREIGN KEY (`incident_id`) REFERENCES `student_behaviour` (`id`) ON DELETE CASCADE;

--
-- Contraintes pour la table `student_incident_comments`
--
ALTER TABLE `student_incident_comments`
  ADD CONSTRAINT `student_incident_comments_ibfk_1` FOREIGN KEY (`student_incident_id`) REFERENCES `student_incidents` (`id`) ON DELETE CASCADE;

--
-- Contraintes pour la table `student_quiz_status`
--
ALTER TABLE `student_quiz_status`
  ADD CONSTRAINT `student_quiz_status_ibfk_1` FOREIGN KEY (`student_id`) REFERENCES `students` (`id`) ON DELETE CASCADE,
  ADD CONSTRAINT `student_quiz_status_ibfk_2` FOREIGN KEY (`course_quiz_id`) REFERENCES `online_course_quiz` (`id`) ON DELETE CASCADE;

--
-- Contraintes pour la table `student_session`
--
ALTER TABLE `student_session`
  ADD CONSTRAINT `student_session_ibfk_1` FOREIGN KEY (`session_id`) REFERENCES `sessions` (`id`) ON DELETE CASCADE,
  ADD CONSTRAINT `student_session_ibfk_2` FOREIGN KEY (`student_id`) REFERENCES `students` (`id`) ON DELETE CASCADE,
  ADD CONSTRAINT `student_session_ibfk_3` FOREIGN KEY (`class_id`) REFERENCES `classes` (`id`) ON DELETE CASCADE,
  ADD CONSTRAINT `student_session_ibfk_4` FOREIGN KEY (`section_id`) REFERENCES `sections` (`id`) ON DELETE CASCADE,
  ADD CONSTRAINT `student_session_ibfk_5` FOREIGN KEY (`vehroute_id`) REFERENCES `vehicle_routes` (`id`) ON DELETE SET NULL,
  ADD CONSTRAINT `student_session_ibfk_6` FOREIGN KEY (`route_pickup_point_id`) REFERENCES `route_pickup_point` (`id`) ON DELETE SET NULL,
  ADD CONSTRAINT `student_session_ibfk_7` FOREIGN KEY (`hostel_room_id`) REFERENCES `hostel_rooms` (`id`) ON DELETE SET NULL;

--
-- Contraintes pour la table `student_subject_attendances`
--
ALTER TABLE `student_subject_attendances`
  ADD CONSTRAINT `student_subject_attendances_ibfk_1` FOREIGN KEY (`attendence_type_id`) REFERENCES `attendence_type` (`id`) ON DELETE CASCADE,
  ADD CONSTRAINT `student_subject_attendances_ibfk_2` FOREIGN KEY (`student_session_id`) REFERENCES `student_session` (`id`) ON DELETE CASCADE,
  ADD CONSTRAINT `student_subject_attendances_ibfk_3` FOREIGN KEY (`subject_timetable_id`) REFERENCES `subject_timetable` (`id`) ON DELETE CASCADE;

--
-- Contraintes pour la table `student_timeline`
--
ALTER TABLE `student_timeline`
  ADD CONSTRAINT `student_timeline_ibfk_1` FOREIGN KEY (`student_id`) REFERENCES `students` (`id`) ON DELETE CASCADE;

--
-- Contraintes pour la table `student_transport_fees`
--
ALTER TABLE `student_transport_fees`
  ADD CONSTRAINT `student_transport_fees_ibfk_1` FOREIGN KEY (`student_session_id`) REFERENCES `student_session` (`id`) ON DELETE CASCADE,
  ADD CONSTRAINT `student_transport_fees_ibfk_2` FOREIGN KEY (`route_pickup_point_id`) REFERENCES `route_pickup_point` (`id`) ON DELETE CASCADE,
  ADD CONSTRAINT `student_transport_fees_ibfk_3` FOREIGN KEY (`transport_feemaster_id`) REFERENCES `transport_feemaster` (`id`) ON DELETE CASCADE;

--
-- Contraintes pour la table `subject_groups`
--
ALTER TABLE `subject_groups`
  ADD CONSTRAINT `subject_groups_ibfk_1` FOREIGN KEY (`session_id`) REFERENCES `sessions` (`id`) ON DELETE CASCADE;

--
-- Contraintes pour la table `subject_group_class_sections`
--
ALTER TABLE `subject_group_class_sections`
  ADD CONSTRAINT `subject_group_class_sections_ibfk_1` FOREIGN KEY (`class_section_id`) REFERENCES `class_sections` (`id`) ON DELETE CASCADE,
  ADD CONSTRAINT `subject_group_class_sections_ibfk_2` FOREIGN KEY (`subject_group_id`) REFERENCES `subject_groups` (`id`) ON DELETE CASCADE,
  ADD CONSTRAINT `subject_group_class_sections_ibfk_3` FOREIGN KEY (`session_id`) REFERENCES `sessions` (`id`) ON DELETE CASCADE;

--
-- Contraintes pour la table `subject_group_subjects`
--
ALTER TABLE `subject_group_subjects`
  ADD CONSTRAINT `subject_group_subjects_ibfk_1` FOREIGN KEY (`subject_group_id`) REFERENCES `subject_groups` (`id`) ON DELETE CASCADE,
  ADD CONSTRAINT `subject_group_subjects_ibfk_2` FOREIGN KEY (`session_id`) REFERENCES `sessions` (`id`) ON DELETE CASCADE,
  ADD CONSTRAINT `subject_group_subjects_ibfk_3` FOREIGN KEY (`subject_id`) REFERENCES `subjects` (`id`) ON DELETE CASCADE;

--
-- Contraintes pour la table `subject_syllabus`
--
ALTER TABLE `subject_syllabus`
  ADD CONSTRAINT `subject_syllabus_ibfk_1` FOREIGN KEY (`topic_id`) REFERENCES `topic` (`id`) ON DELETE CASCADE,
  ADD CONSTRAINT `subject_syllabus_ibfk_2` FOREIGN KEY (`session_id`) REFERENCES `sessions` (`id`) ON DELETE CASCADE,
  ADD CONSTRAINT `subject_syllabus_ibfk_3` FOREIGN KEY (`created_by`) REFERENCES `staff` (`id`) ON DELETE CASCADE,
  ADD CONSTRAINT `subject_syllabus_ibfk_4` FOREIGN KEY (`created_for`) REFERENCES `staff` (`id`) ON DELETE CASCADE;

--
-- Contraintes pour la table `subject_timetable`
--
ALTER TABLE `subject_timetable`
  ADD CONSTRAINT `subject_timetable_ibfk_1` FOREIGN KEY (`class_id`) REFERENCES `classes` (`id`) ON DELETE CASCADE,
  ADD CONSTRAINT `subject_timetable_ibfk_2` FOREIGN KEY (`section_id`) REFERENCES `sections` (`id`) ON DELETE CASCADE,
  ADD CONSTRAINT `subject_timetable_ibfk_3` FOREIGN KEY (`subject_group_id`) REFERENCES `subject_groups` (`id`) ON DELETE CASCADE,
  ADD CONSTRAINT `subject_timetable_ibfk_4` FOREIGN KEY (`subject_group_subject_id`) REFERENCES `subject_group_subjects` (`id`) ON DELETE CASCADE,
  ADD CONSTRAINT `subject_timetable_ibfk_5` FOREIGN KEY (`staff_id`) REFERENCES `staff` (`id`) ON DELETE CASCADE,
  ADD CONSTRAINT `subject_timetable_ibfk_6` FOREIGN KEY (`session_id`) REFERENCES `sessions` (`id`) ON DELETE CASCADE;

--
-- Contraintes pour la table `submit_assignment`
--
ALTER TABLE `submit_assignment`
  ADD CONSTRAINT `submit_assignment_ibfk_1` FOREIGN KEY (`student_id`) REFERENCES `students` (`id`) ON DELETE CASCADE,
  ADD CONSTRAINT `submit_assignment_ibfk_2` FOREIGN KEY (`homework_id`) REFERENCES `homework` (`id`) ON DELETE CASCADE;

--
-- Contraintes pour la table `topic`
--
ALTER TABLE `topic`
  ADD CONSTRAINT `topic_ibfk_1` FOREIGN KEY (`session_id`) REFERENCES `sessions` (`id`) ON DELETE CASCADE,
  ADD CONSTRAINT `topic_ibfk_2` FOREIGN KEY (`lesson_id`) REFERENCES `lesson` (`id`) ON DELETE CASCADE;

--
-- Contraintes pour la table `transport_feemaster`
--
ALTER TABLE `transport_feemaster`
  ADD CONSTRAINT `transport_feemaster_ibfk_1` FOREIGN KEY (`session_id`) REFERENCES `sessions` (`id`) ON DELETE CASCADE;

--
-- Contraintes pour la table `upload_contents`
--
ALTER TABLE `upload_contents`
  ADD CONSTRAINT `upload_contents_ibfk_1` FOREIGN KEY (`upload_by`) REFERENCES `staff` (`id`) ON DELETE CASCADE,
  ADD CONSTRAINT `upload_contents_ibfk_2` FOREIGN KEY (`content_type_id`) REFERENCES `content_types` (`id`) ON DELETE CASCADE;

--
-- Contraintes pour la table `userlog`
--
ALTER TABLE `userlog`
  ADD CONSTRAINT `userlog_ibfk_1` FOREIGN KEY (`class_section_id`) REFERENCES `class_sections` (`id`) ON DELETE CASCADE;

--
-- Contraintes pour la table `user_google_authenticate_codes`
--
ALTER TABLE `user_google_authenticate_codes`
  ADD CONSTRAINT `user_google_authenticate_codes_ibfk_1` FOREIGN KEY (`user_id`) REFERENCES `users` (`id`) ON DELETE CASCADE,
  ADD CONSTRAINT `user_google_authenticate_codes_ibfk_2` FOREIGN KEY (`staff_id`) REFERENCES `staff` (`id`) ON DELETE CASCADE;

--
-- Contraintes pour la table `vehicle_routes`
--
ALTER TABLE `vehicle_routes`
  ADD CONSTRAINT `vehicle_routes_ibfk_1` FOREIGN KEY (`route_id`) REFERENCES `transport_route` (`id`) ON DELETE CASCADE,
  ADD CONSTRAINT `vehicle_routes_ibfk_2` FOREIGN KEY (`vehicle_id`) REFERENCES `vehicles` (`id`) ON DELETE CASCADE;

--
-- Contraintes pour la table `video_tutorial`
--
ALTER TABLE `video_tutorial`
  ADD CONSTRAINT `video_tutorial_ibfk_1` FOREIGN KEY (`created_by`) REFERENCES `staff` (`id`) ON DELETE CASCADE;

--
-- Contraintes pour la table `video_tutorial_class_sections`
--
ALTER TABLE `video_tutorial_class_sections`
  ADD CONSTRAINT `video_tutorial_class_sections_ibfk_1` FOREIGN KEY (`class_section_id`) REFERENCES `class_sections` (`id`) ON DELETE CASCADE,
  ADD CONSTRAINT `video_tutorial_class_sections_ibfk_2` FOREIGN KEY (`video_tutorial_id`) REFERENCES `video_tutorial` (`id`) ON DELETE CASCADE;

--
-- Contraintes pour la table `visitors_book`
--
ALTER TABLE `visitors_book`
  ADD CONSTRAINT `visitors_book_ibfk_1` FOREIGN KEY (`staff_id`) REFERENCES `staff` (`id`) ON DELETE CASCADE,
  ADD CONSTRAINT `visitors_book_ibfk_2` FOREIGN KEY (`student_session_id`) REFERENCES `student_session` (`id`) ON DELETE CASCADE;
COMMIT;

/*!40101 SET CHARACTER_SET_CLIENT=@OLD_CHARACTER_SET_CLIENT */;
/*!40101 SET CHARACTER_SET_RESULTS=@OLD_CHARACTER_SET_RESULTS */;
/*!40101 SET COLLATION_CONNECTION=@OLD_COLLATION_CONNECTION */;
